period,mean,median,std,count
0,484.0,359.167,349.622,16
1,483.833,359.0,349.622,16
2,483.667,358.833,349.622,16
3,483.5,358.667,349.622,16
4,483.333,358.5,349.622,16
5,483.167,358.333,349.622,16
6,483.0,358.167,349.622,16
7,482.833,358.0,349.622,16
8,482.667,357.833,349.622,16
9,482.5,357.667,349.622,16
10,482.333,357.5,349.622,16
11,482.167,357.333,349.622,16
12,482.0,357.167,349.622,16
13,481.833,357.0,349.622,16
14,481.667,356.833,349.622,16
15,481.5,356.667,349.622,16
16,481.333,356.5,349.622,16
17,481.167,356.333,349.622,16
18,481.0,356.167,349.622,16
19,480.833,356.0,349.622,16
20,480.667,355.833,349.622,16
21,480.5,355.667,349.622,16
22,480.333,355.5,349.622,16
23,480.167,355.333,349.622,16
24,480.0,355.167,349.622,16
25,479.833,355.0,349.622,16
26,479.667,354.833,349.622,16
27,479.5,354.667,349.622,16
28,479.333,354.5,349.622,16
29,479.167,354.333,349.622,16
30,479.0,354.167,349.622,16
31,478.833,354.0,349.622,16
32,478.667,353.833,349.622,16
33,478.5,353.667,349.622,16
34,478.333,353.5,349.622,16
35,478.167,353.333,349.622,16
36,478.0,353.167,349.622,16
37,477.833,353.0,349.622,16
38,477.667,352.833,349.622,16
39,477.5,352.667,349.622,16
40,477.333,352.5,349.622,16
41,477.167,352.333,349.622,16
42,477.0,352.167,349.622,16
43,476.833,352.0,349.622,16
44,476.667,351.833,349.622,16
45,476.5,351.667,349.622,16
46,476.333,351.5,349.622,16
47,476.167,351.333,349.622,16
48,476.0,351.167,349.622,16
49,475.833,351.0,349.622,16
50,475.667,350.833,349.622,16
51,475.5,350.667,349.622,16
52,475.333,350.5,349.622,16
53,475.167,350.333,349.622,16
54,475.0,350.167,349.622,16
55,474.833,350.0,349.622,16
56,474.667,349.833,349.622,16
57,474.5,349.667,349.622,16
58,474.333,349.5,349.622,16
59,474.167,349.333,349.622,16
60,474.0,349.167,349.622,16
61,473.833,349.0,349.622,16
62,473.667,348.833,349.622,16
63,473.5,348.667,349.622,16
64,473.333,348.5,349.622,16
65,473.167,348.333,349.622,16
66,473.0,348.167,349.622,16
67,472.833,348.0,349.622,16
68,472.667,347.833,349.622,16
69,472.5,347.667,349.622,16
70,472.333,347.5,349.622,16
71,472.167,347.333,349.622,16
72,472.0,347.167,349.622,16
73,471.833,347.0,349.622,16
74,471.667,346.833,349.622,16
75,471.5,346.667,349.622,16
76,471.333,346.5,349.622,16
77,471.167,346.333,349.622,16
78,471.0,346.167,349.622,16
79,470.833,346.0,349.622,16
80,470.667,345.833,349.622,16
81,470.5,345.667,349.622,16
82,470.333,345.5,349.622,16
83,470.167,345.333,349.622,16
84,470.0,345.167,349.622,16
85,469.833,345.0,349.622,16
86,469.667,344.833,349.622,16
87,469.5,344.667,349.622,16
88,469.333,344.5,349.622,16
89,469.167,344.333,349.622,16
90,469.0,344.167,349.622,16
91,468.833,344.0,349.622,16
92,468.667,343.833,349.622,16
93,468.5,343.667,349.622,16
94,468.333,343.5,349.622,16
95,468.167,343.333,349.622,16
96,468.0,343.167,349.622,16
97,467.833,343.0,349.622,16
98,467.667,342.833,349.622,16
99,467.5,342.667,349.622,16
100,467.333,342.5,349.622,16
101,467.167,342.333,349.622,16
102,467.0,342.167,349.622,16
103,466.833,342.0,349.622,16
104,466.667,341.833,349.622,16
105,466.5,341.667,349.622,16
106,466.333,341.5,349.622,16
107,466.167,341.333,349.622,16
108,466.0,341.167,349.622,16
109,465.833,341.0,349.622,16
110,465.667,340.833,349.622,16
111,465.5,340.667,349.622,16
112,465.333,340.5,349.622,16
113,465.167,340.333,349.622,16
114,465.0,340.167,349.622,16
115,464.833,340.0,349.622,16
116,464.667,339.833,349.622,16
117,464.5,339.667,349.622,16
118,464.333,339.5,349.622,16
119,464.167,339.333,349.622,16
120,464.0,339.167,349.622,16
121,463.833,339.0,349.622,16
122,463.667,338.833,349.622,16
123,463.5,338.667,349.622,16
124,463.333,338.5,349.622,16
125,463.167,338.333,349.622,16
126,463.0,338.167,349.622,16
127,462.833,338.0,349.622,16
128,462.667,337.833,349.622,16
129,462.5,337.667,349.622,16
130,462.333,337.5,349.622,16
131,462.167,337.333,349.622,16
132,462.0,337.167,349.622,16
133,461.833,337.0,349.622,16
134,461.667,336.833,349.622,16
135,461.5,336.667,349.622,16
136,461.333,336.5,349.622,16
137,461.167,336.333,349.622,16
138,461.0,336.167,349.622,16
139,460.833,336.0,349.622,16
140,460.667,335.833,349.622,16
141,460.5,335.667,349.622,16
142,460.333,335.5,349.622,16
143,460.167,335.333,349.622,16
144,460.0,335.167,349.622,16
145,459.833,335.0,349.622,16
146,459.667,334.833,349.622,16
147,459.5,334.667,349.622,16
148,459.333,334.5,349.622,16
149,459.167,334.333,349.622,16
150,459.0,334.167,349.622,16
151,458.833,334.0,349.622,16
152,458.667,333.833,349.622,16
153,458.5,333.667,349.622,16
154,458.333,333.5,349.622,16
155,458.167,333.333,349.622,16
156,458.0,333.167,349.622,16
157,457.833,333.0,349.622,16
158,457.667,332.833,349.622,16
159,457.5,332.667,349.622,16
160,457.333,332.5,349.622,16
161,457.167,332.333,349.622,16
162,457.0,332.167,349.622,16
163,456.833,332.0,349.622,16
164,456.667,331.833,349.622,16
165,456.5,331.667,349.622,16
166,456.333,331.5,349.622,16
167,456.167,331.333,349.622,16
168,456.0,331.167,349.622,16
169,455.833,331.0,349.622,16
170,455.667,330.833,349.622,16
171,455.5,330.667,349.622,16
172,455.333,330.5,349.622,16
173,455.167,330.333,349.622,16
174,455.0,330.167,349.622,16
175,454.833,330.0,349.622,16
176,454.667,329.833,349.622,16
177,454.5,329.667,349.622,16
178,454.333,329.5,349.622,16
179,454.167,329.333,349.622,16
180,454.0,329.167,349.622,16
181,453.833,329.0,349.622,16
182,453.667,328.833,349.622,16
183,453.5,328.667,349.622,16
184,453.333,328.5,349.622,16
185,453.167,328.333,349.622,16
186,453.0,328.167,349.622,16
187,452.833,328.0,349.622,16
188,452.667,327.833,349.622,16
189,452.5,327.667,349.622,16
190,452.333,327.5,349.622,16
191,452.167,327.333,349.622,16
192,452.0,327.167,349.622,16
193,451.833,327.0,349.622,16
194,451.667,326.833,349.622,16
195,451.5,326.667,349.622,16
196,451.333,326.5,349.622,16
197,451.167,326.333,349.622,16
198,451.0,326.167,349.622,16
199,450.833,326.0,349.622,16
200,450.667,325.833,349.622,16
201,450.5,325.667,349.622,16
202,450.333,325.5,349.622,16
203,450.167,325.333,349.622,16
204,450.0,325.167,349.622,16
205,449.833,325.0,349.622,16
206,449.667,324.833,349.622,16
207,449.5,324.667,349.622,16
208,449.333,324.5,349.622,16
209,449.167,324.333,349.622,16
210,449.0,324.167,349.622,16
211,448.833,324.0,349.622,16
212,448.667,323.833,349.622,16
213,448.5,323.667,349.622,16
214,448.333,323.5,349.622,16
215,448.167,323.333,349.622,16
216,448.0,323.167,349.622,16
217,447.833,323.0,349.622,16
218,447.667,322.833,349.622,16
219,447.5,322.667,349.622,16
220,447.333,322.5,349.622,16
221,447.167,322.333,349.622,16
222,447.0,322.167,349.622,16
223,446.833,322.0,349.622,16
224,446.667,321.833,349.622,16
225,446.5,321.667,349.622,16
226,446.333,321.5,349.622,16
227,446.167,321.333,349.622,16
228,446.0,321.167,349.622,16
229,445.833,321.0,349.622,16
230,445.667,320.833,349.622,16
231,445.5,320.667,349.622,16
232,445.333,320.5,349.622,16
233,445.167,320.333,349.622,16
234,445.0,320.167,349.622,16
235,444.833,320.0,349.622,16
236,444.667,319.833,349.622,16
237,444.5,319.667,349.622,16
238,444.333,319.5,349.622,16
239,444.167,319.333,349.622,16
240,444.0,319.167,349.622,16
241,443.833,319.0,349.622,16
242,443.667,318.833,349.622,16
243,443.5,318.667,349.622,16
244,443.333,318.5,349.622,16
245,443.167,318.333,349.622,16
246,443.0,318.167,349.622,16
247,442.833,318.0,349.622,16
248,442.667,317.833,349.622,16
249,442.5,317.667,349.622,16
250,442.333,317.5,349.622,16
251,442.167,317.333,349.622,16
252,442.0,317.167,349.622,16
253,441.833,317.0,349.622,16
254,441.667,316.833,349.622,16
255,441.5,316.667,349.622,16
256,441.333,316.5,349.622,16
257,441.167,316.333,349.622,16
258,441.0,316.167,349.622,16
259,440.833,316.0,349.622,16
260,440.667,315.833,349.622,16
261,440.5,315.667,349.622,16
262,440.333,315.5,349.622,16
263,440.167,315.333,349.622,16
264,440.0,315.167,349.622,16
265,439.833,315.0,349.622,16
266,439.667,314.833,349.622,16
267,439.5,314.667,349.622,16
268,439.333,314.5,349.622,16
269,439.167,314.333,349.622,16
270,439.0,314.167,349.622,16
271,438.833,314.0,349.622,16
272,438.667,313.833,349.622,16
273,438.5,313.667,349.622,16
274,438.333,313.5,349.622,16
275,438.167,313.333,349.622,16
276,438.0,313.167,349.622,16
277,437.833,313.0,349.622,16
278,437.667,312.833,349.622,16
279,437.5,312.667,349.622,16
280,437.333,312.5,349.622,16
281,437.167,312.333,349.622,16
282,437.0,312.167,349.622,16
283,436.833,312.0,349.622,16
284,436.667,311.833,349.622,16
285,436.5,311.667,349.622,16
286,436.333,311.5,349.622,16
287,436.167,311.333,349.622,16
288,436.0,311.167,349.622,16
289,435.833,311.0,349.622,16
290,435.667,310.833,349.622,16
291,435.5,310.667,349.622,16
292,435.333,310.5,349.622,16
293,435.167,310.333,349.622,16
294,435.0,310.167,349.622,16
295,434.833,310.0,349.622,16
296,434.667,309.833,349.622,16
297,434.5,309.667,349.622,16
298,434.333,309.5,349.622,16
299,434.167,309.333,349.622,16
300,434.0,309.167,349.622,16
301,433.833,309.0,349.622,16
302,433.667,308.833,349.622,16
303,433.5,308.667,349.622,16
304,433.333,308.5,349.622,16
305,433.167,308.333,349.622,16
306,433.0,308.167,349.622,16
307,432.833,308.0,349.622,16
308,432.667,307.833,349.622,16
309,432.5,307.667,349.622,16
310,432.333,307.5,349.622,16
311,432.167,307.333,349.622,16
312,432.0,307.167,349.622,16
313,431.833,307.0,349.622,16
314,431.667,306.833,349.622,16
315,431.5,306.667,349.622,16
316,431.333,306.5,349.622,16
317,431.167,306.333,349.622,16
318,431.0,306.167,349.622,16
319,430.833,306.0,349.622,16
320,430.667,305.833,349.622,16
321,430.5,305.667,349.622,16
322,430.333,305.5,349.622,16
323,430.167,305.333,349.622,16
324,430.0,305.167,349.622,16
325,429.833,305.0,349.622,16
326,429.667,304.833,349.622,16
327,429.5,304.667,349.622,16
328,429.333,304.5,349.622,16
329,429.167,304.333,349.622,16
330,429.0,304.167,349.622,16
331,428.833,304.0,349.622,16
332,428.667,303.833,349.622,16
333,428.5,303.667,349.622,16
334,428.333,303.5,349.622,16
335,428.167,303.333,349.622,16
336,428.0,303.167,349.622,16
337,427.833,303.0,349.622,16
338,427.667,302.833,349.622,16
339,427.5,302.667,349.622,16
340,427.333,302.5,349.622,16
341,427.167,302.333,349.622,16
342,427.0,302.167,349.622,16
343,426.833,302.0,349.622,16
344,426.667,301.833,349.622,16
345,426.5,301.667,349.622,16
346,426.333,301.5,349.622,16
347,426.167,301.333,349.622,16
348,426.0,301.167,349.622,16
349,425.833,301.0,349.622,16
350,425.667,300.833,349.622,16
351,425.5,300.667,349.622,16
352,425.333,300.5,349.622,16
353,425.167,300.333,349.622,16
354,425.0,300.167,349.622,16
355,424.833,300.0,349.622,16
356,424.667,299.833,349.622,16
357,424.5,299.667,349.622,16
358,424.333,299.5,349.622,16
359,424.167,299.333,349.622,16
360,424.0,299.167,349.622,16
361,423.833,299.0,349.622,16
362,423.667,298.833,349.622,16
363,423.5,298.667,349.622,16
364,423.333,298.5,349.622,16
365,423.167,298.333,349.622,16
366,423.0,298.167,349.622,16
367,422.833,298.0,349.622,16
368,422.667,297.833,349.622,16
369,422.5,297.667,349.622,16
370,422.333,297.5,349.622,16
371,422.167,297.333,349.622,16
372,422.0,297.167,349.622,16
373,421.833,297.0,349.622,16
374,421.667,296.833,349.622,16
375,421.5,296.667,349.622,16
376,421.333,296.5,349.622,16
377,421.167,296.333,349.622,16
378,421.0,296.167,349.622,16
379,420.833,296.0,349.622,16
380,420.667,295.833,349.622,16
381,420.5,295.667,349.622,16
382,420.333,295.5,349.622,16
383,420.167,295.333,349.622,16
384,420.0,295.167,349.622,16
385,419.833,295.0,349.622,16
386,419.667,294.833,349.622,16
387,419.5,294.667,349.622,16
388,419.333,294.5,349.622,16
389,419.167,294.333,349.622,16
390,419.0,294.167,349.622,16
391,418.833,294.0,349.622,16
392,418.667,293.833,349.622,16
393,418.5,293.667,349.622,16
394,418.333,293.5,349.622,16
395,418.167,293.333,349.622,16
396,418.0,293.167,349.622,16
397,417.833,293.0,349.622,16
398,417.667,292.833,349.622,16
399,417.5,292.667,349.622,16
400,417.333,292.5,349.622,16
401,417.167,292.333,349.622,16
402,417.0,292.167,349.622,16
403,416.833,292.0,349.622,16
404,416.667,291.833,349.622,16
405,416.5,291.667,349.622,16
406,416.333,291.5,349.622,16
407,416.167,291.333,349.622,16
408,416.0,291.167,349.622,16
409,415.833,291.0,349.622,16
410,415.667,290.833,349.622,16
411,415.5,290.667,349.622,16
412,415.333,290.5,349.622,16
413,415.167,290.333,349.622,16
414,415.0,290.167,349.622,16
415,414.833,290.0,349.622,16
416,414.667,289.833,349.622,16
417,414.5,289.667,349.622,16
418,414.333,289.5,349.622,16
419,414.167,289.333,349.622,16
420,414.0,289.167,349.622,16
421,413.833,289.0,349.622,16
422,413.667,288.833,349.622,16
423,413.5,288.667,349.622,16
424,413.333,288.5,349.622,16
425,413.167,288.333,349.622,16
426,413.0,288.167,349.622,16
427,412.833,288.0,349.622,16
428,412.667,287.833,349.622,16
429,412.5,287.667,349.622,16
430,412.333,287.5,349.622,16
431,412.167,287.333,349.622,16
432,412.0,287.167,349.622,16
433,411.833,287.0,349.622,16
434,411.667,286.833,349.622,16
435,411.5,286.667,349.622,16
436,411.333,286.5,349.622,16
437,411.167,286.333,349.622,16
438,411.0,286.167,349.622,16
439,410.833,286.0,349.622,16
440,410.667,285.833,349.622,16
441,410.5,285.667,349.622,16
442,410.333,285.5,349.622,16
443,410.167,285.333,349.622,16
444,410.0,285.167,349.622,16
445,409.833,285.0,349.622,16
446,409.667,284.833,349.622,16
447,409.5,284.667,349.622,16
448,409.333,284.5,349.622,16
449,409.167,284.333,349.622,16
450,409.0,284.167,349.622,16
451,408.833,284.0,349.622,16
452,408.667,283.833,349.622,16
453,408.5,283.667,349.622,16
454,408.333,283.5,349.622,16
455,408.167,283.333,349.622,16
456,408.0,283.167,349.622,16
457,407.833,283.0,349.622,16
458,407.667,282.833,349.622,16
459,407.5,282.667,349.622,16
460,407.333,282.5,349.622,16
461,407.167,282.333,349.622,16
462,407.0,282.167,349.622,16
463,406.833,282.0,349.622,16
464,406.667,281.833,349.622,16
465,406.5,281.667,349.622,16
466,406.333,281.5,349.622,16
467,406.167,281.333,349.622,16
468,406.0,281.167,349.622,16
469,405.833,281.0,349.622,16
470,405.667,280.833,349.622,16
471,405.5,280.667,349.622,16
472,405.333,280.5,349.622,16
473,405.167,280.333,349.622,16
474,405.0,280.167,349.622,16
475,404.833,280.0,349.622,16
476,404.667,279.833,349.622,16
477,404.5,279.667,349.622,16
478,404.333,279.5,349.622,16
479,404.167,279.333,349.622,16
480,404.0,279.167,349.622,16
481,403.833,279.0,349.622,16
482,403.667,278.833,349.622,16
483,403.5,278.667,349.622,16
484,403.333,278.5,349.622,16
485,403.167,278.333,349.622,16
486,403.0,278.167,349.622,16
487,402.833,278.0,349.622,16
488,402.667,277.833,349.622,16
489,402.5,277.667,349.622,16
490,402.333,277.5,349.622,16
491,402.167,277.333,349.622,16
492,402.0,277.167,349.622,16
493,401.833,277.0,349.622,16
494,401.667,276.833,349.622,16
495,401.5,276.667,349.622,16
496,401.333,276.5,349.622,16
497,401.167,276.333,349.622,16
498,401.0,276.167,349.622,16
499,400.833,276.0,349.622,16
500,400.667,275.833,349.622,16
501,400.5,275.667,349.622,16
502,400.333,275.5,349.622,16
503,400.167,275.333,349.622,16
504,400.0,275.167,349.622,16
505,399.833,275.0,349.622,16
506,399.667,274.833,349.622,16
507,399.5,274.667,349.622,16
508,399.333,274.5,349.622,16
509,399.167,274.333,349.622,16
510,399.0,274.167,349.622,16
511,398.833,274.0,349.622,16
512,398.667,273.833,349.622,16
513,398.5,273.667,349.622,16
514,398.333,273.5,349.622,16
515,398.167,273.333,349.622,16
516,398.0,273.167,349.622,16
517,397.833,273.0,349.622,16
518,397.667,272.833,349.622,16
519,397.5,272.667,349.622,16
520,397.333,272.5,349.622,16
521,397.167,272.333,349.622,16
522,397.0,272.167,349.622,16
523,396.833,272.0,349.622,16
524,396.667,271.833,349.622,16
525,396.5,271.667,349.622,16
526,396.333,271.5,349.622,16
527,396.167,271.333,349.622,16
528,396.0,271.167,349.622,16
529,395.833,271.0,349.622,16
530,395.667,270.833,349.622,16
531,395.5,270.667,349.622,16
532,395.333,270.5,349.622,16
533,395.167,270.333,349.622,16
534,395.0,270.167,349.622,16
535,394.833,270.0,349.622,16
536,394.667,269.833,349.622,16
537,394.5,269.667,349.622,16
538,394.333,269.5,349.622,16
539,394.167,269.333,349.622,16
540,394.0,269.167,349.622,16
541,393.833,269.0,349.622,16
542,393.667,268.833,349.622,16
543,393.5,268.667,349.622,16
544,393.333,268.5,349.622,16
545,393.167,268.333,349.622,16
546,393.0,268.167,349.622,16
547,392.833,268.0,349.622,16
548,392.667,267.833,349.622,16
549,392.5,267.667,349.622,16
550,392.333,267.5,349.622,16
551,392.167,267.333,349.622,16
552,392.0,267.167,349.622,16
553,391.833,267.0,349.622,16
554,391.667,266.833,349.622,16
555,391.5,266.667,349.622,16
556,391.333,266.5,349.622,16
557,391.167,266.333,349.622,16
558,391.0,266.167,349.622,16
559,390.833,266.0,349.622,16
560,390.667,265.833,349.622,16
561,390.5,265.667,349.622,16
562,390.333,265.5,349.622,16
563,390.167,265.333,349.622,16
564,390.0,265.167,349.622,16
565,389.833,265.0,349.622,16
566,389.667,264.833,349.622,16
567,389.5,264.667,349.622,16
568,389.333,264.5,349.622,16
569,389.167,264.333,349.622,16
570,389.0,264.167,349.622,16
571,388.833,264.0,349.622,16
572,388.667,263.833,349.622,16
573,388.5,263.667,349.622,16
574,388.333,263.5,349.622,16
575,388.167,263.333,349.622,16
576,388.0,263.167,349.622,16
577,387.833,263.0,349.622,16
578,387.667,262.833,349.622,16
579,387.5,262.667,349.622,16
580,387.333,262.5,349.622,16
581,387.167,262.333,349.622,16
582,387.0,262.167,349.622,16
583,386.833,262.0,349.622,16
584,386.667,261.833,349.622,16
585,386.5,261.667,349.622,16
586,386.333,261.5,349.622,16
587,386.167,261.333,349.622,16
588,386.0,261.167,349.622,16
589,385.833,261.0,349.622,16
590,385.667,260.833,349.622,16
591,385.5,260.667,349.622,16
592,385.333,260.5,349.622,16
593,385.167,260.333,349.622,16
594,385.0,260.167,349.622,16
595,384.833,260.0,349.622,16
596,384.667,259.833,349.622,16
597,384.5,259.667,349.622,16
598,384.333,259.5,349.622,16
599,384.167,259.333,349.622,16
600,384.0,259.167,349.622,16
601,383.833,259.0,349.622,16
602,383.667,258.833,349.622,16
603,383.5,258.667,349.622,16
604,383.333,258.5,349.622,16
605,383.167,258.333,349.622,16
606,383.0,258.167,349.622,16
607,382.833,258.0,349.622,16
608,382.667,257.833,349.622,16
609,382.5,257.667,349.622,16
610,382.333,257.5,349.622,16
611,382.167,257.333,349.622,16
612,382.0,257.167,349.622,16
613,381.833,257.0,349.622,16
614,381.667,256.833,349.622,16
615,381.5,256.667,349.622,16
616,381.333,256.5,349.622,16
617,381.167,256.333,349.622,16
618,381.0,256.167,349.622,16
619,380.833,256.0,349.622,16
620,380.667,255.833,349.622,16
621,380.5,255.667,349.622,16
622,380.333,255.5,349.622,16
623,380.167,255.333,349.622,16
624,380.0,255.167,349.622,16
625,379.833,255.0,349.622,16
626,379.667,254.833,349.622,16
627,379.5,254.667,349.622,16
628,379.333,254.5,349.622,16
629,379.167,254.333,349.622,16
630,379.0,254.167,349.622,16
631,378.833,254.0,349.622,16
632,378.667,253.833,349.622,16
633,378.5,253.667,349.622,16
634,378.333,253.5,349.622,16
635,378.167,253.333,349.622,16
636,378.0,253.167,349.622,16
637,377.833,253.0,349.622,16
638,377.667,252.833,349.622,16
639,377.5,252.667,349.622,16
640,377.333,252.5,349.622,16
641,377.167,252.333,349.622,16
642,377.0,252.167,349.622,16
643,376.833,252.0,349.622,16
644,376.667,251.833,349.622,16
645,376.5,251.667,349.622,16
646,376.333,251.5,349.622,16
647,376.167,251.333,349.622,16
648,376.0,251.167,349.622,16
649,375.833,251.0,349.622,16
650,375.667,250.833,349.622,16
651,375.5,250.667,349.622,16
652,375.333,250.5,349.622,16
653,375.167,250.333,349.622,16
654,375.0,250.167,349.622,16
655,374.833,250.0,349.622,16
656,374.667,249.833,349.622,16
657,374.5,249.667,349.622,16
658,374.333,249.5,349.622,16
659,374.167,249.333,349.622,16
660,374.0,249.167,349.622,16
661,373.833,249.0,349.622,16
662,373.667,248.833,349.622,16
663,373.5,248.667,349.622,16
664,373.333,248.5,349.622,16
665,373.167,248.333,349.622,16
666,373.0,248.167,349.622,16
667,372.833,248.0,349.622,16
668,372.667,247.833,349.622,16
669,372.5,247.667,349.622,16
670,372.333,247.5,349.622,16
671,372.167,247.333,349.622,16
672,372.0,247.167,349.622,16
673,371.833,247.0,349.622,16
674,371.667,246.833,349.622,16
675,371.5,246.667,349.622,16
676,371.333,246.5,349.622,16
677,371.167,246.333,349.622,16
678,371.0,246.167,349.622,16
679,370.833,246.0,349.622,16
680,370.667,245.833,349.622,16
681,370.5,245.667,349.622,16
682,370.333,245.5,349.622,16
683,370.167,245.333,349.622,16
684,370.0,245.167,349.622,16
685,369.833,245.0,349.622,16
686,369.667,244.833,349.622,16
687,369.5,244.667,349.622,16
688,369.333,244.5,349.622,16
689,369.167,244.333,349.622,16
690,369.0,244.167,349.622,16
691,368.833,244.0,349.622,16
692,368.667,243.833,349.622,16
693,368.5,243.667,349.622,16
694,368.333,243.5,349.622,16
695,368.167,243.333,349.622,16
696,368.0,243.167,349.622,16
697,367.833,243.0,349.622,16
698,367.667,242.833,349.622,16
699,367.5,242.667,349.622,16
700,367.333,242.5,349.622,16
701,367.167,242.333,349.622,16
702,367.0,242.167,349.622,16
703,366.833,242.0,349.622,16
704,366.667,241.833,349.622,16
705,366.5,241.667,349.622,16
706,366.333,241.5,349.622,16
707,366.167,241.333,349.622,16
708,366.0,241.167,349.622,16
709,365.833,241.0,349.622,16
710,365.667,240.833,349.622,16
711,365.5,240.667,349.622,16
712,365.333,240.5,349.622,16
713,365.167,240.333,349.622,16
714,365.0,240.167,349.622,16
715,364.833,240.0,349.622,16
716,364.667,239.833,349.622,16
717,364.5,239.667,349.622,16
718,364.333,239.5,349.622,16
719,364.167,239.333,349.622,16
720,364.0,239.167,349.622,16
721,363.833,239.0,349.622,16
722,363.667,238.833,349.622,16
723,363.5,238.667,349.622,16
724,363.333,238.5,349.622,16
725,363.167,238.333,349.622,16
726,363.0,238.167,349.622,16
727,362.833,238.0,349.622,16
728,362.667,237.833,349.622,16
729,362.5,237.667,349.622,16
730,362.333,237.5,349.622,16
731,362.167,237.333,349.622,16
732,362.0,237.167,349.622,16
733,361.833,237.0,349.622,16
734,361.667,236.833,349.622,16
735,361.5,236.667,349.622,16
736,361.333,236.5,349.622,16
737,361.167,236.333,349.622,16
738,361.0,236.167,349.622,16
739,360.833,236.0,349.622,16
740,360.667,235.833,349.622,16
741,360.5,235.667,349.622,16
742,360.333,235.5,349.622,16
743,360.167,235.333,349.622,16
744,360.0,235.167,349.622,16
745,359.833,235.0,349.622,16
746,359.667,234.833,349.622,16
747,359.5,234.667,349.622,16
748,359.333,234.5,349.622,16
749,359.167,234.333,349.622,16
750,359.0,234.167,349.622,16
751,358.833,234.0,349.622,16
752,358.667,233.833,349.622,16
753,358.5,233.667,349.622,16
754,358.333,233.5,349.622,16
755,358.167,233.333,349.622,16
756,358.0,233.167,349.622,16
757,357.833,233.0,349.622,16
758,357.667,232.833,349.622,16
759,357.5,232.667,349.622,16
760,357.333,232.5,349.622,16
761,357.167,232.333,349.622,16
762,357.0,232.167,349.622,16
763,356.833,232.0,349.622,16
764,356.667,231.833,349.622,16
765,356.5,231.667,349.622,16
766,356.333,231.5,349.622,16
767,356.167,231.333,349.622,16
768,356.0,231.167,349.622,16
769,355.833,231.0,349.622,16
770,355.667,230.833,349.622,16
771,355.5,230.667,349.622,16
772,355.333,230.5,349.622,16
773,355.167,230.333,349.622,16
774,355.0,230.167,349.622,16
775,354.833,230.0,349.622,16
776,354.667,229.833,349.622,16
777,354.5,229.667,349.622,16
778,354.333,229.5,349.622,16
779,354.167,229.333,349.622,16
780,354.0,229.167,349.622,16
781,353.833,229.0,349.622,16
782,353.667,228.833,349.622,16
783,353.5,228.667,349.622,16
784,353.333,228.5,349.622,16
785,353.167,228.333,349.622,16
786,353.0,228.167,349.622,16
787,352.833,228.0,349.622,16
788,352.667,227.833,349.622,16
789,352.5,227.667,349.622,16
790,352.333,227.5,349.622,16
791,352.167,227.333,349.622,16
792,352.0,227.167,349.622,16
793,351.833,227.0,349.622,16
794,351.667,226.833,349.622,16
795,351.5,226.667,349.622,16
796,351.333,226.5,349.622,16
797,351.167,226.333,349.622,16
798,351.0,226.167,349.622,16
799,350.833,226.0,349.622,16
800,350.667,225.833,349.622,16
801,350.5,225.667,349.622,16
802,350.333,225.5,349.622,16
803,350.167,225.333,349.622,16
804,350.0,225.167,349.622,16
805,349.833,225.0,349.622,16
806,349.667,224.833,349.622,16
807,349.5,224.667,349.622,16
808,349.333,224.5,349.622,16
809,349.167,224.333,349.622,16
810,349.0,224.167,349.622,16
811,348.833,224.0,349.622,16
812,348.667,223.833,349.622,16
813,348.5,223.667,349.622,16
814,348.333,223.5,349.622,16
815,348.167,223.333,349.622,16
816,348.0,223.167,349.622,16
817,347.833,223.0,349.622,16
818,347.667,222.833,349.622,16
819,347.5,222.667,349.622,16
820,347.333,222.5,349.622,16
821,347.167,222.333,349.622,16
822,347.0,222.167,349.622,16
823,346.833,222.0,349.622,16
824,346.667,221.833,349.622,16
825,346.5,221.667,349.622,16
826,346.333,221.5,349.622,16
827,346.167,221.333,349.622,16
828,346.0,221.167,349.622,16
829,345.833,221.0,349.622,16
830,345.667,220.833,349.622,16
831,345.5,220.667,349.622,16
832,345.333,220.5,349.622,16
833,345.167,220.333,349.622,16
834,345.0,220.167,349.622,16
835,344.833,220.0,349.622,16
836,344.667,219.833,349.622,16
837,344.5,219.667,349.622,16
838,344.333,219.5,349.622,16
839,344.167,219.333,349.622,16
840,344.0,219.167,349.622,16
841,343.833,219.0,349.622,16
842,343.667,218.833,349.622,16
843,343.5,218.667,349.622,16
844,343.333,218.5,349.622,16
845,343.167,218.333,349.622,16
846,343.0,218.167,349.622,16
847,342.833,218.0,349.622,16
848,342.667,217.833,349.622,16
849,342.5,217.667,349.622,16
850,342.333,217.5,349.622,16
851,342.167,217.333,349.622,16
852,342.0,217.167,349.622,16
853,341.833,217.0,349.622,16
854,341.667,216.833,349.622,16
855,341.5,216.667,349.622,16
856,341.333,216.5,349.622,16
857,341.167,216.333,349.622,16
858,341.0,216.167,349.622,16
859,340.833,216.0,349.622,16
860,340.667,215.833,349.622,16
861,340.5,215.667,349.622,16
862,340.333,215.5,349.622,16
863,340.167,215.333,349.622,16
864,340.0,215.167,349.622,16
865,339.833,215.0,349.622,16
866,339.667,214.833,349.622,16
867,339.5,214.667,349.622,16
868,339.333,214.5,349.622,16
869,339.167,214.333,349.622,16
870,339.0,214.167,349.622,16
871,338.833,214.0,349.622,16
872,338.667,213.833,349.622,16
873,338.5,213.667,349.622,16
874,338.333,213.5,349.622,16
875,338.167,213.333,349.622,16
876,338.0,213.167,349.622,16
877,337.833,213.0,349.622,16
878,337.667,212.833,349.622,16
879,337.5,212.667,349.622,16
880,337.333,212.5,349.622,16
881,337.167,212.333,349.622,16
882,337.0,212.167,349.622,16
883,336.833,212.0,349.622,16
884,336.667,211.833,349.622,16
885,336.5,211.667,349.622,16
886,336.333,211.5,349.622,16
887,336.167,211.333,349.622,16
888,336.0,211.167,349.622,16
889,335.833,211.0,349.622,16
890,335.667,210.833,349.622,16
891,335.5,210.667,349.622,16
892,335.333,210.5,349.622,16
893,335.167,210.333,349.622,16
894,335.0,210.167,349.622,16
895,334.833,210.0,349.622,16
896,334.667,209.833,349.622,16
897,334.5,209.667,349.622,16
898,334.333,209.5,349.622,16
899,334.167,209.333,349.622,16
900,334.0,209.167,349.622,16
901,333.833,209.0,349.622,16
902,333.667,208.833,349.622,16
903,333.5,208.667,349.622,16
904,333.333,208.5,349.622,16
905,333.167,208.333,349.622,16
906,333.0,208.167,349.622,16
907,332.833,208.0,349.622,16
908,332.667,207.833,349.622,16
909,332.5,207.667,349.622,16
910,332.333,207.5,349.622,16
911,332.167,207.333,349.622,16
912,332.0,207.167,349.622,16
913,331.833,207.0,349.622,16
914,331.667,206.833,349.622,16
915,331.5,206.667,349.622,16
916,331.333,206.5,349.622,16
917,331.167,206.333,349.622,16
918,331.0,206.167,349.622,16
919,330.833,206.0,349.622,16
920,330.667,205.833,349.622,16
921,330.5,205.667,349.622,16
922,330.333,205.5,349.622,16
923,330.167,205.333,349.622,16
924,330.0,205.167,349.622,16
925,329.833,205.0,349.622,16
926,329.667,204.833,349.622,16
927,329.5,204.667,349.622,16
928,329.333,204.5,349.622,16
929,329.167,204.333,349.622,16
930,329.0,204.167,349.622,16
931,328.833,204.0,349.622,16
932,328.667,203.833,349.622,16
933,328.5,203.667,349.622,16
934,328.333,203.5,349.622,16
935,328.167,203.333,349.622,16
936,328.0,203.167,349.622,16
937,327.833,203.0,349.622,16
938,327.667,202.833,349.622,16
939,327.5,202.667,349.622,16
940,327.333,202.5,349.622,16
941,327.167,202.333,349.622,16
942,327.0,202.167,349.622,16
943,326.833,202.0,349.622,16
944,326.667,201.833,349.622,16
945,326.5,201.667,349.622,16
946,326.333,201.5,349.622,16
947,326.167,201.333,349.622,16
948,326.0,201.167,349.622,16
949,325.833,201.0,349.622,16
950,325.667,200.833,349.622,16
951,325.5,200.667,349.622,16
952,325.333,200.5,349.622,16
953,325.167,200.333,349.622,16
954,325.0,200.167,349.622,16
955,324.833,200.0,349.622,16
956,324.667,199.833,349.622,16
957,324.5,199.667,349.622,16
958,324.333,199.5,349.622,16
959,324.167,199.333,349.622,16
960,324.0,199.167,349.622,16
961,323.833,199.0,349.622,16
962,323.667,198.833,349.622,16
963,323.5,198.667,349.622,16
964,323.333,198.5,349.622,16
965,323.167,198.333,349.622,16
966,323.0,198.167,349.622,16
967,322.833,198.0,349.622,16
968,322.667,197.833,349.622,16
969,322.5,197.667,349.622,16
970,322.333,197.5,349.622,16
971,322.167,197.333,349.622,16
972,322.0,197.167,349.622,16
973,321.833,197.0,349.622,16
974,321.667,196.833,349.622,16
975,321.5,196.667,349.622,16
976,321.333,196.5,349.622,16
977,321.167,196.333,349.622,16
978,321.0,196.167,349.622,16
979,320.833,196.0,349.622,16
980,320.667,195.833,349.622,16
981,320.5,195.667,349.622,16
982,320.333,195.5,349.622,16
983,320.167,195.333,349.622,16
984,426.722,195.167,342.03,12
985,426.556,195.0,342.03,12
986,426.389,194.833,342.03,12
987,426.222,194.667,342.03,12
988,426.056,194.5,342.03,12
989,425.889,194.333,342.03,12
990,425.722,194.167,342.03,12
991,425.556,194.0,342.03,12
992,425.389,193.833,342.03,12
993,425.222,193.667,342.03,12
994,425.056,193.5,342.03,12
995,424.889,193.333,342.03,12
996,424.722,193.167,342.03,12
997,424.556,193.0,342.03,12
998,424.389,192.833,342.03,12
999,424.222,192.667,342.03,12
1000,424.056,192.5,342.03,12
1001,423.889,192.333,342.03,12
1002,423.722,192.167,342.03,12
1003,423.556,192.0,342.03,12
1004,423.389,191.833,342.03,12
1005,423.222,191.667,342.03,12
1006,423.056,191.5,342.03,12
1007,422.889,191.333,342.03,12
1008,422.722,191.167,342.03,12
1009,422.556,191.0,342.03,12
1010,422.389,190.833,342.03,12
1011,422.222,190.667,342.03,12
1012,422.056,190.5,342.03,12
1013,421.889,190.333,342.03,12
1014,421.722,190.167,342.03,12
1015,421.556,190.0,342.03,12
1016,421.389,189.833,342.03,12
1017,421.222,189.667,342.03,12
1018,421.056,189.5,342.03,12
1019,420.889,189.333,342.03,12
1020,420.722,189.167,342.03,12
1021,420.556,189.0,342.03,12
1022,420.389,188.833,342.03,12
1023,420.222,188.667,342.03,12
1024,420.056,188.5,342.03,12
1025,419.889,188.333,342.03,12
1026,419.722,188.167,342.03,12
1027,419.556,188.0,342.03,12
1028,419.389,187.833,342.03,12
1029,419.222,187.667,342.03,12
1030,419.056,187.5,342.03,12
1031,418.889,187.333,342.03,12
1032,418.722,187.167,342.03,12
1033,418.556,187.0,342.03,12
1034,418.389,186.833,342.03,12
1035,418.222,186.667,342.03,12
1036,418.056,186.5,342.03,12
1037,417.889,186.333,342.03,12
1038,417.722,186.167,342.03,12
1039,417.556,186.0,342.03,12
1040,417.389,185.833,342.03,12
1041,417.222,185.667,342.03,12
1042,417.056,185.5,342.03,12
1043,416.889,185.333,342.03,12
1044,416.722,185.167,342.03,12
1045,416.556,185.0,342.03,12
1046,416.389,184.833,342.03,12
1047,416.222,184.667,342.03,12
1048,416.056,184.5,342.03,12
1049,415.889,184.333,342.03,12
1050,415.722,184.167,342.03,12
1051,415.556,184.0,342.03,12
1052,415.389,183.833,342.03,12
1053,415.222,183.667,342.03,12
1054,415.056,183.5,342.03,12
1055,414.889,183.333,342.03,12
1056,414.722,183.167,342.03,12
1057,414.556,183.0,342.03,12
1058,414.389,182.833,342.03,12
1059,414.222,182.667,342.03,12
1060,414.056,182.5,342.03,12
1061,413.889,182.333,342.03,12
1062,413.722,182.167,342.03,12
1063,413.556,182.0,342.03,12
1064,413.389,181.833,342.03,12
1065,413.222,181.667,342.03,12
1066,413.056,181.5,342.03,12
1067,412.889,181.333,342.03,12
1068,412.722,181.167,342.03,12
1069,412.556,181.0,342.03,12
1070,412.389,180.833,342.03,12
1071,412.222,180.667,342.03,12
1072,412.056,180.5,342.03,12
1073,411.889,180.333,342.03,12
1074,411.722,180.167,342.03,12
1075,411.556,180.0,342.03,12
1076,411.389,179.833,342.03,12
1077,411.222,179.667,342.03,12
1078,411.056,179.5,342.03,12
1079,410.889,179.333,342.03,12
1080,410.722,179.167,342.03,12
1081,410.556,179.0,342.03,12
1082,410.389,178.833,342.03,12
1083,410.222,178.667,342.03,12
1084,410.056,178.5,342.03,12
1085,409.889,178.333,342.03,12
1086,409.722,178.167,342.03,12
1087,409.556,178.0,342.03,12
1088,409.389,177.833,342.03,12
1089,409.222,177.667,342.03,12
1090,409.056,177.5,342.03,12
1091,408.889,177.333,342.03,12
1092,408.722,177.167,342.03,12
1093,408.556,177.0,342.03,12
1094,408.389,176.833,342.03,12
1095,408.222,176.667,342.03,12
1096,408.056,176.5,342.03,12
1097,407.889,176.333,342.03,12
1098,407.722,176.167,342.03,12
1099,407.556,176.0,342.03,12
1100,407.389,175.833,342.03,12
1101,407.222,175.667,342.03,12
1102,407.056,175.5,342.03,12
1103,406.889,175.333,342.03,12
1104,406.722,175.167,342.03,12
1105,406.556,175.0,342.03,12
1106,406.389,174.833,342.03,12
1107,406.222,174.667,342.03,12
1108,406.056,174.5,342.03,12
1109,405.889,174.333,342.03,12
1110,405.722,174.167,342.03,12
1111,405.556,174.0,342.03,12
1112,405.389,173.833,342.03,12
1113,405.222,173.667,342.03,12
1114,405.056,173.5,342.03,12
1115,404.889,173.333,342.03,12
1116,404.722,173.167,342.03,12
1117,404.556,173.0,342.03,12
1118,404.389,172.833,342.03,12
1119,404.222,172.667,342.03,12
1120,404.056,172.5,342.03,12
1121,403.889,172.333,342.03,12
1122,403.722,172.167,342.03,12
1123,403.556,172.0,342.03,12
1124,403.389,171.833,342.03,12
1125,403.222,171.667,342.03,12
1126,403.056,171.5,342.03,12
1127,402.889,171.333,342.03,12
1128,402.722,171.167,342.03,12
1129,402.556,171.0,342.03,12
1130,402.389,170.833,342.03,12
1131,402.222,170.667,342.03,12
1132,402.056,170.5,342.03,12
1133,401.889,170.333,342.03,12
1134,401.722,170.167,342.03,12
1135,401.556,170.0,342.03,12
1136,401.389,169.833,342.03,12
1137,401.222,169.667,342.03,12
1138,401.056,169.5,342.03,12
1139,400.889,169.333,342.03,12
1140,400.722,169.167,342.03,12
1141,400.556,169.0,342.03,12
1142,400.389,168.833,342.03,12
1143,400.222,168.667,342.03,12
1144,400.056,168.5,342.03,12
1145,399.889,168.333,342.03,12
1146,399.722,168.167,342.03,12
1147,399.556,168.0,342.03,12
1148,399.389,167.833,342.03,12
1149,399.222,167.667,342.03,12
1150,399.056,167.5,342.03,12
1151,398.889,167.333,342.03,12
1152,398.722,167.167,342.03,12
1153,398.556,167.0,342.03,12
1154,398.389,166.833,342.03,12
1155,398.222,166.667,342.03,12
1156,398.056,166.5,342.03,12
1157,397.889,166.333,342.03,12
1158,397.722,166.167,342.03,12
1159,397.556,166.0,342.03,12
1160,397.389,165.833,342.03,12
1161,397.222,165.667,342.03,12
1162,397.056,165.5,342.03,12
1163,396.889,165.333,342.03,12
1164,396.722,165.167,342.03,12
1165,396.556,165.0,342.03,12
1166,396.389,164.833,342.03,12
1167,396.222,164.667,342.03,12
1168,396.056,164.5,342.03,12
1169,395.889,164.333,342.03,12
1170,395.722,164.167,342.03,12
1171,395.556,164.0,342.03,12
1172,395.389,163.833,342.03,12
1173,395.222,163.667,342.03,12
1174,395.056,163.5,342.03,12
1175,394.889,163.333,342.03,12
1176,394.722,163.167,342.03,12
1177,394.556,163.0,342.03,12
1178,394.389,162.833,342.03,12
1179,394.222,162.667,342.03,12
1180,394.056,162.5,342.03,12
1181,393.889,162.333,342.03,12
1182,393.722,162.167,342.03,12
1183,393.556,162.0,342.03,12
1184,393.389,161.833,342.03,12
1185,393.222,161.667,342.03,12
1186,393.056,161.5,342.03,12
1187,392.889,161.333,342.03,12
1188,392.722,161.167,342.03,12
1189,392.556,161.0,342.03,12
1190,392.389,160.833,342.03,12
1191,392.222,160.667,342.03,12
1192,392.056,160.5,342.03,12
1193,391.889,160.333,342.03,12
1194,391.722,160.167,342.03,12
1195,391.556,160.0,342.03,12
1196,391.389,159.833,342.03,12
1197,391.222,159.667,342.03,12
1198,391.056,159.5,342.03,12
1199,390.889,159.333,342.03,12
1200,390.722,159.167,342.03,12
1201,390.556,159.0,342.03,12
1202,390.389,158.833,342.03,12
1203,390.222,158.667,342.03,12
1204,390.056,158.5,342.03,12
1205,389.889,158.333,342.03,12
1206,389.722,158.167,342.03,12
1207,389.556,158.0,342.03,12
1208,389.389,157.833,342.03,12
1209,389.222,157.667,342.03,12
1210,389.056,157.5,342.03,12
1211,388.889,157.333,342.03,12
1212,388.722,157.167,342.03,12
1213,388.556,157.0,342.03,12
1214,388.389,156.833,342.03,12
1215,388.222,156.667,342.03,12
1216,388.056,156.5,342.03,12
1217,387.889,156.333,342.03,12
1218,387.722,156.167,342.03,12
1219,387.556,156.0,342.03,12
1220,387.389,155.833,342.03,12
1221,387.222,155.667,342.03,12
1222,387.056,155.5,342.03,12
1223,386.889,155.333,342.03,12
1224,386.722,155.167,342.03,12
1225,386.556,155.0,342.03,12
1226,386.389,154.833,342.03,12
1227,386.222,154.667,342.03,12
1228,386.056,154.5,342.03,12
1229,385.889,154.333,342.03,12
1230,385.722,154.167,342.03,12
1231,385.556,154.0,342.03,12
1232,385.389,153.833,342.03,12
1233,385.222,153.667,342.03,12
1234,385.056,153.5,342.03,12
1235,384.889,153.333,342.03,12
1236,384.722,153.167,342.03,12
1237,384.556,153.0,342.03,12
1238,384.389,152.833,342.03,12
1239,384.222,152.667,342.03,12
1240,384.056,152.5,342.03,12
1241,383.889,152.333,342.03,12
1242,383.722,152.167,342.03,12
1243,383.556,152.0,342.03,12
1244,383.389,151.833,342.03,12
1245,383.222,151.667,342.03,12
1246,383.056,151.5,342.03,12
1247,382.889,151.333,342.03,12
1248,382.722,151.167,342.03,12
1249,382.556,151.0,342.03,12
1250,382.389,150.833,342.03,12
1251,382.222,150.667,342.03,12
1252,382.056,150.5,342.03,12
1253,381.889,150.333,342.03,12
1254,381.722,150.167,342.03,12
1255,381.556,150.0,342.03,12
1256,381.389,149.833,342.03,12
1257,381.222,149.667,342.03,12
1258,381.056,149.5,342.03,12
1259,380.889,149.333,342.03,12
1260,380.722,149.167,342.03,12
1261,380.556,149.0,342.03,12
1262,380.389,148.833,342.03,12
1263,380.222,148.667,342.03,12
1264,380.056,148.5,342.03,12
1265,379.889,148.333,342.03,12
1266,379.722,148.167,342.03,12
1267,379.556,148.0,342.03,12
1268,379.389,147.833,342.03,12
1269,379.222,147.667,342.03,12
1270,379.056,147.5,342.03,12
1271,378.889,147.333,342.03,12
1272,378.722,147.167,342.03,12
1273,378.556,147.0,342.03,12
1274,378.389,146.833,342.03,12
1275,378.222,146.667,342.03,12
1276,378.056,146.5,342.03,12
1277,377.889,146.333,342.03,12
1278,377.722,146.167,342.03,12
1279,377.556,146.0,342.03,12
1280,377.389,145.833,342.03,12
1281,377.222,145.667,342.03,12
1282,377.056,145.5,342.03,12
1283,376.889,145.333,342.03,12
1284,376.722,145.167,342.03,12
1285,376.556,145.0,342.03,12
1286,376.389,144.833,342.03,12
1287,376.222,144.667,342.03,12
1288,376.056,144.5,342.03,12
1289,375.889,144.333,342.03,12
1290,375.722,144.167,342.03,12
1291,375.556,144.0,342.03,12
1292,375.389,143.833,342.03,12
1293,375.222,143.667,342.03,12
1294,375.056,143.5,342.03,12
1295,374.889,143.333,342.03,12
1296,374.722,143.167,342.03,12
1297,374.556,143.0,342.03,12
1298,374.389,142.833,342.03,12
1299,374.222,142.667,342.03,12
1300,374.056,142.5,342.03,12
1301,373.889,142.333,342.03,12
1302,373.722,142.167,342.03,12
1303,373.556,142.0,342.03,12
1304,373.389,141.833,342.03,12
1305,373.222,141.667,342.03,12
1306,373.056,141.5,342.03,12
1307,372.889,141.333,342.03,12
1308,372.722,141.167,342.03,12
1309,372.556,141.0,342.03,12
1310,372.389,140.833,342.03,12
1311,372.222,140.667,342.03,12
1312,372.056,140.5,342.03,12
1313,371.889,140.333,342.03,12
1314,371.722,140.167,342.03,12
1315,371.556,140.0,342.03,12
1316,371.389,139.833,342.03,12
1317,371.222,139.667,342.03,12
1318,371.056,139.5,342.03,12
1319,370.889,139.333,342.03,12
1320,370.722,139.167,342.03,12
1321,370.556,139.0,342.03,12
1322,370.389,138.833,342.03,12
1323,370.222,138.667,342.03,12
1324,370.056,138.5,342.03,12
1325,369.889,138.333,342.03,12
1326,369.722,138.167,342.03,12
1327,369.556,138.0,342.03,12
1328,369.389,137.833,342.03,12
1329,369.222,137.667,342.03,12
1330,369.056,137.5,342.03,12
1331,368.889,137.333,342.03,12
1332,368.722,137.167,342.03,12
1333,368.556,137.0,342.03,12
1334,368.389,136.833,342.03,12
1335,368.222,136.667,342.03,12
1336,368.056,136.5,342.03,12
1337,367.889,136.333,342.03,12
1338,367.722,136.167,342.03,12
1339,367.556,136.0,342.03,12
1340,367.389,135.833,342.03,12
1341,367.222,135.667,342.03,12
1342,367.056,135.5,342.03,12
1343,366.889,135.333,342.03,12
1344,366.722,135.167,342.03,12
1345,366.556,135.0,342.03,12
1346,366.389,134.833,342.03,12
1347,366.222,134.667,342.03,12
1348,366.056,134.5,342.03,12
1349,365.889,134.333,342.03,12
1350,365.722,134.167,342.03,12
1351,365.556,134.0,342.03,12
1352,365.389,133.833,342.03,12
1353,365.222,133.667,342.03,12
1354,365.056,133.5,342.03,12
1355,364.889,133.333,342.03,12
1356,364.722,133.167,342.03,12
1357,364.556,133.0,342.03,12
1358,364.389,132.833,342.03,12
1359,364.222,132.667,342.03,12
1360,364.056,132.5,342.03,12
1361,363.889,132.333,342.03,12
1362,363.722,132.167,342.03,12
1363,363.556,132.0,342.03,12
1364,363.389,131.833,342.03,12
1365,363.222,131.667,342.03,12
1366,363.056,131.5,342.03,12
1367,362.889,131.333,342.03,12
1368,362.722,131.167,342.03,12
1369,362.556,131.0,342.03,12
1370,362.389,130.833,342.03,12
1371,362.222,130.667,342.03,12
1372,362.056,130.5,342.03,12
1373,361.889,130.333,342.03,12
1374,361.722,130.167,342.03,12
1375,361.556,130.0,342.03,12
1376,361.389,129.833,342.03,12
1377,361.222,129.667,342.03,12
1378,361.056,129.5,342.03,12
1379,360.889,129.333,342.03,12
1380,360.722,129.167,342.03,12
1381,360.556,129.0,342.03,12
1382,360.389,128.833,342.03,12
1383,360.222,128.667,342.03,12
1384,360.056,128.5,342.03,12
1385,359.889,128.333,342.03,12
1386,359.722,128.167,342.03,12
1387,359.556,128.0,342.03,12
1388,359.389,127.833,342.03,12
1389,359.222,127.667,342.03,12
1390,359.056,127.5,342.03,12
1391,358.889,127.333,342.03,12
1392,358.722,127.167,342.03,12
1393,358.556,127.0,342.03,12
1394,358.389,126.833,342.03,12
1395,358.222,126.667,342.03,12
1396,358.056,126.5,342.03,12
1397,357.889,126.333,342.03,12
1398,357.722,126.167,342.03,12
1399,357.556,126.0,342.03,12
1400,357.389,125.833,342.03,12
1401,357.222,125.667,342.03,12
1402,357.056,125.5,342.03,12
1403,356.889,125.333,342.03,12
1404,356.722,125.167,342.03,12
1405,356.556,125.0,342.03,12
1406,356.389,124.833,342.03,12
1407,356.222,124.667,342.03,12
1408,356.056,124.5,342.03,12
1409,355.889,124.333,342.03,12
1410,355.722,124.167,342.03,12
1411,355.556,124.0,342.03,12
1412,355.389,123.833,342.03,12
1413,355.222,123.667,342.03,12
1414,355.056,123.5,342.03,12
1415,354.889,123.333,342.03,12
1416,354.722,123.167,342.03,12
1417,354.556,123.0,342.03,12
1418,354.389,122.833,342.03,12
1419,354.222,122.667,342.03,12
1420,354.056,122.5,342.03,12
1421,353.889,122.333,342.03,12
1422,353.722,122.167,342.03,12
1423,353.556,122.0,342.03,12
1424,353.389,121.833,342.03,12
1425,353.222,121.667,342.03,12
1426,353.056,121.5,342.03,12
1427,352.889,121.333,342.03,12
1428,352.722,121.167,342.03,12
1429,352.556,121.0,342.03,12
1430,352.389,120.833,342.03,12
1431,352.222,120.667,342.03,12
1432,352.056,120.5,342.03,12
1433,351.889,120.333,342.03,12
1434,351.722,120.167,342.03,12
1435,351.556,120.0,342.03,12
1436,351.389,119.833,342.03,12
1437,351.222,119.667,342.03,12
1438,351.056,119.5,342.03,12
1439,350.889,119.333,342.03,12
1440,350.722,119.167,342.03,12
1441,350.556,119.0,342.03,12
1442,350.389,118.833,342.03,12
1443,350.222,118.667,342.03,12
1444,350.056,118.5,342.03,12
1445,349.889,118.333,342.03,12
1446,349.722,118.167,342.03,12
1447,349.556,118.0,342.03,12
1448,349.389,117.833,342.03,12
1449,349.222,117.667,342.03,12
1450,349.056,117.5,342.03,12
1451,348.889,117.333,342.03,12
1452,348.722,117.167,342.03,12
1453,348.556,117.0,342.03,12
1454,348.389,116.833,342.03,12
1455,348.222,116.667,342.03,12
1456,348.056,116.5,342.03,12
1457,347.889,116.333,342.03,12
1458,347.722,116.167,342.03,12
1459,347.556,116.0,342.03,12
1460,347.389,115.833,342.03,12
1461,347.222,115.667,342.03,12
1462,347.056,115.5,342.03,12
1463,346.889,115.333,342.03,12
1464,346.722,115.167,342.03,12
1465,346.556,115.0,342.03,12
1466,346.389,114.833,342.03,12
1467,346.222,114.667,342.03,12
1468,346.056,114.5,342.03,12
1469,345.889,114.333,342.03,12
1470,345.722,114.167,342.03,12
1471,345.556,114.0,342.03,12
1472,345.389,113.833,342.03,12
1473,345.222,113.667,342.03,12
1474,345.056,113.5,342.03,12
1475,344.889,113.333,342.03,12
1476,344.722,113.167,342.03,12
1477,344.556,113.0,342.03,12
1478,344.389,112.833,342.03,12
1479,344.222,112.667,342.03,12
1480,344.056,112.5,342.03,12
1481,343.889,112.333,342.03,12
1482,343.722,112.167,342.03,12
1483,343.556,112.0,342.03,12
1484,343.389,111.833,342.03,12
1485,343.222,111.667,342.03,12
1486,343.056,111.5,342.03,12
1487,342.889,111.333,342.03,12
1488,342.722,111.167,342.03,12
1489,342.556,111.0,342.03,12
1490,342.389,110.833,342.03,12
1491,342.222,110.667,342.03,12
1492,342.056,110.5,342.03,12
1493,341.889,110.333,342.03,12
1494,341.722,110.167,342.03,12
1495,341.556,110.0,342.03,12
1496,341.389,109.833,342.03,12
1497,341.222,109.667,342.03,12
1498,341.056,109.5,342.03,12
1499,340.889,109.333,342.03,12
1500,340.722,109.167,342.03,12
1501,340.556,109.0,342.03,12
1502,340.389,108.833,342.03,12
1503,340.222,108.667,342.03,12
1504,340.056,108.5,342.03,12
1505,339.889,108.333,342.03,12
1506,339.722,108.167,342.03,12
1507,339.556,108.0,342.03,12
1508,339.389,107.833,342.03,12
1509,339.222,107.667,342.03,12
1510,339.056,107.5,342.03,12
1511,338.889,107.333,342.03,12
1512,338.722,107.167,342.03,12
1513,338.556,107.0,342.03,12
1514,338.389,106.833,342.03,12
1515,338.222,106.667,342.03,12
1516,338.056,106.5,342.03,12
1517,337.889,106.333,342.03,12
1518,337.722,106.167,342.03,12
1519,337.556,106.0,342.03,12
1520,337.389,105.833,342.03,12
1521,337.222,105.667,342.03,12
1522,337.056,105.5,342.03,12
1523,336.889,105.333,342.03,12
1524,336.722,105.167,342.03,12
1525,336.556,105.0,342.03,12
1526,336.389,104.833,342.03,12
1527,336.222,104.667,342.03,12
1528,336.056,104.5,342.03,12
1529,335.889,104.333,342.03,12
1530,335.722,104.167,342.03,12
1531,335.556,104.0,342.03,12
1532,335.389,103.833,342.03,12
1533,335.222,103.667,342.03,12
1534,335.056,103.5,342.03,12
1535,334.889,103.333,342.03,12
1536,334.722,103.167,342.03,12
1537,334.556,103.0,342.03,12
1538,334.389,102.833,342.03,12
1539,334.222,102.667,342.03,12
1540,334.056,102.5,342.03,12
1541,333.889,102.333,342.03,12
1542,333.722,102.167,342.03,12
1543,333.556,102.0,342.03,12
1544,333.389,101.833,342.03,12
1545,333.222,101.667,342.03,12
1546,333.056,101.5,342.03,12
1547,332.889,101.333,342.03,12
1548,332.722,101.167,342.03,12
1549,332.556,101.0,342.03,12
1550,332.389,100.833,342.03,12
1551,332.222,100.667,342.03,12
1552,332.056,100.5,342.03,12
1553,331.889,100.333,342.03,12
1554,331.722,100.167,342.03,12
1555,331.556,100.0,342.03,12
1556,331.389,99.833,342.03,12
1557,331.222,99.667,342.03,12
1558,331.056,99.5,342.03,12
1559,330.889,99.333,342.03,12
1560,330.722,99.167,342.03,12
1561,330.556,99.0,342.03,12
1562,330.389,98.833,342.03,12
1563,330.222,98.667,342.03,12
1564,330.056,98.5,342.03,12
1565,329.889,98.333,342.03,12
1566,329.722,98.167,342.03,12
1567,329.556,98.0,342.03,12
1568,329.389,97.833,342.03,12
1569,329.222,97.667,342.03,12
1570,329.056,97.5,342.03,12
1571,328.889,97.333,342.03,12
1572,328.722,97.167,342.03,12
1573,328.556,97.0,342.03,12
1574,328.389,96.833,342.03,12
1575,328.222,96.667,342.03,12
1576,328.056,96.5,342.03,12
1577,327.889,96.333,342.03,12
1578,327.722,96.167,342.03,12
1579,327.556,96.0,342.03,12
1580,327.389,95.833,342.03,12
1581,327.222,95.667,342.03,12
1582,327.056,95.5,342.03,12
1583,326.889,95.333,342.03,12
1584,326.722,95.167,342.03,12
1585,326.556,95.0,342.03,12
1586,326.389,94.833,342.03,12
1587,326.222,94.667,342.03,12
1588,326.056,94.5,342.03,12
1589,325.889,94.333,342.03,12
1590,325.722,94.167,342.03,12
1591,325.556,94.0,342.03,12
1592,325.389,93.833,342.03,12
1593,325.222,93.667,342.03,12
1594,325.056,93.5,342.03,12
1595,324.889,93.333,342.03,12
1596,324.722,93.167,342.03,12
1597,324.556,93.0,342.03,12
1598,324.389,92.833,342.03,12
1599,324.222,92.667,342.03,12
1600,324.056,92.5,342.03,12
1601,323.889,92.333,342.03,12
1602,323.722,92.167,342.03,12
1603,323.556,92.0,342.03,12
1604,323.389,91.833,342.03,12
1605,323.222,91.667,342.03,12
1606,323.056,91.5,342.03,12
1607,322.889,91.333,342.03,12
1608,322.722,91.167,342.03,12
1609,322.556,91.0,342.03,12
1610,322.389,90.833,342.03,12
1611,322.222,90.667,342.03,12
1612,322.056,90.5,342.03,12
1613,321.889,90.333,342.03,12
1614,321.722,90.167,342.03,12
1615,321.556,90.0,342.03,12
1616,321.389,89.833,342.03,12
1617,321.222,89.667,342.03,12
1618,321.056,89.5,342.03,12
1619,320.889,89.333,342.03,12
1620,320.722,89.167,342.03,12
1621,320.556,89.0,342.03,12
1622,320.389,88.833,342.03,12
1623,320.222,88.667,342.03,12
1624,320.056,88.5,342.03,12
1625,319.889,88.333,342.03,12
1626,319.722,88.167,342.03,12
1627,319.556,88.0,342.03,12
1628,319.389,87.833,342.03,12
1629,319.222,87.667,342.03,12
1630,319.056,87.5,342.03,12
1631,318.889,87.333,342.03,12
1632,318.722,87.167,342.03,12
1633,318.556,87.0,342.03,12
1634,318.389,86.833,342.03,12
1635,318.222,86.667,342.03,12
1636,318.056,86.5,342.03,12
1637,317.889,86.333,342.03,12
1638,317.722,86.167,342.03,12
1639,317.556,86.0,342.03,12
1640,317.389,85.833,342.03,12
1641,317.222,85.667,342.03,12
1642,317.056,85.5,342.03,12
1643,316.889,85.333,342.03,12
1644,316.722,85.167,342.03,12
1645,316.556,85.0,342.03,12
1646,316.389,84.833,342.03,12
1647,316.222,84.667,342.03,12
1648,316.056,84.5,342.03,12
1649,315.889,84.333,342.03,12
1650,315.722,84.167,342.03,12
1651,315.556,84.0,342.03,12
1652,315.389,83.833,342.03,12
1653,315.222,83.667,342.03,12
1654,315.056,83.5,342.03,12
1655,314.889,83.333,342.03,12
1656,314.722,83.167,342.03,12
1657,314.556,83.0,342.03,12
1658,314.389,82.833,342.03,12
1659,314.222,82.667,342.03,12
1660,314.056,82.5,342.03,12
1661,313.889,82.333,342.03,12
1662,313.722,82.167,342.03,12
1663,313.556,82.0,342.03,12
1664,313.389,81.833,342.03,12
1665,313.222,81.667,342.03,12
1666,313.056,81.5,342.03,12
1667,312.889,81.333,342.03,12
1668,312.722,81.167,342.03,12
1669,312.556,81.0,342.03,12
1670,312.389,80.833,342.03,12
1671,312.222,80.667,342.03,12
1672,312.056,80.5,342.03,12
1673,311.889,80.333,342.03,12
1674,311.722,80.167,342.03,12
1675,311.556,80.0,342.03,12
1676,311.389,79.833,342.03,12
1677,311.222,79.667,342.03,12
1678,311.056,79.5,342.03,12
1679,310.889,79.333,342.03,12
1680,310.722,79.167,342.03,12
1681,310.556,79.0,342.03,12
1682,310.389,78.833,342.03,12
1683,310.222,78.667,342.03,12
1684,310.056,78.5,342.03,12
1685,309.889,78.333,342.03,12
1686,309.722,78.167,342.03,12
1687,309.556,78.0,342.03,12
1688,309.389,77.833,342.03,12
1689,309.222,77.667,342.03,12
1690,309.056,77.5,342.03,12
1691,308.889,77.333,342.03,12
1692,308.722,77.167,342.03,12
1693,308.556,77.0,342.03,12
1694,308.389,76.833,342.03,12
1695,308.222,76.667,342.03,12
1696,308.056,76.5,342.03,12
1697,307.889,76.333,342.03,12
1698,307.722,76.167,342.03,12
1699,307.556,76.0,342.03,12
1700,307.389,75.833,342.03,12
1701,307.222,75.667,342.03,12
1702,307.056,75.5,342.03,12
1703,306.889,75.333,342.03,12
1704,306.722,75.167,342.03,12
1705,306.556,75.0,342.03,12
1706,306.389,74.833,342.03,12
1707,306.222,74.667,342.03,12
1708,306.056,74.5,342.03,12
1709,305.889,74.333,342.03,12
1710,305.722,74.167,342.03,12
1711,305.556,74.0,342.03,12
1712,305.389,73.833,342.03,12
1713,305.222,73.667,342.03,12
1714,305.056,73.5,342.03,12
1715,304.889,73.333,342.03,12
1716,304.722,73.167,342.03,12
1717,304.556,73.0,342.03,12
1718,304.389,72.833,342.03,12
1719,304.222,72.667,342.03,12
1720,304.056,72.5,342.03,12
1721,303.889,72.333,342.03,12
1722,303.722,72.167,342.03,12
1723,303.556,72.0,342.03,12
1724,303.389,71.833,342.03,12
1725,303.222,71.667,342.03,12
1726,303.056,71.5,342.03,12
1727,302.889,71.333,342.03,12
1728,302.722,71.167,342.03,12
1729,302.556,71.0,342.03,12
1730,302.389,70.833,342.03,12
1731,302.222,70.667,342.03,12
1732,302.056,70.5,342.03,12
1733,301.889,70.333,342.03,12
1734,301.722,70.167,342.03,12
1735,301.556,70.0,342.03,12
1736,301.389,69.833,342.03,12
1737,301.222,69.667,342.03,12
1738,301.056,69.5,342.03,12
1739,300.889,69.333,342.03,12
1740,300.722,69.167,342.03,12
1741,300.556,69.0,342.03,12
1742,300.389,68.833,342.03,12
1743,300.222,68.667,342.03,12
1744,300.056,68.5,342.03,12
1745,299.889,68.333,342.03,12
1746,299.722,68.167,342.03,12
1747,299.556,68.0,342.03,12
1748,299.389,67.833,342.03,12
1749,299.222,67.667,342.03,12
1750,299.056,67.5,342.03,12
1751,298.889,67.333,342.03,12
1752,298.722,67.167,342.03,12
1753,298.556,67.0,342.03,12
1754,298.389,66.833,342.03,12
1755,298.222,66.667,342.03,12
1756,298.056,66.5,342.03,12
1757,297.889,66.333,342.03,12
1758,297.722,66.167,342.03,12
1759,297.556,66.0,342.03,12
1760,297.389,65.833,342.03,12
1761,297.222,65.667,342.03,12
1762,297.056,65.5,342.03,12
1763,296.889,65.333,342.03,12
1764,296.722,65.167,342.03,12
1765,296.556,65.0,342.03,12
1766,296.389,64.833,342.03,12
1767,296.222,64.667,342.03,12
1768,296.056,64.5,342.03,12
1769,295.889,64.333,342.03,12
1770,295.722,64.167,342.03,12
1771,295.556,64.0,342.03,12
1772,295.389,63.833,342.03,12
1773,295.222,63.667,342.03,12
1774,295.056,63.5,342.03,12
1775,294.889,63.333,342.03,12
1776,294.722,63.167,342.03,12
1777,294.556,63.0,342.03,12
1778,294.389,62.833,342.03,12
1779,294.222,62.667,342.03,12
1780,294.056,62.5,342.03,12
1781,293.889,62.333,342.03,12
1782,293.722,62.167,342.03,12
1783,293.556,62.0,342.03,12
1784,293.389,61.833,342.03,12
1785,293.222,61.667,342.03,12
1786,293.056,61.5,342.03,12
1787,292.889,61.333,342.03,12
1788,292.722,61.167,342.03,12
1789,292.556,61.0,342.03,12
1790,292.389,60.833,342.03,12
1791,292.222,60.667,342.03,12
1792,292.056,60.5,342.03,12
1793,291.889,60.333,342.03,12
1794,291.722,60.167,342.03,12
1795,291.556,60.0,342.03,12
1796,291.389,59.833,342.03,12
1797,291.222,59.667,342.03,12
1798,291.056,59.5,342.03,12
1799,290.889,59.333,342.03,12
1800,290.722,59.167,342.03,12
1801,290.556,59.0,342.03,12
1802,290.389,58.833,342.03,12
1803,290.222,58.667,342.03,12
1804,290.056,58.5,342.03,12
1805,289.889,58.333,342.03,12
1806,289.722,58.167,342.03,12
1807,289.556,58.0,342.03,12
1808,289.389,57.833,342.03,12
1809,289.222,57.667,342.03,12
1810,289.056,57.5,342.03,12
1811,288.889,57.333,342.03,12
1812,288.722,57.167,342.03,12
1813,288.556,57.0,342.03,12
1814,288.389,56.833,342.03,12
1815,288.222,56.667,342.03,12
1816,288.056,56.5,342.03,12
1817,287.889,56.333,342.03,12
1818,287.722,56.167,342.03,12
1819,287.556,56.0,342.03,12
1820,287.389,55.833,342.03,12
1821,287.222,55.667,342.03,12
1822,287.056,55.5,342.03,12
1823,286.889,55.333,342.03,12
1824,286.722,55.167,342.03,12
1825,286.556,55.0,342.03,12
1826,286.389,54.833,342.03,12
1827,286.222,54.667,342.03,12
1828,286.056,54.5,342.03,12
1829,285.889,54.333,342.03,12
1830,285.722,54.167,342.03,12
1831,285.556,54.0,342.03,12
1832,285.389,53.833,342.03,12
1833,285.222,53.667,342.03,12
1834,285.056,53.5,342.03,12
1835,284.889,53.333,342.03,12
1836,284.722,53.167,342.03,12
1837,284.556,53.0,342.03,12
1838,284.389,52.833,342.03,12
1839,284.222,52.667,342.03,12
1840,284.056,52.5,342.03,12
1841,283.889,52.333,342.03,12
1842,283.722,52.167,342.03,12
1843,283.556,52.0,342.03,12
1844,283.389,51.833,342.03,12
1845,283.222,51.667,342.03,12
1846,283.056,51.5,342.03,12
1847,282.889,51.333,342.03,12
1848,282.722,51.167,342.03,12
1849,282.556,51.0,342.03,12
1850,282.389,50.833,342.03,12
1851,282.222,50.667,342.03,12
1852,282.056,50.5,342.03,12
1853,281.889,50.333,342.03,12
1854,281.722,50.167,342.03,12
1855,281.556,50.0,342.03,12
1856,281.389,49.833,342.03,12
1857,281.222,49.667,342.03,12
1858,281.056,49.5,342.03,12
1859,280.889,49.333,342.03,12
1860,280.722,49.167,342.03,12
1861,280.556,49.0,342.03,12
1862,280.389,48.833,342.03,12
1863,280.222,48.667,342.03,12
1864,280.056,48.5,342.03,12
1865,279.889,48.333,342.03,12
1866,279.722,48.167,342.03,12
1867,279.556,48.0,342.03,12
1868,279.389,47.833,342.03,12
1869,279.222,47.667,342.03,12
1870,279.056,47.5,342.03,12
1871,278.889,47.333,342.03,12
1872,278.722,47.167,342.03,12
1873,278.556,47.0,342.03,12
1874,278.389,46.833,342.03,12
1875,278.222,46.667,342.03,12
1876,278.056,46.5,342.03,12
1877,277.889,46.333,342.03,12
1878,277.722,46.167,342.03,12
1879,277.556,46.0,342.03,12
1880,277.389,45.833,342.03,12
1881,277.222,45.667,342.03,12
1882,277.056,45.5,342.03,12
1883,276.889,45.333,342.03,12
1884,276.722,45.167,342.03,12
1885,276.556,45.0,342.03,12
1886,276.389,44.833,342.03,12
1887,276.222,44.667,342.03,12
1888,276.056,44.5,342.03,12
1889,275.889,44.333,342.03,12
1890,275.722,44.167,342.03,12
1891,275.556,44.0,342.03,12
1892,275.389,43.833,342.03,12
1893,275.222,43.667,342.03,12
1894,275.056,43.5,342.03,12
1895,274.889,43.333,342.03,12
1896,274.722,43.167,342.03,12
1897,274.556,43.0,342.03,12
1898,274.389,42.833,342.03,12
1899,274.222,42.667,342.03,12
1900,274.056,42.5,342.03,12
1901,273.889,42.333,342.03,12
1902,273.722,42.167,342.03,12
1903,273.556,42.0,342.03,12
1904,273.389,41.833,342.03,12
1905,273.222,41.667,342.03,12
1906,273.056,41.5,342.03,12
1907,272.889,41.333,342.03,12
1908,272.722,41.167,342.03,12
1909,272.556,41.0,342.03,12
1910,272.389,40.833,342.03,12
1911,272.222,40.667,342.03,12
1912,272.056,40.5,342.03,12
1913,271.889,40.333,342.03,12
1914,271.722,40.167,342.03,12
1915,271.556,40.0,342.03,12
1916,271.389,39.833,342.03,12
1917,271.222,39.667,342.03,12
1918,271.056,39.5,342.03,12
1919,270.889,39.333,342.03,12
1920,270.722,39.167,342.03,12
1921,270.556,39.0,342.03,12
1922,270.389,38.833,342.03,12
1923,270.222,38.667,342.03,12
1924,270.056,38.5,342.03,12
1925,269.889,38.333,342.03,12
1926,269.722,38.167,342.03,12
1927,269.556,38.0,342.03,12
1928,269.389,37.833,342.03,12
1929,269.222,37.667,342.03,12
1930,269.056,37.5,342.03,12
1931,268.889,37.333,342.03,12
1932,268.722,37.167,342.03,12
1933,268.556,37.0,342.03,12
1934,268.389,36.833,342.03,12
1935,268.222,36.667,342.03,12
1936,268.056,36.5,342.03,12
1937,267.889,36.333,342.03,12
1938,267.722,36.167,342.03,12
1939,267.556,36.0,342.03,12
1940,267.389,35.833,342.03,12
1941,267.222,35.667,342.03,12
1942,267.056,35.5,342.03,12
1943,266.889,35.333,342.03,12
1944,266.722,35.167,342.03,12
1945,266.556,35.0,342.03,12
1946,266.389,34.833,342.03,12
1947,266.222,34.667,342.03,12
1948,266.056,34.5,342.03,12
1949,265.889,34.333,342.03,12
1950,265.722,34.167,342.03,12
1951,265.556,34.0,342.03,12
1952,265.389,33.833,342.03,12
1953,265.222,33.667,342.03,12
1954,265.056,33.5,342.03,12
1955,264.889,33.333,342.03,12
1956,264.722,33.167,342.03,12
1957,264.556,33.0,342.03,12
1958,264.389,32.833,342.03,12
1959,264.222,32.667,342.03,12
1960,264.056,32.5,342.03,12
1961,263.889,32.333,342.03,12
1962,263.722,32.167,342.03,12
1963,263.556,32.0,342.03,12
1964,263.389,31.833,342.03,12
1965,263.222,31.667,342.03,12
1966,263.056,31.5,342.03,12
1967,262.889,31.333,342.03,12
1968,262.722,31.167,342.03,12
1969,262.556,31.0,342.03,12
1970,262.389,30.833,342.03,12
1971,262.222,30.667,342.03,12
1972,262.056,30.5,342.03,12
1973,261.889,30.333,342.03,12
1974,261.722,30.167,342.03,12
1975,261.556,30.0,342.03,12
1976,261.389,29.833,342.03,12
1977,261.222,29.667,342.03,12
1978,261.056,29.5,342.03,12
1979,260.889,29.333,342.03,12
1980,260.722,29.167,342.03,12
1981,260.556,29.0,342.03,12
1982,260.389,28.833,342.03,12
1983,260.222,28.667,342.03,12
1984,260.056,28.5,342.03,12
1985,259.889,28.333,342.03,12
1986,259.722,28.167,342.03,12
1987,259.556,28.0,342.03,12
1988,259.389,27.833,342.03,12
1989,259.222,27.667,342.03,12
1990,259.056,27.5,342.03,12
1991,258.889,27.333,342.03,12
1992,258.722,27.167,342.03,12
1993,258.556,27.0,342.03,12
1994,258.389,26.833,342.03,12
1995,258.222,26.667,342.03,12
1996,258.056,26.5,342.03,12
1997,257.889,26.333,342.03,12
1998,257.722,26.167,342.03,12
1999,257.556,26.0,342.03,12
2000,257.389,25.833,342.03,12
2001,257.222,25.667,342.03,12
2002,257.056,25.5,342.03,12
2003,256.889,25.333,342.03,12
2004,256.722,25.167,342.03,12
2005,256.556,25.0,342.03,12
2006,256.389,24.833,342.03,12
2007,256.222,24.667,342.03,12
2008,256.056,24.5,342.03,12
2009,255.889,24.333,342.03,12
2010,255.722,24.167,342.03,12
2011,255.556,24.0,342.03,12
2012,255.389,23.833,342.03,12
2013,255.222,23.667,342.03,12
2014,255.056,23.5,342.03,12
2015,254.889,23.333,342.03,12
2016,254.722,23.167,342.03,12
2017,254.556,23.0,342.03,12
2018,254.389,22.833,342.03,12
2019,254.222,22.667,342.03,12
2020,254.056,22.5,342.03,12
2021,253.889,22.333,342.03,12
2022,253.722,22.167,342.03,12
2023,253.556,22.0,342.03,12
2024,253.389,21.833,342.03,12
2025,253.222,21.667,342.03,12
2026,253.056,21.5,342.03,12
2027,252.889,21.333,342.03,12
2028,252.722,21.167,342.03,12
2029,252.556,21.0,342.03,12
2030,252.389,20.833,342.03,12
2031,252.222,20.667,342.03,12
2032,252.056,20.5,342.03,12
2033,251.889,20.333,342.03,12
2034,251.722,20.167,342.03,12
2035,251.556,20.0,342.03,12
2036,251.389,19.833,342.03,12
2037,251.222,19.667,342.03,12
2038,251.056,19.5,342.03,12
2039,250.889,19.333,342.03,12
2040,250.722,19.167,342.03,12
2041,250.556,19.0,342.03,12
2042,250.389,18.833,342.03,12
2043,250.222,18.667,342.03,12
2044,250.056,18.5,342.03,12
2045,249.889,18.333,342.03,12
2046,249.722,18.167,342.03,12
2047,249.556,18.0,342.03,12
2048,249.389,17.833,342.03,12
2049,249.222,17.667,342.03,12
2050,249.056,17.5,342.03,12
2051,248.889,17.333,342.03,12
2052,248.722,17.167,342.03,12
2053,248.556,17.0,342.03,12
2054,248.389,16.833,342.03,12
2055,248.222,16.667,342.03,12
2056,248.056,16.5,342.03,12
2057,247.889,16.333,342.03,12
2058,247.722,16.167,342.03,12
2059,247.556,16.0,342.03,12
2060,247.389,15.833,342.03,12
2061,247.222,15.667,342.03,12
2062,247.056,15.5,342.03,12
2063,246.889,15.333,342.03,12
2064,246.722,15.167,342.03,12
2065,246.556,15.0,342.03,12
2066,246.389,14.833,342.03,12
2067,246.222,14.667,342.03,12
2068,246.056,14.5,342.03,12
2069,245.889,14.333,342.03,12
2070,245.722,14.167,342.03,12
2071,245.556,14.0,342.03,12
2072,245.389,13.833,342.03,12
2073,245.222,13.667,342.03,12
2074,245.056,13.5,342.03,12
2075,244.889,13.333,342.03,12
2076,244.722,13.167,342.03,12
2077,244.556,13.0,342.03,12
2078,244.389,12.833,342.03,12
2079,244.222,12.667,342.03,12
2080,244.056,12.5,342.03,12
2081,243.889,12.333,342.03,12
2082,243.722,12.167,342.03,12
2083,243.556,12.0,342.03,12
2084,243.389,11.833,342.03,12
2085,243.222,11.667,342.03,12
2086,243.056,11.5,342.03,12
2087,242.889,11.333,342.03,12
2088,242.722,11.167,342.03,12
2089,242.556,11.0,342.03,12
2090,242.389,10.833,342.03,12
2091,242.222,10.667,342.03,12
2092,242.056,10.5,342.03,12
2093,241.889,10.333,342.03,12
2094,241.722,10.167,342.03,12
2095,241.556,10.0,342.03,12
2096,241.389,9.833,342.03,12
2097,241.222,9.667,342.03,12
2098,241.056,9.5,342.03,12
2099,240.889,9.333,342.03,12
2100,240.722,9.167,342.03,12
2101,240.556,9.0,342.03,12
2102,240.389,8.833,342.03,12
2103,240.222,8.667,342.03,12
2104,240.056,8.5,342.03,12
2105,239.889,8.333,342.03,12
2106,239.722,8.167,342.03,12
2107,239.556,8.0,342.03,12
2108,239.389,7.833,342.03,12
2109,239.222,7.667,342.03,12
2110,239.056,7.5,342.03,12
2111,238.889,7.333,342.03,12
2112,238.722,7.167,342.03,12
2113,238.556,7.0,342.03,12
2114,238.389,6.833,342.03,12
2115,238.222,6.667,342.03,12
2116,238.056,6.5,342.03,12
2117,237.889,6.333,342.03,12
2118,237.722,6.167,342.03,12
2119,237.556,6.0,342.03,12
2120,237.389,5.833,342.03,12
2121,237.222,5.667,342.03,12
2122,237.056,5.5,342.03,12
2123,236.889,5.333,342.03,12
2124,236.722,5.167,342.03,12
2125,236.556,5.0,342.03,12
2126,236.389,4.833,342.03,12
2127,236.222,4.667,342.03,12
2128,236.056,4.5,342.03,12
2129,235.889,4.333,342.03,12
2130,235.722,4.167,342.03,12
2131,235.556,4.0,342.03,12
2132,235.389,3.833,342.03,12
2133,235.222,3.667,342.03,12
2134,235.056,3.5,342.03,12
2135,234.889,3.333,342.03,12
2136,234.722,3.167,342.03,12
2137,234.556,3.0,342.03,12
2138,234.389,2.833,342.03,12
2139,234.222,2.667,342.03,12
2140,234.056,2.5,342.03,12
2141,233.889,2.333,342.03,12
2142,233.722,2.167,342.03,12
2143,233.556,2.0,342.03,12
2144,233.389,1.833,342.03,12
2145,233.222,1.667,342.03,12
2146,233.056,1.5,342.03,12
2147,232.889,1.333,342.03,12
2148,232.722,1.167,342.03,12
2149,232.556,1.0,342.03,12
2150,232.389,0.833,342.03,12
2151,232.222,0.667,342.03,12
2152,232.056,0.5,342.03,12
2153,231.889,0.333,342.03,12
2154,231.722,0.167,342.03,12
2155,231.556,0.0,342.03,12
2156,694.5,694.5,0.0,4
2157,694.333,694.333,0.0,4
2158,694.167,694.167,0.0,4
2159,694.0,694.0,0.0,4
2160,693.833,693.833,0.0,4
2161,693.667,693.667,0.0,4
2162,693.5,693.5,0.0,4
2163,693.333,693.333,0.0,4
2164,693.167,693.167,0.0,4
2165,693.0,693.0,0.0,4
2166,692.833,692.833,0.0,4
2167,692.667,692.667,0.0,4
2168,692.5,692.5,0.0,4
2169,692.333,692.333,0.0,4
2170,692.167,692.167,0.0,4
2171,692.0,692.0,0.0,4
2172,691.833,691.833,0.0,4
2173,691.667,691.667,0.0,4
2174,691.5,691.5,0.0,4
2175,691.333,691.333,0.0,4
2176,691.167,691.167,0.0,4
2177,691.0,691.0,0.0,4
2178,690.833,690.833,0.0,4
2179,690.667,690.667,0.0,4
2180,690.5,690.5,0.0,4
2181,690.333,690.333,0.0,4
2182,690.167,690.167,0.0,4
2183,690.0,690.0,0.0,4
2184,689.833,689.833,0.0,4
2185,689.667,689.667,0.0,4
2186,689.5,689.5,0.0,4
2187,689.333,689.333,0.0,4
2188,689.167,689.167,0.0,4
2189,689.0,689.0,0.0,4
2190,688.833,688.833,0.0,4
2191,688.667,688.667,0.0,4
2192,688.5,688.5,0.0,4
2193,688.333,688.333,0.0,4
2194,688.167,688.167,0.0,4
2195,688.0,688.0,0.0,4
2196,687.833,687.833,0.0,4
2197,687.667,687.667,0.0,4
2198,687.5,687.5,0.0,4
2199,687.333,687.333,0.0,4
2200,687.167,687.167,0.0,4
2201,687.0,687.0,0.0,4
2202,686.833,686.833,0.0,4
2203,686.667,686.667,0.0,4
2204,686.5,686.5,0.0,4
2205,686.333,686.333,0.0,4
2206,686.167,686.167,0.0,4
2207,686.0,686.0,0.0,4
2208,685.833,685.833,0.0,4
2209,685.667,685.667,0.0,4
2210,685.5,685.5,0.0,4
2211,685.333,685.333,0.0,4
2212,685.167,685.167,0.0,4
2213,685.0,685.0,0.0,4
2214,684.833,684.833,0.0,4
2215,684.667,684.667,0.0,4
2216,684.5,684.5,0.0,4
2217,684.333,684.333,0.0,4
2218,684.167,684.167,0.0,4
2219,684.0,684.0,0.0,4
2220,683.833,683.833,0.0,4
2221,683.667,683.667,0.0,4
2222,683.5,683.5,0.0,4
2223,683.333,683.333,0.0,4
2224,683.167,683.167,0.0,4
2225,683.0,683.0,0.0,4
2226,682.833,682.833,0.0,4
2227,682.667,682.667,0.0,4
2228,682.5,682.5,0.0,4
2229,682.333,682.333,0.0,4
2230,682.167,682.167,0.0,4
2231,682.0,682.0,0.0,4
2232,681.833,681.833,0.0,4
2233,681.667,681.667,0.0,4
2234,681.5,681.5,0.0,4
2235,681.333,681.333,0.0,4
2236,681.167,681.167,0.0,4
2237,681.0,681.0,0.0,4
2238,680.833,680.833,0.0,4
2239,680.667,680.667,0.0,4
2240,680.5,680.5,0.0,4
2241,680.333,680.333,0.0,4
2242,680.167,680.167,0.0,4
2243,680.0,680.0,0.0,4
2244,679.833,679.833,0.0,4
2245,679.667,679.667,0.0,4
2246,679.5,679.5,0.0,4
2247,679.333,679.333,0.0,4
2248,679.167,679.167,0.0,4
2249,679.0,679.0,0.0,4
2250,678.833,678.833,0.0,4
2251,678.667,678.667,0.0,4
2252,678.5,678.5,0.0,4
2253,678.333,678.333,0.0,4
2254,678.167,678.167,0.0,4
2255,678.0,678.0,0.0,4
2256,677.833,677.833,0.0,4
2257,677.667,677.667,0.0,4
2258,677.5,677.5,0.0,4
2259,677.333,677.333,0.0,4
2260,677.167,677.167,0.0,4
2261,677.0,677.0,0.0,4
2262,676.833,676.833,0.0,4
2263,676.667,676.667,0.0,4
2264,676.5,676.5,0.0,4
2265,676.333,676.333,0.0,4
2266,676.167,676.167,0.0,4
2267,676.0,676.0,0.0,4
2268,675.833,675.833,0.0,4
2269,675.667,675.667,0.0,4
2270,675.5,675.5,0.0,4
2271,675.333,675.333,0.0,4
2272,675.167,675.167,0.0,4
2273,675.0,675.0,0.0,4
2274,674.833,674.833,0.0,4
2275,674.667,674.667,0.0,4
2276,674.5,674.5,0.0,4
2277,674.333,674.333,0.0,4
2278,674.167,674.167,0.0,4
2279,674.0,674.0,0.0,4
2280,673.833,673.833,0.0,4
2281,673.667,673.667,0.0,4
2282,673.5,673.5,0.0,4
2283,673.333,673.333,0.0,4
2284,673.167,673.167,0.0,4
2285,673.0,673.0,0.0,4
2286,672.833,672.833,0.0,4
2287,672.667,672.667,0.0,4
2288,672.5,672.5,0.0,4
2289,672.333,672.333,0.0,4
2290,672.167,672.167,0.0,4
2291,672.0,672.0,0.0,4
2292,671.833,671.833,0.0,4
2293,671.667,671.667,0.0,4
2294,671.5,671.5,0.0,4
2295,671.333,671.333,0.0,4
2296,671.167,671.167,0.0,4
2297,671.0,671.0,0.0,4
2298,670.833,670.833,0.0,4
2299,670.667,670.667,0.0,4
2300,670.5,670.5,0.0,4
2301,670.333,670.333,0.0,4
2302,670.167,670.167,0.0,4
2303,670.0,670.0,0.0,4
2304,669.833,669.833,0.0,4
2305,669.667,669.667,0.0,4
2306,669.5,669.5,0.0,4
2307,669.333,669.333,0.0,4
2308,669.167,669.167,0.0,4
2309,669.0,669.0,0.0,4
2310,668.833,668.833,0.0,4
2311,668.667,668.667,0.0,4
2312,668.5,668.5,0.0,4
2313,668.333,668.333,0.0,4
2314,668.167,668.167,0.0,4
2315,668.0,668.0,0.0,4
2316,667.833,667.833,0.0,4
2317,667.667,667.667,0.0,4
2318,667.5,667.5,0.0,4
2319,667.333,667.333,0.0,4
2320,667.167,667.167,0.0,4
2321,667.0,667.0,0.0,4
2322,666.833,666.833,0.0,4
2323,666.667,666.667,0.0,4
2324,666.5,666.5,0.0,4
2325,666.333,666.333,0.0,4
2326,666.167,666.167,0.0,4
2327,666.0,666.0,0.0,4
2328,665.833,665.833,0.0,4
2329,665.667,665.667,0.0,4
2330,665.5,665.5,0.0,4
2331,665.333,665.333,0.0,4
2332,665.167,665.167,0.0,4
2333,665.0,665.0,0.0,4
2334,664.833,664.833,0.0,4
2335,664.667,664.667,0.0,4
2336,664.5,664.5,0.0,4
2337,664.333,664.333,0.0,4
2338,664.167,664.167,0.0,4
2339,664.0,664.0,0.0,4
2340,663.833,663.833,0.0,4
2341,663.667,663.667,0.0,4
2342,663.5,663.5,0.0,4
2343,663.333,663.333,0.0,4
2344,663.167,663.167,0.0,4
2345,663.0,663.0,0.0,4
2346,662.833,662.833,0.0,4
2347,662.667,662.667,0.0,4
2348,662.5,662.5,0.0,4
2349,662.333,662.333,0.0,4
2350,662.167,662.167,0.0,4
2351,662.0,662.0,0.0,4
2352,661.833,661.833,0.0,4
2353,661.667,661.667,0.0,4
2354,661.5,661.5,0.0,4
2355,661.333,661.333,0.0,4
2356,661.167,661.167,0.0,4
2357,661.0,661.0,0.0,4
2358,660.833,660.833,0.0,4
2359,660.667,660.667,0.0,4
2360,660.5,660.5,0.0,4
2361,660.333,660.333,0.0,4
2362,660.167,660.167,0.0,4
2363,660.0,660.0,0.0,4
2364,659.833,659.833,0.0,4
2365,659.667,659.667,0.0,4
2366,659.5,659.5,0.0,4
2367,659.333,659.333,0.0,4
2368,659.167,659.167,0.0,4
2369,659.0,659.0,0.0,4
2370,658.833,658.833,0.0,4
2371,658.667,658.667,0.0,4
2372,658.5,658.5,0.0,4
2373,658.333,658.333,0.0,4
2374,658.167,658.167,0.0,4
2375,658.0,658.0,0.0,4
2376,657.833,657.833,0.0,4
2377,657.667,657.667,0.0,4
2378,657.5,657.5,0.0,4
2379,657.333,657.333,0.0,4
2380,657.167,657.167,0.0,4
2381,657.0,657.0,0.0,4
2382,656.833,656.833,0.0,4
2383,656.667,656.667,0.0,4
2384,656.5,656.5,0.0,4
2385,656.333,656.333,0.0,4
2386,656.167,656.167,0.0,4
2387,656.0,656.0,0.0,4
2388,655.833,655.833,0.0,4
2389,655.667,655.667,0.0,4
2390,655.5,655.5,0.0,4
2391,655.333,655.333,0.0,4
2392,655.167,655.167,0.0,4
2393,655.0,655.0,0.0,4
2394,654.833,654.833,0.0,4
2395,654.667,654.667,0.0,4
2396,654.5,654.5,0.0,4
2397,654.333,654.333,0.0,4
2398,654.167,654.167,0.0,4
2399,654.0,654.0,0.0,4
2400,653.833,653.833,0.0,4
2401,653.667,653.667,0.0,4
2402,653.5,653.5,0.0,4
2403,653.333,653.333,0.0,4
2404,653.167,653.167,0.0,4
2405,653.0,653.0,0.0,4
2406,652.833,652.833,0.0,4
2407,652.667,652.667,0.0,4
2408,652.5,652.5,0.0,4
2409,652.333,652.333,0.0,4
2410,652.167,652.167,0.0,4
2411,652.0,652.0,0.0,4
2412,651.833,651.833,0.0,4
2413,651.667,651.667,0.0,4
2414,651.5,651.5,0.0,4
2415,651.333,651.333,0.0,4
2416,651.167,651.167,0.0,4
2417,651.0,651.0,0.0,4
2418,650.833,650.833,0.0,4
2419,650.667,650.667,0.0,4
2420,650.5,650.5,0.0,4
2421,650.333,650.333,0.0,4
2422,650.167,650.167,0.0,4
2423,650.0,650.0,0.0,4
2424,649.833,649.833,0.0,4
2425,649.667,649.667,0.0,4
2426,649.5,649.5,0.0,4
2427,649.333,649.333,0.0,4
2428,649.167,649.167,0.0,4
2429,649.0,649.0,0.0,4
2430,648.833,648.833,0.0,4
2431,648.667,648.667,0.0,4
2432,648.5,648.5,0.0,4
2433,648.333,648.333,0.0,4
2434,648.167,648.167,0.0,4
2435,648.0,648.0,0.0,4
2436,647.833,647.833,0.0,4
2437,647.667,647.667,0.0,4
2438,647.5,647.5,0.0,4
2439,647.333,647.333,0.0,4
2440,647.167,647.167,0.0,4
2441,647.0,647.0,0.0,4
2442,646.833,646.833,0.0,4
2443,646.667,646.667,0.0,4
2444,646.5,646.5,0.0,4
2445,646.333,646.333,0.0,4
2446,646.167,646.167,0.0,4
2447,646.0,646.0,0.0,4
2448,645.833,645.833,0.0,4
2449,645.667,645.667,0.0,4
2450,645.5,645.5,0.0,4
2451,645.333,645.333,0.0,4
2452,645.167,645.167,0.0,4
2453,645.0,645.0,0.0,4
2454,644.833,644.833,0.0,4
2455,644.667,644.667,0.0,4
2456,644.5,644.5,0.0,4
2457,644.333,644.333,0.0,4
2458,644.167,644.167,0.0,4
2459,644.0,644.0,0.0,4
2460,643.833,643.833,0.0,4
2461,643.667,643.667,0.0,4
2462,643.5,643.5,0.0,4
2463,643.333,643.333,0.0,4
2464,643.167,643.167,0.0,4
2465,643.0,643.0,0.0,4
2466,642.833,642.833,0.0,4
2467,642.667,642.667,0.0,4
2468,642.5,642.5,0.0,4
2469,642.333,642.333,0.0,4
2470,642.167,642.167,0.0,4
2471,642.0,642.0,0.0,4
2472,641.833,641.833,0.0,4
2473,641.667,641.667,0.0,4
2474,641.5,641.5,0.0,4
2475,641.333,641.333,0.0,4
2476,641.167,641.167,0.0,4
2477,641.0,641.0,0.0,4
2478,640.833,640.833,0.0,4
2479,640.667,640.667,0.0,4
2480,640.5,640.5,0.0,4
2481,640.333,640.333,0.0,4
2482,640.167,640.167,0.0,4
2483,640.0,640.0,0.0,4
2484,639.833,639.833,0.0,4
2485,639.667,639.667,0.0,4
2486,639.5,639.5,0.0,4
2487,639.333,639.333,0.0,4
2488,639.167,639.167,0.0,4
2489,639.0,639.0,0.0,4
2490,638.833,638.833,0.0,4
2491,638.667,638.667,0.0,4
2492,638.5,638.5,0.0,4
2493,638.333,638.333,0.0,4
2494,638.167,638.167,0.0,4
2495,638.0,638.0,0.0,4
2496,637.833,637.833,0.0,4
2497,637.667,637.667,0.0,4
2498,637.5,637.5,0.0,4
2499,637.333,637.333,0.0,4
2500,637.167,637.167,0.0,4
2501,637.0,637.0,0.0,4
2502,636.833,636.833,0.0,4
2503,636.667,636.667,0.0,4
2504,636.5,636.5,0.0,4
2505,636.333,636.333,0.0,4
2506,636.167,636.167,0.0,4
2507,636.0,636.0,0.0,4
2508,635.833,635.833,0.0,4
2509,635.667,635.667,0.0,4
2510,635.5,635.5,0.0,4
2511,635.333,635.333,0.0,4
2512,635.167,635.167,0.0,4
2513,635.0,635.0,0.0,4
2514,634.833,634.833,0.0,4
2515,634.667,634.667,0.0,4
2516,634.5,634.5,0.0,4
2517,634.333,634.333,0.0,4
2518,634.167,634.167,0.0,4
2519,634.0,634.0,0.0,4
2520,633.833,633.833,0.0,4
2521,633.667,633.667,0.0,4
2522,633.5,633.5,0.0,4
2523,633.333,633.333,0.0,4
2524,633.167,633.167,0.0,4
2525,633.0,633.0,0.0,4
2526,632.833,632.833,0.0,4
2527,632.667,632.667,0.0,4
2528,632.5,632.5,0.0,4
2529,632.333,632.333,0.0,4
2530,632.167,632.167,0.0,4
2531,632.0,632.0,0.0,4
2532,631.833,631.833,0.0,4
2533,631.667,631.667,0.0,4
2534,631.5,631.5,0.0,4
2535,631.333,631.333,0.0,4
2536,631.167,631.167,0.0,4
2537,631.0,631.0,0.0,4
2538,630.833,630.833,0.0,4
2539,630.667,630.667,0.0,4
2540,630.5,630.5,0.0,4
2541,630.333,630.333,0.0,4
2542,630.167,630.167,0.0,4
2543,630.0,630.0,0.0,4
2544,629.833,629.833,0.0,4
2545,629.667,629.667,0.0,4
2546,629.5,629.5,0.0,4
2547,629.333,629.333,0.0,4
2548,629.167,629.167,0.0,4
2549,629.0,629.0,0.0,4
2550,628.833,628.833,0.0,4
2551,628.667,628.667,0.0,4
2552,628.5,628.5,0.0,4
2553,628.333,628.333,0.0,4
2554,628.167,628.167,0.0,4
2555,628.0,628.0,0.0,4
2556,627.833,627.833,0.0,4
2557,627.667,627.667,0.0,4
2558,627.5,627.5,0.0,4
2559,627.333,627.333,0.0,4
2560,627.167,627.167,0.0,4
2561,627.0,627.0,0.0,4
2562,626.833,626.833,0.0,4
2563,626.667,626.667,0.0,4
2564,626.5,626.5,0.0,4
2565,626.333,626.333,0.0,4
2566,626.167,626.167,0.0,4
2567,626.0,626.0,0.0,4
2568,625.833,625.833,0.0,4
2569,625.667,625.667,0.0,4
2570,625.5,625.5,0.0,4
2571,625.333,625.333,0.0,4
2572,625.167,625.167,0.0,4
2573,625.0,625.0,0.0,4
2574,624.833,624.833,0.0,4
2575,624.667,624.667,0.0,4
2576,624.5,624.5,0.0,4
2577,624.333,624.333,0.0,4
2578,624.167,624.167,0.0,4
2579,624.0,624.0,0.0,4
2580,623.833,623.833,0.0,4
2581,623.667,623.667,0.0,4
2582,623.5,623.5,0.0,4
2583,623.333,623.333,0.0,4
2584,623.167,623.167,0.0,4
2585,623.0,623.0,0.0,4
2586,622.833,622.833,0.0,4
2587,622.667,622.667,0.0,4
2588,622.5,622.5,0.0,4
2589,622.333,622.333,0.0,4
2590,622.167,622.167,0.0,4
2591,622.0,622.0,0.0,4
2592,621.833,621.833,0.0,4
2593,621.667,621.667,0.0,4
2594,621.5,621.5,0.0,4
2595,621.333,621.333,0.0,4
2596,621.167,621.167,0.0,4
2597,621.0,621.0,0.0,4
2598,620.833,620.833,0.0,4
2599,620.667,620.667,0.0,4
2600,620.5,620.5,0.0,4
2601,620.333,620.333,0.0,4
2602,620.167,620.167,0.0,4
2603,620.0,620.0,0.0,4
2604,619.833,619.833,0.0,4
2605,619.667,619.667,0.0,4
2606,619.5,619.5,0.0,4
2607,619.333,619.333,0.0,4
2608,619.167,619.167,0.0,4
2609,619.0,619.0,0.0,4
2610,618.833,618.833,0.0,4
2611,618.667,618.667,0.0,4
2612,618.5,618.5,0.0,4
2613,618.333,618.333,0.0,4
2614,618.167,618.167,0.0,4
2615,618.0,618.0,0.0,4
2616,617.833,617.833,0.0,4
2617,617.667,617.667,0.0,4
2618,617.5,617.5,0.0,4
2619,617.333,617.333,0.0,4
2620,617.167,617.167,0.0,4
2621,617.0,617.0,0.0,4
2622,616.833,616.833,0.0,4
2623,616.667,616.667,0.0,4
2624,616.5,616.5,0.0,4
2625,616.333,616.333,0.0,4
2626,616.167,616.167,0.0,4
2627,616.0,616.0,0.0,4
2628,615.833,615.833,0.0,4
2629,615.667,615.667,0.0,4
2630,615.5,615.5,0.0,4
2631,615.333,615.333,0.0,4
2632,615.167,615.167,0.0,4
2633,615.0,615.0,0.0,4
2634,614.833,614.833,0.0,4
2635,614.667,614.667,0.0,4
2636,614.5,614.5,0.0,4
2637,614.333,614.333,0.0,4
2638,614.167,614.167,0.0,4
2639,614.0,614.0,0.0,4
2640,613.833,613.833,0.0,4
2641,613.667,613.667,0.0,4
2642,613.5,613.5,0.0,4
2643,613.333,613.333,0.0,4
2644,613.167,613.167,0.0,4
2645,613.0,613.0,0.0,4
2646,612.833,612.833,0.0,4
2647,612.667,612.667,0.0,4
2648,612.5,612.5,0.0,4
2649,612.333,612.333,0.0,4
2650,612.167,612.167,0.0,4
2651,612.0,612.0,0.0,4
2652,611.833,611.833,0.0,4
2653,611.667,611.667,0.0,4
2654,611.5,611.5,0.0,4
2655,611.333,611.333,0.0,4
2656,611.167,611.167,0.0,4
2657,611.0,611.0,0.0,4
2658,610.833,610.833,0.0,4
2659,610.667,610.667,0.0,4
2660,610.5,610.5,0.0,4
2661,610.333,610.333,0.0,4
2662,610.167,610.167,0.0,4
2663,610.0,610.0,0.0,4
2664,609.833,609.833,0.0,4
2665,609.667,609.667,0.0,4
2666,609.5,609.5,0.0,4
2667,609.333,609.333,0.0,4
2668,609.167,609.167,0.0,4
2669,609.0,609.0,0.0,4
2670,608.833,608.833,0.0,4
2671,608.667,608.667,0.0,4
2672,608.5,608.5,0.0,4
2673,608.333,608.333,0.0,4
2674,608.167,608.167,0.0,4
2675,608.0,608.0,0.0,4
2676,607.833,607.833,0.0,4
2677,607.667,607.667,0.0,4
2678,607.5,607.5,0.0,4
2679,607.333,607.333,0.0,4
2680,607.167,607.167,0.0,4
2681,607.0,607.0,0.0,4
2682,606.833,606.833,0.0,4
2683,606.667,606.667,0.0,4
2684,606.5,606.5,0.0,4
2685,606.333,606.333,0.0,4
2686,606.167,606.167,0.0,4
2687,606.0,606.0,0.0,4
2688,605.833,605.833,0.0,4
2689,605.667,605.667,0.0,4
2690,605.5,605.5,0.0,4
2691,605.333,605.333,0.0,4
2692,605.167,605.167,0.0,4
2693,605.0,605.0,0.0,4
2694,604.833,604.833,0.0,4
2695,604.667,604.667,0.0,4
2696,604.5,604.5,0.0,4
2697,604.333,604.333,0.0,4
2698,604.167,604.167,0.0,4
2699,604.0,604.0,0.0,4
2700,603.833,603.833,0.0,4
2701,603.667,603.667,0.0,4
2702,603.5,603.5,0.0,4
2703,603.333,603.333,0.0,4
2704,603.167,603.167,0.0,4
2705,603.0,603.0,0.0,4
2706,602.833,602.833,0.0,4
2707,602.667,602.667,0.0,4
2708,602.5,602.5,0.0,4
2709,602.333,602.333,0.0,4
2710,602.167,602.167,0.0,4
2711,602.0,602.0,0.0,4
2712,601.833,601.833,0.0,4
2713,601.667,601.667,0.0,4
2714,601.5,601.5,0.0,4
2715,601.333,601.333,0.0,4
2716,601.167,601.167,0.0,4
2717,601.0,601.0,0.0,4
2718,600.833,600.833,0.0,4
2719,600.667,600.667,0.0,4
2720,600.5,600.5,0.0,4
2721,600.333,600.333,0.0,4
2722,600.167,600.167,0.0,4
2723,600.0,600.0,0.0,4
2724,599.833,599.833,0.0,4
2725,599.667,599.667,0.0,4
2726,599.5,599.5,0.0,4
2727,599.333,599.333,0.0,4
2728,599.167,599.167,0.0,4
2729,599.0,599.0,0.0,4
2730,598.833,598.833,0.0,4
2731,598.667,598.667,0.0,4
2732,598.5,598.5,0.0,4
2733,598.333,598.333,0.0,4
2734,598.167,598.167,0.0,4
2735,598.0,598.0,0.0,4
2736,597.833,597.833,0.0,4
2737,597.667,597.667,0.0,4
2738,597.5,597.5,0.0,4
2739,597.333,597.333,0.0,4
2740,597.167,597.167,0.0,4
2741,597.0,597.0,0.0,4
2742,596.833,596.833,0.0,4
2743,596.667,596.667,0.0,4
2744,596.5,596.5,0.0,4
2745,596.333,596.333,0.0,4
2746,596.167,596.167,0.0,4
2747,596.0,596.0,0.0,4
2748,595.833,595.833,0.0,4
2749,595.667,595.667,0.0,4
2750,595.5,595.5,0.0,4
2751,595.333,595.333,0.0,4
2752,595.167,595.167,0.0,4
2753,595.0,595.0,0.0,4
2754,594.833,594.833,0.0,4
2755,594.667,594.667,0.0,4
2756,594.5,594.5,0.0,4
2757,594.333,594.333,0.0,4
2758,594.167,594.167,0.0,4
2759,594.0,594.0,0.0,4
2760,593.833,593.833,0.0,4
2761,593.667,593.667,0.0,4
2762,593.5,593.5,0.0,4
2763,593.333,593.333,0.0,4
2764,593.167,593.167,0.0,4
2765,593.0,593.0,0.0,4
2766,592.833,592.833,0.0,4
2767,592.667,592.667,0.0,4
2768,592.5,592.5,0.0,4
2769,592.333,592.333,0.0,4
2770,592.167,592.167,0.0,4
2771,592.0,592.0,0.0,4
2772,591.833,591.833,0.0,4
2773,591.667,591.667,0.0,4
2774,591.5,591.5,0.0,4
2775,591.333,591.333,0.0,4
2776,591.167,591.167,0.0,4
2777,591.0,591.0,0.0,4
2778,590.833,590.833,0.0,4
2779,590.667,590.667,0.0,4
2780,590.5,590.5,0.0,4
2781,590.333,590.333,0.0,4
2782,590.167,590.167,0.0,4
2783,590.0,590.0,0.0,4
2784,589.833,589.833,0.0,4
2785,589.667,589.667,0.0,4
2786,589.5,589.5,0.0,4
2787,589.333,589.333,0.0,4
2788,589.167,589.167,0.0,4
2789,589.0,589.0,0.0,4
2790,588.833,588.833,0.0,4
2791,588.667,588.667,0.0,4
2792,588.5,588.5,0.0,4
2793,588.333,588.333,0.0,4
2794,588.167,588.167,0.0,4
2795,588.0,588.0,0.0,4
2796,587.833,587.833,0.0,4
2797,587.667,587.667,0.0,4
2798,587.5,587.5,0.0,4
2799,587.333,587.333,0.0,4
2800,587.167,587.167,0.0,4
2801,587.0,587.0,0.0,4
2802,586.833,586.833,0.0,4
2803,586.667,586.667,0.0,4
2804,586.5,586.5,0.0,4
2805,586.333,586.333,0.0,4
2806,586.167,586.167,0.0,4
2807,586.0,586.0,0.0,4
2808,585.833,585.833,0.0,4
2809,585.667,585.667,0.0,4
2810,585.5,585.5,0.0,4
2811,585.333,585.333,0.0,4
2812,585.167,585.167,0.0,4
2813,585.0,585.0,0.0,4
2814,584.833,584.833,0.0,4
2815,584.667,584.667,0.0,4
2816,584.5,584.5,0.0,4
2817,584.333,584.333,0.0,4
2818,584.167,584.167,0.0,4
2819,584.0,584.0,0.0,4
2820,583.833,583.833,0.0,4
2821,583.667,583.667,0.0,4
2822,583.5,583.5,0.0,4
2823,583.333,583.333,0.0,4
2824,583.167,583.167,0.0,4
2825,583.0,583.0,0.0,4
2826,582.833,582.833,0.0,4
2827,582.667,582.667,0.0,4
2828,582.5,582.5,0.0,4
2829,582.333,582.333,0.0,4
2830,582.167,582.167,0.0,4
2831,582.0,582.0,0.0,4
2832,581.833,581.833,0.0,4
2833,581.667,581.667,0.0,4
2834,581.5,581.5,0.0,4
2835,581.333,581.333,0.0,4
2836,581.167,581.167,0.0,4
2837,581.0,581.0,0.0,4
2838,580.833,580.833,0.0,4
2839,580.667,580.667,0.0,4
2840,580.5,580.5,0.0,4
2841,580.333,580.333,0.0,4
2842,580.167,580.167,0.0,4
2843,580.0,580.0,0.0,4
2844,579.833,579.833,0.0,4
2845,579.667,579.667,0.0,4
2846,579.5,579.5,0.0,4
2847,579.333,579.333,0.0,4
2848,579.167,579.167,0.0,4
2849,579.0,579.0,0.0,4
2850,578.833,578.833,0.0,4
2851,578.667,578.667,0.0,4
2852,578.5,578.5,0.0,4
2853,578.333,578.333,0.0,4
2854,578.167,578.167,0.0,4
2855,578.0,578.0,0.0,4
2856,577.833,577.833,0.0,4
2857,577.667,577.667,0.0,4
2858,577.5,577.5,0.0,4
2859,577.333,577.333,0.0,4
2860,577.167,577.167,0.0,4
2861,577.0,577.0,0.0,4
2862,576.833,576.833,0.0,4
2863,576.667,576.667,0.0,4
2864,576.5,576.5,0.0,4
2865,576.333,576.333,0.0,4
2866,576.167,576.167,0.0,4
2867,576.0,576.0,0.0,4
2868,575.833,575.833,0.0,4
2869,575.667,575.667,0.0,4
2870,575.5,575.5,0.0,4
2871,575.333,575.333,0.0,4
2872,575.167,575.167,0.0,4
2873,575.0,575.0,0.0,4
2874,574.833,574.833,0.0,4
2875,574.667,574.667,0.0,4
2876,574.5,574.5,0.0,4
2877,574.333,574.333,0.0,4
2878,574.167,574.167,0.0,4
2879,574.0,574.0,0.0,4
2880,573.833,573.833,0.0,4
2881,573.667,573.667,0.0,4
2882,573.5,573.5,0.0,4
2883,573.333,573.333,0.0,4
2884,573.167,573.167,0.0,4
2885,573.0,573.0,0.0,4
2886,572.833,572.833,0.0,4
2887,572.667,572.667,0.0,4
2888,572.5,572.5,0.0,4
2889,572.333,572.333,0.0,4
2890,572.167,572.167,0.0,4
2891,572.0,572.0,0.0,4
2892,571.833,571.833,0.0,4
2893,571.667,571.667,0.0,4
2894,571.5,571.5,0.0,4
2895,571.333,571.333,0.0,4
2896,571.167,571.167,0.0,4
2897,571.0,571.0,0.0,4
2898,570.833,570.833,0.0,4
2899,570.667,570.667,0.0,4
2900,570.5,570.5,0.0,4
2901,570.333,570.333,0.0,4
2902,570.167,570.167,0.0,4
2903,570.0,570.0,0.0,4
2904,569.833,569.833,0.0,4
2905,569.667,569.667,0.0,4
2906,569.5,569.5,0.0,4
2907,569.333,569.333,0.0,4
2908,569.167,569.167,0.0,4
2909,569.0,569.0,0.0,4
2910,568.833,568.833,0.0,4
2911,568.667,568.667,0.0,4
2912,568.5,568.5,0.0,4
2913,568.333,568.333,0.0,4
2914,568.167,568.167,0.0,4
2915,568.0,568.0,0.0,4
2916,567.833,567.833,0.0,4
2917,567.667,567.667,0.0,4
2918,567.5,567.5,0.0,4
2919,567.333,567.333,0.0,4
2920,567.167,567.167,0.0,4
2921,567.0,567.0,0.0,4
2922,566.833,566.833,0.0,4
2923,566.667,566.667,0.0,4
2924,566.5,566.5,0.0,4
2925,566.333,566.333,0.0,4
2926,566.167,566.167,0.0,4
2927,566.0,566.0,0.0,4
2928,565.833,565.833,0.0,4
2929,565.667,565.667,0.0,4
2930,565.5,565.5,0.0,4
2931,565.333,565.333,0.0,4
2932,565.167,565.167,0.0,4
2933,565.0,565.0,0.0,4
2934,564.833,564.833,0.0,4
2935,564.667,564.667,0.0,4
2936,564.5,564.5,0.0,4
2937,564.333,564.333,0.0,4
2938,564.167,564.167,0.0,4
2939,564.0,564.0,0.0,4
2940,563.833,563.833,0.0,4
2941,563.667,563.667,0.0,4
2942,563.5,563.5,0.0,4
2943,563.333,563.333,0.0,4
2944,563.167,563.167,0.0,4
2945,563.0,563.0,0.0,4
2946,562.833,562.833,0.0,4
2947,562.667,562.667,0.0,4
2948,562.5,562.5,0.0,4
2949,562.333,562.333,0.0,4
2950,562.167,562.167,0.0,4
2951,562.0,562.0,0.0,4
2952,561.833,561.833,0.0,4
2953,561.667,561.667,0.0,4
2954,561.5,561.5,0.0,4
2955,561.333,561.333,0.0,4
2956,561.167,561.167,0.0,4
2957,561.0,561.0,0.0,4
2958,560.833,560.833,0.0,4
2959,560.667,560.667,0.0,4
2960,560.5,560.5,0.0,4
2961,560.333,560.333,0.0,4
2962,560.167,560.167,0.0,4
2963,560.0,560.0,0.0,4
2964,559.833,559.833,0.0,4
2965,559.667,559.667,0.0,4
2966,559.5,559.5,0.0,4
2967,559.333,559.333,0.0,4
2968,559.167,559.167,0.0,4
2969,559.0,559.0,0.0,4
2970,558.833,558.833,0.0,4
2971,558.667,558.667,0.0,4
2972,558.5,558.5,0.0,4
2973,558.333,558.333,0.0,4
2974,558.167,558.167,0.0,4
2975,558.0,558.0,0.0,4
2976,557.833,557.833,0.0,4
2977,557.667,557.667,0.0,4
2978,557.5,557.5,0.0,4
2979,557.333,557.333,0.0,4
2980,557.167,557.167,0.0,4
2981,557.0,557.0,0.0,4
2982,556.833,556.833,0.0,4
2983,556.667,556.667,0.0,4
2984,556.5,556.5,0.0,4
2985,556.333,556.333,0.0,4
2986,556.167,556.167,0.0,4
2987,556.0,556.0,0.0,4
2988,555.833,555.833,0.0,4
2989,555.667,555.667,0.0,4
2990,555.5,555.5,0.0,4
2991,555.333,555.333,0.0,4
2992,555.167,555.167,0.0,4
2993,555.0,555.0,0.0,4
2994,554.833,554.833,0.0,4
2995,554.667,554.667,0.0,4
2996,554.5,554.5,0.0,4
2997,554.333,554.333,0.0,4
2998,554.167,554.167,0.0,4
2999,554.0,554.0,0.0,4
3000,553.833,553.833,0.0,4
3001,553.667,553.667,0.0,4
3002,553.5,553.5,0.0,4
3003,553.333,553.333,0.0,4
3004,553.167,553.167,0.0,4
3005,553.0,553.0,0.0,4
3006,552.833,552.833,0.0,4
3007,552.667,552.667,0.0,4
3008,552.5,552.5,0.0,4
3009,552.333,552.333,0.0,4
3010,552.167,552.167,0.0,4
3011,552.0,552.0,0.0,4
3012,551.833,551.833,0.0,4
3013,551.667,551.667,0.0,4
3014,551.5,551.5,0.0,4
3015,551.333,551.333,0.0,4
3016,551.167,551.167,0.0,4
3017,551.0,551.0,0.0,4
3018,550.833,550.833,0.0,4
3019,550.667,550.667,0.0,4
3020,550.5,550.5,0.0,4
3021,550.333,550.333,0.0,4
3022,550.167,550.167,0.0,4
3023,550.0,550.0,0.0,4
3024,549.833,549.833,0.0,4
3025,549.667,549.667,0.0,4
3026,549.5,549.5,0.0,4
3027,549.333,549.333,0.0,4
3028,549.167,549.167,0.0,4
3029,549.0,549.0,0.0,4
3030,548.833,548.833,0.0,4
3031,548.667,548.667,0.0,4
3032,548.5,548.5,0.0,4
3033,548.333,548.333,0.0,4
3034,548.167,548.167,0.0,4
3035,548.0,548.0,0.0,4
3036,547.833,547.833,0.0,4
3037,547.667,547.667,0.0,4
3038,547.5,547.5,0.0,4
3039,547.333,547.333,0.0,4
3040,547.167,547.167,0.0,4
3041,547.0,547.0,0.0,4
3042,546.833,546.833,0.0,4
3043,546.667,546.667,0.0,4
3044,546.5,546.5,0.0,4
3045,546.333,546.333,0.0,4
3046,546.167,546.167,0.0,4
3047,546.0,546.0,0.0,4
3048,545.833,545.833,0.0,4
3049,545.667,545.667,0.0,4
3050,545.5,545.5,0.0,4
3051,545.333,545.333,0.0,4
3052,545.167,545.167,0.0,4
3053,545.0,545.0,0.0,4
3054,544.833,544.833,0.0,4
3055,544.667,544.667,0.0,4
3056,544.5,544.5,0.0,4
3057,544.333,544.333,0.0,4
3058,544.167,544.167,0.0,4
3059,544.0,544.0,0.0,4
3060,543.833,543.833,0.0,4
3061,543.667,543.667,0.0,4
3062,543.5,543.5,0.0,4
3063,543.333,543.333,0.0,4
3064,543.167,543.167,0.0,4
3065,543.0,543.0,0.0,4
3066,542.833,542.833,0.0,4
3067,542.667,542.667,0.0,4
3068,542.5,542.5,0.0,4
3069,542.333,542.333,0.0,4
3070,542.167,542.167,0.0,4
3071,542.0,542.0,0.0,4
3072,541.833,541.833,0.0,4
3073,541.667,541.667,0.0,4
3074,541.5,541.5,0.0,4
3075,541.333,541.333,0.0,4
3076,541.167,541.167,0.0,4
3077,541.0,541.0,0.0,4
3078,540.833,540.833,0.0,4
3079,540.667,540.667,0.0,4
3080,540.5,540.5,0.0,4
3081,540.333,540.333,0.0,4
3082,540.167,540.167,0.0,4
3083,540.0,540.0,0.0,4
3084,539.833,539.833,0.0,4
3085,539.667,539.667,0.0,4
3086,539.5,539.5,0.0,4
3087,539.333,539.333,0.0,4
3088,539.167,539.167,0.0,4
3089,539.0,539.0,0.0,4
3090,538.833,538.833,0.0,4
3091,538.667,538.667,0.0,4
3092,538.5,538.5,0.0,4
3093,538.333,538.333,0.0,4
3094,538.167,538.167,0.0,4
3095,538.0,538.0,0.0,4
3096,537.833,537.833,0.0,4
3097,537.667,537.667,0.0,4
3098,537.5,537.5,0.0,4
3099,537.333,537.333,0.0,4
3100,537.167,537.167,0.0,4
3101,537.0,537.0,0.0,4
3102,536.833,536.833,0.0,4
3103,536.667,536.667,0.0,4
3104,536.5,536.5,0.0,4
3105,536.333,536.333,0.0,4
3106,536.167,536.167,0.0,4
3107,536.0,536.0,0.0,4
3108,535.833,535.833,0.0,4
3109,535.667,535.667,0.0,4
3110,535.5,535.5,0.0,4
3111,535.333,535.333,0.0,4
3112,535.167,535.167,0.0,4
3113,535.0,535.0,0.0,4
3114,534.833,534.833,0.0,4
3115,534.667,534.667,0.0,4
3116,534.5,534.5,0.0,4
3117,534.333,534.333,0.0,4
3118,534.167,534.167,0.0,4
3119,534.0,534.0,0.0,4
3120,533.833,533.833,0.0,4
3121,533.667,533.667,0.0,4
3122,533.5,533.5,0.0,4
3123,533.333,533.333,0.0,4
3124,533.167,533.167,0.0,4
3125,533.0,533.0,0.0,4
3126,532.833,532.833,0.0,4
3127,532.667,532.667,0.0,4
3128,532.5,532.5,0.0,4
3129,532.333,532.333,0.0,4
3130,532.167,532.167,0.0,4
3131,532.0,532.0,0.0,4
3132,531.833,531.833,0.0,4
3133,531.667,531.667,0.0,4
3134,531.5,531.5,0.0,4
3135,531.333,531.333,0.0,4
3136,531.167,531.167,0.0,4
3137,531.0,531.0,0.0,4
3138,530.833,530.833,0.0,4
3139,530.667,530.667,0.0,4
3140,530.5,530.5,0.0,4
3141,530.333,530.333,0.0,4
3142,530.167,530.167,0.0,4
3143,530.0,530.0,0.0,4
3144,529.833,529.833,0.0,4
3145,529.667,529.667,0.0,4
3146,529.5,529.5,0.0,4
3147,529.333,529.333,0.0,4
3148,529.167,529.167,0.0,4
3149,529.0,529.0,0.0,4
3150,528.833,528.833,0.0,4
3151,528.667,528.667,0.0,4
3152,528.5,528.5,0.0,4
3153,528.333,528.333,0.0,4
3154,528.167,528.167,0.0,4
3155,528.0,528.0,0.0,4
3156,527.833,527.833,0.0,4
3157,527.667,527.667,0.0,4
3158,527.5,527.5,0.0,4
3159,527.333,527.333,0.0,4
3160,527.167,527.167,0.0,4
3161,527.0,527.0,0.0,4
3162,526.833,526.833,0.0,4
3163,526.667,526.667,0.0,4
3164,526.5,526.5,0.0,4
3165,526.333,526.333,0.0,4
3166,526.167,526.167,0.0,4
3167,526.0,526.0,0.0,4
3168,525.833,525.833,0.0,4
3169,525.667,525.667,0.0,4
3170,525.5,525.5,0.0,4
3171,525.333,525.333,0.0,4
3172,525.167,525.167,0.0,4
3173,525.0,525.0,0.0,4
3174,524.833,524.833,0.0,4
3175,524.667,524.667,0.0,4
3176,524.5,524.5,0.0,4
3177,524.333,524.333,0.0,4
3178,524.167,524.167,0.0,4
3179,524.0,524.0,0.0,4
3180,523.833,523.833,0.0,4
3181,523.667,523.667,0.0,4
3182,523.5,523.5,0.0,4
3183,523.333,523.333,0.0,4
3184,523.167,523.167,0.0,4
3185,523.0,523.0,0.0,4
3186,522.833,522.833,0.0,4
3187,522.667,522.667,0.0,4
3188,522.5,522.5,0.0,4
3189,522.333,522.333,0.0,4
3190,522.167,522.167,0.0,4
3191,522.0,522.0,0.0,4
3192,521.833,521.833,0.0,4
3193,521.667,521.667,0.0,4
3194,521.5,521.5,0.0,4
3195,521.333,521.333,0.0,4
3196,521.167,521.167,0.0,4
3197,521.0,521.0,0.0,4
3198,520.833,520.833,0.0,4
3199,520.667,520.667,0.0,4
3200,520.5,520.5,0.0,4
3201,520.333,520.333,0.0,4
3202,520.167,520.167,0.0,4
3203,520.0,520.0,0.0,4
3204,519.833,519.833,0.0,4
3205,519.667,519.667,0.0,4
3206,519.5,519.5,0.0,4
3207,519.333,519.333,0.0,4
3208,519.167,519.167,0.0,4
3209,519.0,519.0,0.0,4
3210,518.833,518.833,0.0,4
3211,518.667,518.667,0.0,4
3212,518.5,518.5,0.0,4
3213,518.333,518.333,0.0,4
3214,518.167,518.167,0.0,4
3215,518.0,518.0,0.0,4
3216,517.833,517.833,0.0,4
3217,517.667,517.667,0.0,4
3218,517.5,517.5,0.0,4
3219,517.333,517.333,0.0,4
3220,517.167,517.167,0.0,4
3221,517.0,517.0,0.0,4
3222,516.833,516.833,0.0,4
3223,516.667,516.667,0.0,4
3224,516.5,516.5,0.0,4
3225,516.333,516.333,0.0,4
3226,516.167,516.167,0.0,4
3227,516.0,516.0,0.0,4
3228,515.833,515.833,0.0,4
3229,515.667,515.667,0.0,4
3230,515.5,515.5,0.0,4
3231,515.333,515.333,0.0,4
3232,515.167,515.167,0.0,4
3233,515.0,515.0,0.0,4
3234,514.833,514.833,0.0,4
3235,514.667,514.667,0.0,4
3236,514.5,514.5,0.0,4
3237,514.333,514.333,0.0,4
3238,514.167,514.167,0.0,4
3239,514.0,514.0,0.0,4
3240,513.833,513.833,0.0,4
3241,513.667,513.667,0.0,4
3242,513.5,513.5,0.0,4
3243,513.333,513.333,0.0,4
3244,513.167,513.167,0.0,4
3245,513.0,513.0,0.0,4
3246,512.833,512.833,0.0,4
3247,512.667,512.667,0.0,4
3248,512.5,512.5,0.0,4
3249,512.333,512.333,0.0,4
3250,512.167,512.167,0.0,4
3251,512.0,512.0,0.0,4
3252,511.833,511.833,0.0,4
3253,511.667,511.667,0.0,4
3254,511.5,511.5,0.0,4
3255,511.333,511.333,0.0,4
3256,511.167,511.167,0.0,4
3257,511.0,511.0,0.0,4
3258,510.833,510.833,0.0,4
3259,510.667,510.667,0.0,4
3260,510.5,510.5,0.0,4
3261,510.333,510.333,0.0,4
3262,510.167,510.167,0.0,4
3263,510.0,510.0,0.0,4
3264,509.833,509.833,0.0,4
3265,509.667,509.667,0.0,4
3266,509.5,509.5,0.0,4
3267,509.333,509.333,0.0,4
3268,509.167,509.167,0.0,4
3269,509.0,509.0,0.0,4
3270,508.833,508.833,0.0,4
3271,508.667,508.667,0.0,4
3272,508.5,508.5,0.0,4
3273,508.333,508.333,0.0,4
3274,508.167,508.167,0.0,4
3275,508.0,508.0,0.0,4
3276,507.833,507.833,0.0,4
3277,507.667,507.667,0.0,4
3278,507.5,507.5,0.0,4
3279,507.333,507.333,0.0,4
3280,507.167,507.167,0.0,4
3281,507.0,507.0,0.0,4
3282,506.833,506.833,0.0,4
3283,506.667,506.667,0.0,4
3284,506.5,506.5,0.0,4
3285,506.333,506.333,0.0,4
3286,506.167,506.167,0.0,4
3287,506.0,506.0,0.0,4
3288,505.833,505.833,0.0,4
3289,505.667,505.667,0.0,4
3290,505.5,505.5,0.0,4
3291,505.333,505.333,0.0,4
3292,505.167,505.167,0.0,4
3293,505.0,505.0,0.0,4
3294,504.833,504.833,0.0,4
3295,504.667,504.667,0.0,4
3296,504.5,504.5,0.0,4
3297,504.333,504.333,0.0,4
3298,504.167,504.167,0.0,4
3299,504.0,504.0,0.0,4
3300,503.833,503.833,0.0,4
3301,503.667,503.667,0.0,4
3302,503.5,503.5,0.0,4
3303,503.333,503.333,0.0,4
3304,503.167,503.167,0.0,4
3305,503.0,503.0,0.0,4
3306,502.833,502.833,0.0,4
3307,502.667,502.667,0.0,4
3308,502.5,502.5,0.0,4
3309,502.333,502.333,0.0,4
3310,502.167,502.167,0.0,4
3311,502.0,502.0,0.0,4
3312,501.833,501.833,0.0,4
3313,501.667,501.667,0.0,4
3314,501.5,501.5,0.0,4
3315,501.333,501.333,0.0,4
3316,501.167,501.167,0.0,4
3317,501.0,501.0,0.0,4
3318,500.833,500.833,0.0,4
3319,500.667,500.667,0.0,4
3320,500.5,500.5,0.0,4
3321,500.333,500.333,0.0,4
3322,500.167,500.167,0.0,4
3323,500.0,500.0,0.0,4
3324,499.833,499.833,0.0,4
3325,499.667,499.667,0.0,4
3326,499.5,499.5,0.0,4
3327,499.333,499.333,0.0,4
3328,499.167,499.167,0.0,4
3329,499.0,499.0,0.0,4
3330,498.833,498.833,0.0,4
3331,498.667,498.667,0.0,4
3332,498.5,498.5,0.0,4
3333,498.333,498.333,0.0,4
3334,498.167,498.167,0.0,4
3335,498.0,498.0,0.0,4
3336,497.833,497.833,0.0,4
3337,497.667,497.667,0.0,4
3338,497.5,497.5,0.0,4
3339,497.333,497.333,0.0,4
3340,497.167,497.167,0.0,4
3341,497.0,497.0,0.0,4
3342,496.833,496.833,0.0,4
3343,496.667,496.667,0.0,4
3344,496.5,496.5,0.0,4
3345,496.333,496.333,0.0,4
3346,496.167,496.167,0.0,4
3347,496.0,496.0,0.0,4
3348,495.833,495.833,0.0,4
3349,495.667,495.667,0.0,4
3350,495.5,495.5,0.0,4
3351,495.333,495.333,0.0,4
3352,495.167,495.167,0.0,4
3353,495.0,495.0,0.0,4
3354,494.833,494.833,0.0,4
3355,494.667,494.667,0.0,4
3356,494.5,494.5,0.0,4
3357,494.333,494.333,0.0,4
3358,494.167,494.167,0.0,4
3359,494.0,494.0,0.0,4
3360,493.833,493.833,0.0,4
3361,493.667,493.667,0.0,4
3362,493.5,493.5,0.0,4
3363,493.333,493.333,0.0,4
3364,493.167,493.167,0.0,4
3365,493.0,493.0,0.0,4
3366,492.833,492.833,0.0,4
3367,492.667,492.667,0.0,4
3368,492.5,492.5,0.0,4
3369,492.333,492.333,0.0,4
3370,492.167,492.167,0.0,4
3371,492.0,492.0,0.0,4
3372,491.833,491.833,0.0,4
3373,491.667,491.667,0.0,4
3374,491.5,491.5,0.0,4
3375,491.333,491.333,0.0,4
3376,491.167,491.167,0.0,4
3377,491.0,491.0,0.0,4
3378,490.833,490.833,0.0,4
3379,490.667,490.667,0.0,4
3380,490.5,490.5,0.0,4
3381,490.333,490.333,0.0,4
3382,490.167,490.167,0.0,4
3383,490.0,490.0,0.0,4
3384,489.833,489.833,0.0,4
3385,489.667,489.667,0.0,4
3386,489.5,489.5,0.0,4
3387,489.333,489.333,0.0,4
3388,489.167,489.167,0.0,4
3389,489.0,489.0,0.0,4
3390,488.833,488.833,0.0,4
3391,488.667,488.667,0.0,4
3392,488.5,488.5,0.0,4
3393,488.333,488.333,0.0,4
3394,488.167,488.167,0.0,4
3395,488.0,488.0,0.0,4
3396,487.833,487.833,0.0,4
3397,487.667,487.667,0.0,4
3398,487.5,487.5,0.0,4
3399,487.333,487.333,0.0,4
3400,487.167,487.167,0.0,4
3401,487.0,487.0,0.0,4
3402,486.833,486.833,0.0,4
3403,486.667,486.667,0.0,4
3404,486.5,486.5,0.0,4
3405,486.333,486.333,0.0,4
3406,486.167,486.167,0.0,4
3407,486.0,486.0,0.0,4
3408,485.833,485.833,0.0,4
3409,485.667,485.667,0.0,4
3410,485.5,485.5,0.0,4
3411,485.333,485.333,0.0,4
3412,485.167,485.167,0.0,4
3413,485.0,485.0,0.0,4
3414,484.833,484.833,0.0,4
3415,484.667,484.667,0.0,4
3416,484.5,484.5,0.0,4
3417,484.333,484.333,0.0,4
3418,484.167,484.167,0.0,4
3419,484.0,484.0,0.0,4
3420,483.833,483.833,0.0,4
3421,483.667,483.667,0.0,4
3422,483.5,483.5,0.0,4
3423,483.333,483.333,0.0,4
3424,483.167,483.167,0.0,4
3425,483.0,483.0,0.0,4
3426,482.833,482.833,0.0,4
3427,482.667,482.667,0.0,4
3428,482.5,482.5,0.0,4
3429,482.333,482.333,0.0,4
3430,482.167,482.167,0.0,4
3431,482.0,482.0,0.0,4
3432,481.833,481.833,0.0,4
3433,481.667,481.667,0.0,4
3434,481.5,481.5,0.0,4
3435,481.333,481.333,0.0,4
3436,481.167,481.167,0.0,4
3437,481.0,481.0,0.0,4
3438,480.833,480.833,0.0,4
3439,480.667,480.667,0.0,4
3440,480.5,480.5,0.0,4
3441,480.333,480.333,0.0,4
3442,480.167,480.167,0.0,4
3443,480.0,480.0,0.0,4
3444,479.833,479.833,0.0,4
3445,479.667,479.667,0.0,4
3446,479.5,479.5,0.0,4
3447,479.333,479.333,0.0,4
3448,479.167,479.167,0.0,4
3449,479.0,479.0,0.0,4
3450,478.833,478.833,0.0,4
3451,478.667,478.667,0.0,4
3452,478.5,478.5,0.0,4
3453,478.333,478.333,0.0,4
3454,478.167,478.167,0.0,4
3455,478.0,478.0,0.0,4
3456,477.833,477.833,0.0,4
3457,477.667,477.667,0.0,4
3458,477.5,477.5,0.0,4
3459,477.333,477.333,0.0,4
3460,477.167,477.167,0.0,4
3461,477.0,477.0,0.0,4
3462,476.833,476.833,0.0,4
3463,476.667,476.667,0.0,4
3464,476.5,476.5,0.0,4
3465,476.333,476.333,0.0,4
3466,476.167,476.167,0.0,4
3467,476.0,476.0,0.0,4
3468,475.833,475.833,0.0,4
3469,475.667,475.667,0.0,4
3470,475.5,475.5,0.0,4
3471,475.333,475.333,0.0,4
3472,475.167,475.167,0.0,4
3473,475.0,475.0,0.0,4
3474,474.833,474.833,0.0,4
3475,474.667,474.667,0.0,4
3476,474.5,474.5,0.0,4
3477,474.333,474.333,0.0,4
3478,474.167,474.167,0.0,4
3479,474.0,474.0,0.0,4
3480,473.833,473.833,0.0,4
3481,473.667,473.667,0.0,4
3482,473.5,473.5,0.0,4
3483,473.333,473.333,0.0,4
3484,473.167,473.167,0.0,4
3485,473.0,473.0,0.0,4
3486,472.833,472.833,0.0,4
3487,472.667,472.667,0.0,4
3488,472.5,472.5,0.0,4
3489,472.333,472.333,0.0,4
3490,472.167,472.167,0.0,4
3491,472.0,472.0,0.0,4
3492,471.833,471.833,0.0,4
3493,471.667,471.667,0.0,4
3494,471.5,471.5,0.0,4
3495,471.333,471.333,0.0,4
3496,471.167,471.167,0.0,4
3497,471.0,471.0,0.0,4
3498,470.833,470.833,0.0,4
3499,470.667,470.667,0.0,4
3500,470.5,470.5,0.0,4
3501,470.333,470.333,0.0,4
3502,470.167,470.167,0.0,4
3503,470.0,470.0,0.0,4
3504,469.833,469.833,0.0,4
3505,469.667,469.667,0.0,4
3506,469.5,469.5,0.0,4
3507,469.333,469.333,0.0,4
3508,469.167,469.167,0.0,4
3509,469.0,469.0,0.0,4
3510,468.833,468.833,0.0,4
3511,468.667,468.667,0.0,4
3512,468.5,468.5,0.0,4
3513,468.333,468.333,0.0,4
3514,468.167,468.167,0.0,4
3515,468.0,468.0,0.0,4
3516,467.833,467.833,0.0,4
3517,467.667,467.667,0.0,4
3518,467.5,467.5,0.0,4
3519,467.333,467.333,0.0,4
3520,467.167,467.167,0.0,4
3521,467.0,467.0,0.0,4
3522,466.833,466.833,0.0,4
3523,466.667,466.667,0.0,4
3524,466.5,466.5,0.0,4
3525,466.333,466.333,0.0,4
3526,466.167,466.167,0.0,4
3527,466.0,466.0,0.0,4
3528,465.833,465.833,0.0,4
3529,465.667,465.667,0.0,4
3530,465.5,465.5,0.0,4
3531,465.333,465.333,0.0,4
3532,465.167,465.167,0.0,4
3533,465.0,465.0,0.0,4
3534,464.833,464.833,0.0,4
3535,464.667,464.667,0.0,4
3536,464.5,464.5,0.0,4
3537,464.333,464.333,0.0,4
3538,464.167,464.167,0.0,4
3539,464.0,464.0,0.0,4
3540,463.833,463.833,0.0,4
3541,463.667,463.667,0.0,4
3542,463.5,463.5,0.0,4
3543,463.333,463.333,0.0,4
3544,463.167,463.167,0.0,4
3545,463.0,463.0,0.0,4
3546,462.833,462.833,0.0,4
3547,462.667,462.667,0.0,4
3548,462.5,462.5,0.0,4
3549,462.333,462.333,0.0,4
3550,462.167,462.167,0.0,4
3551,462.0,462.0,0.0,4
3552,461.833,461.833,0.0,4
3553,461.667,461.667,0.0,4
3554,461.5,461.5,0.0,4
3555,461.333,461.333,0.0,4
3556,461.167,461.167,0.0,4
3557,461.0,461.0,0.0,4
3558,460.833,460.833,0.0,4
3559,460.667,460.667,0.0,4
3560,460.5,460.5,0.0,4
3561,460.333,460.333,0.0,4
3562,460.167,460.167,0.0,4
3563,460.0,460.0,0.0,4
3564,459.833,459.833,0.0,4
3565,459.667,459.667,0.0,4
3566,459.5,459.5,0.0,4
3567,459.333,459.333,0.0,4
3568,459.167,459.167,0.0,4
3569,459.0,459.0,0.0,4
3570,458.833,458.833,0.0,4
3571,458.667,458.667,0.0,4
3572,458.5,458.5,0.0,4
3573,458.333,458.333,0.0,4
3574,458.167,458.167,0.0,4
3575,458.0,458.0,0.0,4
3576,457.833,457.833,0.0,4
3577,457.667,457.667,0.0,4
3578,457.5,457.5,0.0,4
3579,457.333,457.333,0.0,4
3580,457.167,457.167,0.0,4
3581,457.0,457.0,0.0,4
3582,456.833,456.833,0.0,4
3583,456.667,456.667,0.0,4
3584,456.5,456.5,0.0,4
3585,456.333,456.333,0.0,4
3586,456.167,456.167,0.0,4
3587,456.0,456.0,0.0,4
3588,455.833,455.833,0.0,4
3589,455.667,455.667,0.0,4
3590,455.5,455.5,0.0,4
3591,455.333,455.333,0.0,4
3592,455.167,455.167,0.0,4
3593,455.0,455.0,0.0,4
3594,454.833,454.833,0.0,4
3595,454.667,454.667,0.0,4
3596,454.5,454.5,0.0,4
3597,454.333,454.333,0.0,4
3598,454.167,454.167,0.0,4
3599,454.0,454.0,0.0,4
3600,453.833,453.833,0.0,4
3601,453.667,453.667,0.0,4
3602,453.5,453.5,0.0,4
3603,453.333,453.333,0.0,4
3604,453.167,453.167,0.0,4
3605,453.0,453.0,0.0,4
3606,452.833,452.833,0.0,4
3607,452.667,452.667,0.0,4
3608,452.5,452.5,0.0,4
3609,452.333,452.333,0.0,4
3610,452.167,452.167,0.0,4
3611,452.0,452.0,0.0,4
3612,451.833,451.833,0.0,4
3613,451.667,451.667,0.0,4
3614,451.5,451.5,0.0,4
3615,451.333,451.333,0.0,4
3616,451.167,451.167,0.0,4
3617,451.0,451.0,0.0,4
3618,450.833,450.833,0.0,4
3619,450.667,450.667,0.0,4
3620,450.5,450.5,0.0,4
3621,450.333,450.333,0.0,4
3622,450.167,450.167,0.0,4
3623,450.0,450.0,0.0,4
3624,449.833,449.833,0.0,4
3625,449.667,449.667,0.0,4
3626,449.5,449.5,0.0,4
3627,449.333,449.333,0.0,4
3628,449.167,449.167,0.0,4
3629,449.0,449.0,0.0,4
3630,448.833,448.833,0.0,4
3631,448.667,448.667,0.0,4
3632,448.5,448.5,0.0,4
3633,448.333,448.333,0.0,4
3634,448.167,448.167,0.0,4
3635,448.0,448.0,0.0,4
3636,447.833,447.833,0.0,4
3637,447.667,447.667,0.0,4
3638,447.5,447.5,0.0,4
3639,447.333,447.333,0.0,4
3640,447.167,447.167,0.0,4
3641,447.0,447.0,0.0,4
3642,446.833,446.833,0.0,4
3643,446.667,446.667,0.0,4
3644,446.5,446.5,0.0,4
3645,446.333,446.333,0.0,4
3646,446.167,446.167,0.0,4
3647,446.0,446.0,0.0,4
3648,445.833,445.833,0.0,4
3649,445.667,445.667,0.0,4
3650,445.5,445.5,0.0,4
3651,445.333,445.333,0.0,4
3652,445.167,445.167,0.0,4
3653,445.0,445.0,0.0,4
3654,444.833,444.833,0.0,4
3655,444.667,444.667,0.0,4
3656,444.5,444.5,0.0,4
3657,444.333,444.333,0.0,4
3658,444.167,444.167,0.0,4
3659,444.0,444.0,0.0,4
3660,443.833,443.833,0.0,4
3661,443.667,443.667,0.0,4
3662,443.5,443.5,0.0,4
3663,443.333,443.333,0.0,4
3664,443.167,443.167,0.0,4
3665,443.0,443.0,0.0,4
3666,442.833,442.833,0.0,4
3667,442.667,442.667,0.0,4
3668,442.5,442.5,0.0,4
3669,442.333,442.333,0.0,4
3670,442.167,442.167,0.0,4
3671,442.0,442.0,0.0,4
3672,441.833,441.833,0.0,4
3673,441.667,441.667,0.0,4
3674,441.5,441.5,0.0,4
3675,441.333,441.333,0.0,4
3676,441.167,441.167,0.0,4
3677,441.0,441.0,0.0,4
3678,440.833,440.833,0.0,4
3679,440.667,440.667,0.0,4
3680,440.5,440.5,0.0,4
3681,440.333,440.333,0.0,4
3682,440.167,440.167,0.0,4
3683,440.0,440.0,0.0,4
3684,439.833,439.833,0.0,4
3685,439.667,439.667,0.0,4
3686,439.5,439.5,0.0,4
3687,439.333,439.333,0.0,4
3688,439.167,439.167,0.0,4
3689,439.0,439.0,0.0,4
3690,438.833,438.833,0.0,4
3691,438.667,438.667,0.0,4
3692,438.5,438.5,0.0,4
3693,438.333,438.333,0.0,4
3694,438.167,438.167,0.0,4
3695,438.0,438.0,0.0,4
3696,437.833,437.833,0.0,4
3697,437.667,437.667,0.0,4
3698,437.5,437.5,0.0,4
3699,437.333,437.333,0.0,4
3700,437.167,437.167,0.0,4
3701,437.0,437.0,0.0,4
3702,436.833,436.833,0.0,4
3703,436.667,436.667,0.0,4
3704,436.5,436.5,0.0,4
3705,436.333,436.333,0.0,4
3706,436.167,436.167,0.0,4
3707,436.0,436.0,0.0,4
3708,435.833,435.833,0.0,4
3709,435.667,435.667,0.0,4
3710,435.5,435.5,0.0,4
3711,435.333,435.333,0.0,4
3712,435.167,435.167,0.0,4
3713,435.0,435.0,0.0,4
3714,434.833,434.833,0.0,4
3715,434.667,434.667,0.0,4
3716,434.5,434.5,0.0,4
3717,434.333,434.333,0.0,4
3718,434.167,434.167,0.0,4
3719,434.0,434.0,0.0,4
3720,433.833,433.833,0.0,4
3721,433.667,433.667,0.0,4
3722,433.5,433.5,0.0,4
3723,433.333,433.333,0.0,4
3724,433.167,433.167,0.0,4
3725,433.0,433.0,0.0,4
3726,432.833,432.833,0.0,4
3727,432.667,432.667,0.0,4
3728,432.5,432.5,0.0,4
3729,432.333,432.333,0.0,4
3730,432.167,432.167,0.0,4
3731,432.0,432.0,0.0,4
3732,431.833,431.833,0.0,4
3733,431.667,431.667,0.0,4
3734,431.5,431.5,0.0,4
3735,431.333,431.333,0.0,4
3736,431.167,431.167,0.0,4
3737,431.0,431.0,0.0,4
3738,430.833,430.833,0.0,4
3739,430.667,430.667,0.0,4
3740,430.5,430.5,0.0,4
3741,430.333,430.333,0.0,4
3742,430.167,430.167,0.0,4
3743,430.0,430.0,0.0,4
3744,429.833,429.833,0.0,4
3745,429.667,429.667,0.0,4
3746,429.5,429.5,0.0,4
3747,429.333,429.333,0.0,4
3748,429.167,429.167,0.0,4
3749,429.0,429.0,0.0,4
3750,428.833,428.833,0.0,4
3751,428.667,428.667,0.0,4
3752,428.5,428.5,0.0,4
3753,428.333,428.333,0.0,4
3754,428.167,428.167,0.0,4
3755,428.0,428.0,0.0,4
3756,427.833,427.833,0.0,4
3757,427.667,427.667,0.0,4
3758,427.5,427.5,0.0,4
3759,427.333,427.333,0.0,4
3760,427.167,427.167,0.0,4
3761,427.0,427.0,0.0,4
3762,426.833,426.833,0.0,4
3763,426.667,426.667,0.0,4
3764,426.5,426.5,0.0,4
3765,426.333,426.333,0.0,4
3766,426.167,426.167,0.0,4
3767,426.0,426.0,0.0,4
3768,425.833,425.833,0.0,4
3769,425.667,425.667,0.0,4
3770,425.5,425.5,0.0,4
3771,425.333,425.333,0.0,4
3772,425.167,425.167,0.0,4
3773,425.0,425.0,0.0,4
3774,424.833,424.833,0.0,4
3775,424.667,424.667,0.0,4
3776,424.5,424.5,0.0,4
3777,424.333,424.333,0.0,4
3778,424.167,424.167,0.0,4
3779,424.0,424.0,0.0,4
3780,423.833,423.833,0.0,4
3781,423.667,423.667,0.0,4
3782,423.5,423.5,0.0,4
3783,423.333,423.333,0.0,4
3784,423.167,423.167,0.0,4
3785,423.0,423.0,0.0,4
3786,422.833,422.833,0.0,4
3787,422.667,422.667,0.0,4
3788,422.5,422.5,0.0,4
3789,422.333,422.333,0.0,4
3790,422.167,422.167,0.0,4
3791,422.0,422.0,0.0,4
3792,421.833,421.833,0.0,4
3793,421.667,421.667,0.0,4
3794,421.5,421.5,0.0,4
3795,421.333,421.333,0.0,4
3796,421.167,421.167,0.0,4
3797,421.0,421.0,0.0,4
3798,420.833,420.833,0.0,4
3799,420.667,420.667,0.0,4
3800,420.5,420.5,0.0,4
3801,420.333,420.333,0.0,4
3802,420.167,420.167,0.0,4
3803,420.0,420.0,0.0,4
3804,419.833,419.833,0.0,4
3805,419.667,419.667,0.0,4
3806,419.5,419.5,0.0,4
3807,419.333,419.333,0.0,4
3808,419.167,419.167,0.0,4
3809,419.0,419.0,0.0,4
3810,418.833,418.833,0.0,4
3811,418.667,418.667,0.0,4
3812,418.5,418.5,0.0,4
3813,418.333,418.333,0.0,4
3814,418.167,418.167,0.0,4
3815,418.0,418.0,0.0,4
3816,417.833,417.833,0.0,4
3817,417.667,417.667,0.0,4
3818,417.5,417.5,0.0,4
3819,417.333,417.333,0.0,4
3820,417.167,417.167,0.0,4
3821,417.0,417.0,0.0,4
3822,416.833,416.833,0.0,4
3823,416.667,416.667,0.0,4
3824,416.5,416.5,0.0,4
3825,416.333,416.333,0.0,4
3826,416.167,416.167,0.0,4
3827,416.0,416.0,0.0,4
3828,415.833,415.833,0.0,4
3829,415.667,415.667,0.0,4
3830,415.5,415.5,0.0,4
3831,415.333,415.333,0.0,4
3832,415.167,415.167,0.0,4
3833,415.0,415.0,0.0,4
3834,414.833,414.833,0.0,4
3835,414.667,414.667,0.0,4
3836,414.5,414.5,0.0,4
3837,414.333,414.333,0.0,4
3838,414.167,414.167,0.0,4
3839,414.0,414.0,0.0,4
3840,413.833,413.833,0.0,4
3841,413.667,413.667,0.0,4
3842,413.5,413.5,0.0,4
3843,413.333,413.333,0.0,4
3844,413.167,413.167,0.0,4
3845,413.0,413.0,0.0,4
3846,412.833,412.833,0.0,4
3847,412.667,412.667,0.0,4
3848,412.5,412.5,0.0,4
3849,412.333,412.333,0.0,4
3850,412.167,412.167,0.0,4
3851,412.0,412.0,0.0,4
3852,411.833,411.833,0.0,4
3853,411.667,411.667,0.0,4
3854,411.5,411.5,0.0,4
3855,411.333,411.333,0.0,4
3856,411.167,411.167,0.0,4
3857,411.0,411.0,0.0,4
3858,410.833,410.833,0.0,4
3859,410.667,410.667,0.0,4
3860,410.5,410.5,0.0,4
3861,410.333,410.333,0.0,4
3862,410.167,410.167,0.0,4
3863,410.0,410.0,0.0,4
3864,409.833,409.833,0.0,4
3865,409.667,409.667,0.0,4
3866,409.5,409.5,0.0,4
3867,409.333,409.333,0.0,4
3868,409.167,409.167,0.0,4
3869,409.0,409.0,0.0,4
3870,408.833,408.833,0.0,4
3871,408.667,408.667,0.0,4
3872,408.5,408.5,0.0,4
3873,408.333,408.333,0.0,4
3874,408.167,408.167,0.0,4
3875,408.0,408.0,0.0,4
3876,407.833,407.833,0.0,4
3877,407.667,407.667,0.0,4
3878,407.5,407.5,0.0,4
3879,407.333,407.333,0.0,4
3880,407.167,407.167,0.0,4
3881,407.0,407.0,0.0,4
3882,406.833,406.833,0.0,4
3883,406.667,406.667,0.0,4
3884,406.5,406.5,0.0,4
3885,406.333,406.333,0.0,4
3886,406.167,406.167,0.0,4
3887,406.0,406.0,0.0,4
3888,405.833,405.833,0.0,4
3889,405.667,405.667,0.0,4
3890,405.5,405.5,0.0,4
3891,405.333,405.333,0.0,4
3892,405.167,405.167,0.0,4
3893,405.0,405.0,0.0,4
3894,404.833,404.833,0.0,4
3895,404.667,404.667,0.0,4
3896,404.5,404.5,0.0,4
3897,404.333,404.333,0.0,4
3898,404.167,404.167,0.0,4
3899,404.0,404.0,0.0,4
3900,403.833,403.833,0.0,4
3901,403.667,403.667,0.0,4
3902,403.5,403.5,0.0,4
3903,403.333,403.333,0.0,4
3904,403.167,403.167,0.0,4
3905,403.0,403.0,0.0,4
3906,402.833,402.833,0.0,4
3907,402.667,402.667,0.0,4
3908,402.5,402.5,0.0,4
3909,402.333,402.333,0.0,4
3910,402.167,402.167,0.0,4
3911,402.0,402.0,0.0,4
3912,401.833,401.833,0.0,4
3913,401.667,401.667,0.0,4
3914,401.5,401.5,0.0,4
3915,401.333,401.333,0.0,4
3916,401.167,401.167,0.0,4
3917,401.0,401.0,0.0,4
3918,400.833,400.833,0.0,4
3919,400.667,400.667,0.0,4
3920,400.5,400.5,0.0,4
3921,400.333,400.333,0.0,4
3922,400.167,400.167,0.0,4
3923,400.0,400.0,0.0,4
3924,399.833,399.833,0.0,4
3925,399.667,399.667,0.0,4
3926,399.5,399.5,0.0,4
3927,399.333,399.333,0.0,4
3928,399.167,399.167,0.0,4
3929,399.0,399.0,0.0,4
3930,398.833,398.833,0.0,4
3931,398.667,398.667,0.0,4
3932,398.5,398.5,0.0,4
3933,398.333,398.333,0.0,4
3934,398.167,398.167,0.0,4
3935,398.0,398.0,0.0,4
3936,397.833,397.833,0.0,4
3937,397.667,397.667,0.0,4
3938,397.5,397.5,0.0,4
3939,397.333,397.333,0.0,4
3940,397.167,397.167,0.0,4
3941,397.0,397.0,0.0,4
3942,396.833,396.833,0.0,4
3943,396.667,396.667,0.0,4
3944,396.5,396.5,0.0,4
3945,396.333,396.333,0.0,4
3946,396.167,396.167,0.0,4
3947,396.0,396.0,0.0,4
3948,395.833,395.833,0.0,4
3949,395.667,395.667,0.0,4
3950,395.5,395.5,0.0,4
3951,395.333,395.333,0.0,4
3952,395.167,395.167,0.0,4
3953,395.0,395.0,0.0,4
3954,394.833,394.833,0.0,4
3955,394.667,394.667,0.0,4
3956,394.5,394.5,0.0,4
3957,394.333,394.333,0.0,4
3958,394.167,394.167,0.0,4
3959,394.0,394.0,0.0,4
3960,393.833,393.833,0.0,4
3961,393.667,393.667,0.0,4
3962,393.5,393.5,0.0,4
3963,393.333,393.333,0.0,4
3964,393.167,393.167,0.0,4
3965,393.0,393.0,0.0,4
3966,392.833,392.833,0.0,4
3967,392.667,392.667,0.0,4
3968,392.5,392.5,0.0,4
3969,392.333,392.333,0.0,4
3970,392.167,392.167,0.0,4
3971,392.0,392.0,0.0,4
3972,391.833,391.833,0.0,4
3973,391.667,391.667,0.0,4
3974,391.5,391.5,0.0,4
3975,391.333,391.333,0.0,4
3976,391.167,391.167,0.0,4
3977,391.0,391.0,0.0,4
3978,390.833,390.833,0.0,4
3979,390.667,390.667,0.0,4
3980,390.5,390.5,0.0,4
3981,390.333,390.333,0.0,4
3982,390.167,390.167,0.0,4
3983,390.0,390.0,0.0,4
3984,389.833,389.833,0.0,4
3985,389.667,389.667,0.0,4
3986,389.5,389.5,0.0,4
3987,389.333,389.333,0.0,4
3988,389.167,389.167,0.0,4
3989,389.0,389.0,0.0,4
3990,388.833,388.833,0.0,4
3991,388.667,388.667,0.0,4
3992,388.5,388.5,0.0,4
3993,388.333,388.333,0.0,4
3994,388.167,388.167,0.0,4
3995,388.0,388.0,0.0,4
3996,387.833,387.833,0.0,4
3997,387.667,387.667,0.0,4
3998,387.5,387.5,0.0,4
3999,387.333,387.333,0.0,4
4000,387.167,387.167,0.0,4
4001,387.0,387.0,0.0,4
4002,386.833,386.833,0.0,4
4003,386.667,386.667,0.0,4
4004,386.5,386.5,0.0,4
4005,386.333,386.333,0.0,4
4006,386.167,386.167,0.0,4
4007,386.0,386.0,0.0,4
4008,385.833,385.833,0.0,4
4009,385.667,385.667,0.0,4
4010,385.5,385.5,0.0,4
4011,385.333,385.333,0.0,4
4012,385.167,385.167,0.0,4
4013,385.0,385.0,0.0,4
4014,384.833,384.833,0.0,4
4015,384.667,384.667,0.0,4
4016,384.5,384.5,0.0,4
4017,384.333,384.333,0.0,4
4018,384.167,384.167,0.0,4
4019,384.0,384.0,0.0,4
4020,383.833,383.833,0.0,4
4021,383.667,383.667,0.0,4
4022,383.5,383.5,0.0,4
4023,383.333,383.333,0.0,4
4024,383.167,383.167,0.0,4
4025,383.0,383.0,0.0,4
4026,382.833,382.833,0.0,4
4027,382.667,382.667,0.0,4
4028,382.5,382.5,0.0,4
4029,382.333,382.333,0.0,4
4030,382.167,382.167,0.0,4
4031,382.0,382.0,0.0,4
4032,381.833,381.833,0.0,4
4033,381.667,381.667,0.0,4
4034,381.5,381.5,0.0,4
4035,381.333,381.333,0.0,4
4036,381.167,381.167,0.0,4
4037,381.0,381.0,0.0,4
4038,380.833,380.833,0.0,4
4039,380.667,380.667,0.0,4
4040,380.5,380.5,0.0,4
4041,380.333,380.333,0.0,4
4042,380.167,380.167,0.0,4
4043,380.0,380.0,0.0,4
4044,379.833,379.833,0.0,4
4045,379.667,379.667,0.0,4
4046,379.5,379.5,0.0,4
4047,379.333,379.333,0.0,4
4048,379.167,379.167,0.0,4
4049,379.0,379.0,0.0,4
4050,378.833,378.833,0.0,4
4051,378.667,378.667,0.0,4
4052,378.5,378.5,0.0,4
4053,378.333,378.333,0.0,4
4054,378.167,378.167,0.0,4
4055,378.0,378.0,0.0,4
4056,377.833,377.833,0.0,4
4057,377.667,377.667,0.0,4
4058,377.5,377.5,0.0,4
4059,377.333,377.333,0.0,4
4060,377.167,377.167,0.0,4
4061,377.0,377.0,0.0,4
4062,376.833,376.833,0.0,4
4063,376.667,376.667,0.0,4
4064,376.5,376.5,0.0,4
4065,376.333,376.333,0.0,4
4066,376.167,376.167,0.0,4
4067,376.0,376.0,0.0,4
4068,375.833,375.833,0.0,4
4069,375.667,375.667,0.0,4
4070,375.5,375.5,0.0,4
4071,375.333,375.333,0.0,4
4072,375.167,375.167,0.0,4
4073,375.0,375.0,0.0,4
4074,374.833,374.833,0.0,4
4075,374.667,374.667,0.0,4
4076,374.5,374.5,0.0,4
4077,374.333,374.333,0.0,4
4078,374.167,374.167,0.0,4
4079,374.0,374.0,0.0,4
4080,373.833,373.833,0.0,4
4081,373.667,373.667,0.0,4
4082,373.5,373.5,0.0,4
4083,373.333,373.333,0.0,4
4084,373.167,373.167,0.0,4
4085,373.0,373.0,0.0,4
4086,372.833,372.833,0.0,4
4087,372.667,372.667,0.0,4
4088,372.5,372.5,0.0,4
4089,372.333,372.333,0.0,4
4090,372.167,372.167,0.0,4
4091,372.0,372.0,0.0,4
4092,371.833,371.833,0.0,4
4093,371.667,371.667,0.0,4
4094,371.5,371.5,0.0,4
4095,371.333,371.333,0.0,4
4096,371.167,371.167,0.0,4
4097,371.0,371.0,0.0,4
4098,370.833,370.833,0.0,4
4099,370.667,370.667,0.0,4
4100,370.5,370.5,0.0,4
4101,370.333,370.333,0.0,4
4102,370.167,370.167,0.0,4
4103,370.0,370.0,0.0,4
4104,369.833,369.833,0.0,4
4105,369.667,369.667,0.0,4
4106,369.5,369.5,0.0,4
4107,369.333,369.333,0.0,4
4108,369.167,369.167,0.0,4
4109,369.0,369.0,0.0,4
4110,368.833,368.833,0.0,4
4111,368.667,368.667,0.0,4
4112,368.5,368.5,0.0,4
4113,368.333,368.333,0.0,4
4114,368.167,368.167,0.0,4
4115,368.0,368.0,0.0,4
4116,367.833,367.833,0.0,4
4117,367.667,367.667,0.0,4
4118,367.5,367.5,0.0,4
4119,367.333,367.333,0.0,4
4120,367.167,367.167,0.0,4
4121,367.0,367.0,0.0,4
4122,366.833,366.833,0.0,4
4123,366.667,366.667,0.0,4
4124,366.5,366.5,0.0,4
4125,366.333,366.333,0.0,4
4126,366.167,366.167,0.0,4
4127,366.0,366.0,0.0,4
4128,365.833,365.833,0.0,4
4129,365.667,365.667,0.0,4
4130,365.5,365.5,0.0,4
4131,365.333,365.333,0.0,4
4132,365.167,365.167,0.0,4
4133,365.0,365.0,0.0,4
4134,364.833,364.833,0.0,4
4135,364.667,364.667,0.0,4
4136,364.5,364.5,0.0,4
4137,364.333,364.333,0.0,4
4138,364.167,364.167,0.0,4
4139,364.0,364.0,0.0,4
4140,363.833,363.833,0.0,4
4141,363.667,363.667,0.0,4
4142,363.5,363.5,0.0,4
4143,363.333,363.333,0.0,4
4144,363.167,363.167,0.0,4
4145,363.0,363.0,0.0,4
4146,362.833,362.833,0.0,4
4147,362.667,362.667,0.0,4
4148,362.5,362.5,0.0,4
4149,362.333,362.333,0.0,4
4150,362.167,362.167,0.0,4
4151,362.0,362.0,0.0,4
4152,361.833,361.833,0.0,4
4153,361.667,361.667,0.0,4
4154,361.5,361.5,0.0,4
4155,361.333,361.333,0.0,4
4156,361.167,361.167,0.0,4
4157,361.0,361.0,0.0,4
4158,360.833,360.833,0.0,4
4159,360.667,360.667,0.0,4
4160,360.5,360.5,0.0,4
4161,360.333,360.333,0.0,4
4162,360.167,360.167,0.0,4
4163,360.0,360.0,0.0,4
4164,359.833,359.833,0.0,4
4165,359.667,359.667,0.0,4
4166,359.5,359.5,0.0,4
4167,359.333,359.333,0.0,4
4168,359.167,359.167,0.0,4
4169,359.0,359.0,0.0,4
4170,358.833,358.833,0.0,4
4171,358.667,358.667,0.0,4
4172,358.5,358.5,0.0,4
4173,358.333,358.333,0.0,4
4174,358.167,358.167,0.0,4
4175,358.0,358.0,0.0,4
4176,357.833,357.833,0.0,4
4177,357.667,357.667,0.0,4
4178,357.5,357.5,0.0,4
4179,357.333,357.333,0.0,4
4180,357.167,357.167,0.0,4
4181,357.0,357.0,0.0,4
4182,356.833,356.833,0.0,4
4183,356.667,356.667,0.0,4
4184,356.5,356.5,0.0,4
4185,356.333,356.333,0.0,4
4186,356.167,356.167,0.0,4
4187,356.0,356.0,0.0,4
4188,355.833,355.833,0.0,4
4189,355.667,355.667,0.0,4
4190,355.5,355.5,0.0,4
4191,355.333,355.333,0.0,4
4192,355.167,355.167,0.0,4
4193,355.0,355.0,0.0,4
4194,354.833,354.833,0.0,4
4195,354.667,354.667,0.0,4
4196,354.5,354.5,0.0,4
4197,354.333,354.333,0.0,4
4198,354.167,354.167,0.0,4
4199,354.0,354.0,0.0,4
4200,353.833,353.833,0.0,4
4201,353.667,353.667,0.0,4
4202,353.5,353.5,0.0,4
4203,353.333,353.333,0.0,4
4204,353.167,353.167,0.0,4
4205,353.0,353.0,0.0,4
4206,352.833,352.833,0.0,4
4207,352.667,352.667,0.0,4
4208,352.5,352.5,0.0,4
4209,352.333,352.333,0.0,4
4210,352.167,352.167,0.0,4
4211,352.0,352.0,0.0,4
4212,351.833,351.833,0.0,4
4213,351.667,351.667,0.0,4
4214,351.5,351.5,0.0,4
4215,351.333,351.333,0.0,4
4216,351.167,351.167,0.0,4
4217,351.0,351.0,0.0,4
4218,350.833,350.833,0.0,4
4219,350.667,350.667,0.0,4
4220,350.5,350.5,0.0,4
4221,350.333,350.333,0.0,4
4222,350.167,350.167,0.0,4
4223,350.0,350.0,0.0,4
4224,349.833,349.833,0.0,4
4225,349.667,349.667,0.0,4
4226,349.5,349.5,0.0,4
4227,349.333,349.333,0.0,4
4228,349.167,349.167,0.0,4
4229,349.0,349.0,0.0,4
4230,348.833,348.833,0.0,4
4231,348.667,348.667,0.0,4
4232,348.5,348.5,0.0,4
4233,348.333,348.333,0.0,4
4234,348.167,348.167,0.0,4
4235,348.0,348.0,0.0,4
4236,347.833,347.833,0.0,4
4237,347.667,347.667,0.0,4
4238,347.5,347.5,0.0,4
4239,347.333,347.333,0.0,4
4240,347.167,347.167,0.0,4
4241,347.0,347.0,0.0,4
4242,346.833,346.833,0.0,4
4243,346.667,346.667,0.0,4
4244,346.5,346.5,0.0,4
4245,346.333,346.333,0.0,4
4246,346.167,346.167,0.0,4
4247,346.0,346.0,0.0,4
4248,345.833,345.833,0.0,4
4249,345.667,345.667,0.0,4
4250,345.5,345.5,0.0,4
4251,345.333,345.333,0.0,4
4252,345.167,345.167,0.0,4
4253,345.0,345.0,0.0,4
4254,344.833,344.833,0.0,4
4255,344.667,344.667,0.0,4
4256,344.5,344.5,0.0,4
4257,344.333,344.333,0.0,4
4258,344.167,344.167,0.0,4
4259,344.0,344.0,0.0,4
4260,343.833,343.833,0.0,4
4261,343.667,343.667,0.0,4
4262,343.5,343.5,0.0,4
4263,343.333,343.333,0.0,4
4264,343.167,343.167,0.0,4
4265,343.0,343.0,0.0,4
4266,342.833,342.833,0.0,4
4267,342.667,342.667,0.0,4
4268,342.5,342.5,0.0,4
4269,342.333,342.333,0.0,4
4270,342.167,342.167,0.0,4
4271,342.0,342.0,0.0,4
4272,341.833,341.833,0.0,4
4273,341.667,341.667,0.0,4
4274,341.5,341.5,0.0,4
4275,341.333,341.333,0.0,4
4276,341.167,341.167,0.0,4
4277,341.0,341.0,0.0,4
4278,340.833,340.833,0.0,4
4279,340.667,340.667,0.0,4
4280,340.5,340.5,0.0,4
4281,340.333,340.333,0.0,4
4282,340.167,340.167,0.0,4
4283,340.0,340.0,0.0,4
4284,339.833,339.833,0.0,4
4285,339.667,339.667,0.0,4
4286,339.5,339.5,0.0,4
4287,339.333,339.333,0.0,4
4288,339.167,339.167,0.0,4
4289,339.0,339.0,0.0,4
4290,338.833,338.833,0.0,4
4291,338.667,338.667,0.0,4
4292,338.5,338.5,0.0,4
4293,338.333,338.333,0.0,4
4294,338.167,338.167,0.0,4
4295,338.0,338.0,0.0,4
4296,337.833,337.833,0.0,4
4297,337.667,337.667,0.0,4
4298,337.5,337.5,0.0,4
4299,337.333,337.333,0.0,4
4300,337.167,337.167,0.0,4
4301,337.0,337.0,0.0,4
4302,336.833,336.833,0.0,4
4303,336.667,336.667,0.0,4
4304,336.5,336.5,0.0,4
4305,336.333,336.333,0.0,4
4306,336.167,336.167,0.0,4
4307,336.0,336.0,0.0,4
4308,335.833,335.833,0.0,4
4309,335.667,335.667,0.0,4
4310,335.5,335.5,0.0,4
4311,335.333,335.333,0.0,4
4312,335.167,335.167,0.0,4
4313,335.0,335.0,0.0,4
4314,334.833,334.833,0.0,4
4315,334.667,334.667,0.0,4
4316,334.5,334.5,0.0,4
4317,334.333,334.333,0.0,4
4318,334.167,334.167,0.0,4
4319,334.0,334.0,0.0,4
4320,333.833,333.833,0.0,4
4321,333.667,333.667,0.0,4
4322,333.5,333.5,0.0,4
4323,333.333,333.333,0.0,4
4324,333.167,333.167,0.0,4
4325,333.0,333.0,0.0,4
4326,332.833,332.833,0.0,4
4327,332.667,332.667,0.0,4
4328,332.5,332.5,0.0,4
4329,332.333,332.333,0.0,4
4330,332.167,332.167,0.0,4
4331,332.0,332.0,0.0,4
4332,331.833,331.833,0.0,4
4333,331.667,331.667,0.0,4
4334,331.5,331.5,0.0,4
4335,331.333,331.333,0.0,4
4336,331.167,331.167,0.0,4
4337,331.0,331.0,0.0,4
4338,330.833,330.833,0.0,4
4339,330.667,330.667,0.0,4
4340,330.5,330.5,0.0,4
4341,330.333,330.333,0.0,4
4342,330.167,330.167,0.0,4
4343,330.0,330.0,0.0,4
4344,329.833,329.833,0.0,4
4345,329.667,329.667,0.0,4
4346,329.5,329.5,0.0,4
4347,329.333,329.333,0.0,4
4348,329.167,329.167,0.0,4
4349,329.0,329.0,0.0,4
4350,328.833,328.833,0.0,4
4351,328.667,328.667,0.0,4
4352,328.5,328.5,0.0,4
4353,328.333,328.333,0.0,4
4354,328.167,328.167,0.0,4
4355,328.0,328.0,0.0,4
4356,327.833,327.833,0.0,4
4357,327.667,327.667,0.0,4
4358,327.5,327.5,0.0,4
4359,327.333,327.333,0.0,4
4360,327.167,327.167,0.0,4
4361,327.0,327.0,0.0,4
4362,326.833,326.833,0.0,4
4363,326.667,326.667,0.0,4
4364,326.5,326.5,0.0,4
4365,326.333,326.333,0.0,4
4366,326.167,326.167,0.0,4
4367,326.0,326.0,0.0,4
4368,325.833,325.833,0.0,4
4369,325.667,325.667,0.0,4
4370,325.5,325.5,0.0,4
4371,325.333,325.333,0.0,4
4372,325.167,325.167,0.0,4
4373,325.0,325.0,0.0,4
4374,324.833,324.833,0.0,4
4375,324.667,324.667,0.0,4
4376,324.5,324.5,0.0,4
4377,324.333,324.333,0.0,4
4378,324.167,324.167,0.0,4
4379,324.0,324.0,0.0,4
4380,323.833,323.833,0.0,4
4381,323.667,323.667,0.0,4
4382,323.5,323.5,0.0,4
4383,323.333,323.333,0.0,4
4384,323.167,323.167,0.0,4
4385,323.0,323.0,0.0,4
4386,322.833,322.833,0.0,4
4387,322.667,322.667,0.0,4
4388,322.5,322.5,0.0,4
4389,322.333,322.333,0.0,4
4390,322.167,322.167,0.0,4
4391,322.0,322.0,0.0,4
4392,321.833,321.833,0.0,4
4393,321.667,321.667,0.0,4
4394,321.5,321.5,0.0,4
4395,321.333,321.333,0.0,4
4396,321.167,321.167,0.0,4
4397,321.0,321.0,0.0,4
4398,320.833,320.833,0.0,4
4399,320.667,320.667,0.0,4
4400,320.5,320.5,0.0,4
4401,320.333,320.333,0.0,4
4402,320.167,320.167,0.0,4
4403,320.0,320.0,0.0,4
4404,319.833,319.833,0.0,4
4405,319.667,319.667,0.0,4
4406,319.5,319.5,0.0,4
4407,319.333,319.333,0.0,4
4408,319.167,319.167,0.0,4
4409,319.0,319.0,0.0,4
4410,318.833,318.833,0.0,4
4411,318.667,318.667,0.0,4
4412,318.5,318.5,0.0,4
4413,318.333,318.333,0.0,4
4414,318.167,318.167,0.0,4
4415,318.0,318.0,0.0,4
4416,317.833,317.833,0.0,4
4417,317.667,317.667,0.0,4
4418,317.5,317.5,0.0,4
4419,317.333,317.333,0.0,4
4420,317.167,317.167,0.0,4
4421,317.0,317.0,0.0,4
4422,316.833,316.833,0.0,4
4423,316.667,316.667,0.0,4
4424,316.5,316.5,0.0,4
4425,316.333,316.333,0.0,4
4426,316.167,316.167,0.0,4
4427,316.0,316.0,0.0,4
4428,315.833,315.833,0.0,4
4429,315.667,315.667,0.0,4
4430,315.5,315.5,0.0,4
4431,315.333,315.333,0.0,4
4432,315.167,315.167,0.0,4
4433,315.0,315.0,0.0,4
4434,314.833,314.833,0.0,4
4435,314.667,314.667,0.0,4
4436,314.5,314.5,0.0,4
4437,314.333,314.333,0.0,4
4438,314.167,314.167,0.0,4
4439,314.0,314.0,0.0,4
4440,313.833,313.833,0.0,4
4441,313.667,313.667,0.0,4
4442,313.5,313.5,0.0,4
4443,313.333,313.333,0.0,4
4444,313.167,313.167,0.0,4
4445,313.0,313.0,0.0,4
4446,312.833,312.833,0.0,4
4447,312.667,312.667,0.0,4
4448,312.5,312.5,0.0,4
4449,312.333,312.333,0.0,4
4450,312.167,312.167,0.0,4
4451,312.0,312.0,0.0,4
4452,311.833,311.833,0.0,4
4453,311.667,311.667,0.0,4
4454,311.5,311.5,0.0,4
4455,311.333,311.333,0.0,4
4456,311.167,311.167,0.0,4
4457,311.0,311.0,0.0,4
4458,310.833,310.833,0.0,4
4459,310.667,310.667,0.0,4
4460,310.5,310.5,0.0,4
4461,310.333,310.333,0.0,4
4462,310.167,310.167,0.0,4
4463,310.0,310.0,0.0,4
4464,309.833,309.833,0.0,4
4465,309.667,309.667,0.0,4
4466,309.5,309.5,0.0,4
4467,309.333,309.333,0.0,4
4468,309.167,309.167,0.0,4
4469,309.0,309.0,0.0,4
4470,308.833,308.833,0.0,4
4471,308.667,308.667,0.0,4
4472,308.5,308.5,0.0,4
4473,308.333,308.333,0.0,4
4474,308.167,308.167,0.0,4
4475,308.0,308.0,0.0,4
4476,307.833,307.833,0.0,4
4477,307.667,307.667,0.0,4
4478,307.5,307.5,0.0,4
4479,307.333,307.333,0.0,4
4480,307.167,307.167,0.0,4
4481,307.0,307.0,0.0,4
4482,306.833,306.833,0.0,4
4483,306.667,306.667,0.0,4
4484,306.5,306.5,0.0,4
4485,306.333,306.333,0.0,4
4486,306.167,306.167,0.0,4
4487,306.0,306.0,0.0,4
4488,305.833,305.833,0.0,4
4489,305.667,305.667,0.0,4
4490,305.5,305.5,0.0,4
4491,305.333,305.333,0.0,4
4492,305.167,305.167,0.0,4
4493,305.0,305.0,0.0,4
4494,304.833,304.833,0.0,4
4495,304.667,304.667,0.0,4
4496,304.5,304.5,0.0,4
4497,304.333,304.333,0.0,4
4498,304.167,304.167,0.0,4
4499,304.0,304.0,0.0,4
4500,303.833,303.833,0.0,4
4501,303.667,303.667,0.0,4
4502,303.5,303.5,0.0,4
4503,303.333,303.333,0.0,4
4504,303.167,303.167,0.0,4
4505,303.0,303.0,0.0,4
4506,302.833,302.833,0.0,4
4507,302.667,302.667,0.0,4
4508,302.5,302.5,0.0,4
4509,302.333,302.333,0.0,4
4510,302.167,302.167,0.0,4
4511,302.0,302.0,0.0,4
4512,301.833,301.833,0.0,4
4513,301.667,301.667,0.0,4
4514,301.5,301.5,0.0,4
4515,301.333,301.333,0.0,4
4516,301.167,301.167,0.0,4
4517,301.0,301.0,0.0,4
4518,300.833,300.833,0.0,4
4519,300.667,300.667,0.0,4
4520,300.5,300.5,0.0,4
4521,300.333,300.333,0.0,4
4522,300.167,300.167,0.0,4
4523,300.0,300.0,0.0,4
4524,299.833,299.833,0.0,4
4525,299.667,299.667,0.0,4
4526,299.5,299.5,0.0,4
4527,299.333,299.333,0.0,4
4528,299.167,299.167,0.0,4
4529,299.0,299.0,0.0,4
4530,298.833,298.833,0.0,4
4531,298.667,298.667,0.0,4
4532,298.5,298.5,0.0,4
4533,298.333,298.333,0.0,4
4534,298.167,298.167,0.0,4
4535,298.0,298.0,0.0,4
4536,297.833,297.833,0.0,4
4537,297.667,297.667,0.0,4
4538,297.5,297.5,0.0,4
4539,297.333,297.333,0.0,4
4540,297.167,297.167,0.0,4
4541,297.0,297.0,0.0,4
4542,296.833,296.833,0.0,4
4543,296.667,296.667,0.0,4
4544,296.5,296.5,0.0,4
4545,296.333,296.333,0.0,4
4546,296.167,296.167,0.0,4
4547,296.0,296.0,0.0,4
4548,295.833,295.833,0.0,4
4549,295.667,295.667,0.0,4
4550,295.5,295.5,0.0,4
4551,295.333,295.333,0.0,4
4552,295.167,295.167,0.0,4
4553,295.0,295.0,0.0,4
4554,294.833,294.833,0.0,4
4555,294.667,294.667,0.0,4
4556,294.5,294.5,0.0,4
4557,294.333,294.333,0.0,4
4558,294.167,294.167,0.0,4
4559,294.0,294.0,0.0,4
4560,293.833,293.833,0.0,4
4561,293.667,293.667,0.0,4
4562,293.5,293.5,0.0,4
4563,293.333,293.333,0.0,4
4564,293.167,293.167,0.0,4
4565,293.0,293.0,0.0,4
4566,292.833,292.833,0.0,4
4567,292.667,292.667,0.0,4
4568,292.5,292.5,0.0,4
4569,292.333,292.333,0.0,4
4570,292.167,292.167,0.0,4
4571,292.0,292.0,0.0,4
4572,291.833,291.833,0.0,4
4573,291.667,291.667,0.0,4
4574,291.5,291.5,0.0,4
4575,291.333,291.333,0.0,4
4576,291.167,291.167,0.0,4
4577,291.0,291.0,0.0,4
4578,290.833,290.833,0.0,4
4579,290.667,290.667,0.0,4
4580,290.5,290.5,0.0,4
4581,290.333,290.333,0.0,4
4582,290.167,290.167,0.0,4
4583,290.0,290.0,0.0,4
4584,289.833,289.833,0.0,4
4585,289.667,289.667,0.0,4
4586,289.5,289.5,0.0,4
4587,289.333,289.333,0.0,4
4588,289.167,289.167,0.0,4
4589,289.0,289.0,0.0,4
4590,288.833,288.833,0.0,4
4591,288.667,288.667,0.0,4
4592,288.5,288.5,0.0,4
4593,288.333,288.333,0.0,4
4594,288.167,288.167,0.0,4
4595,288.0,288.0,0.0,4
4596,287.833,287.833,0.0,4
4597,287.667,287.667,0.0,4
4598,287.5,287.5,0.0,4
4599,287.333,287.333,0.0,4
4600,287.167,287.167,0.0,4
4601,287.0,287.0,0.0,4
4602,286.833,286.833,0.0,4
4603,286.667,286.667,0.0,4
4604,286.5,286.5,0.0,4
4605,286.333,286.333,0.0,4
4606,286.167,286.167,0.0,4
4607,286.0,286.0,0.0,4
4608,285.833,285.833,0.0,4
4609,285.667,285.667,0.0,4
4610,285.5,285.5,0.0,4
4611,285.333,285.333,0.0,4
4612,285.167,285.167,0.0,4
4613,285.0,285.0,0.0,4
4614,284.833,284.833,0.0,4
4615,284.667,284.667,0.0,4
4616,284.5,284.5,0.0,4
4617,284.333,284.333,0.0,4
4618,284.167,284.167,0.0,4
4619,284.0,284.0,0.0,4
4620,283.833,283.833,0.0,4
4621,283.667,283.667,0.0,4
4622,283.5,283.5,0.0,4
4623,283.333,283.333,0.0,4
4624,283.167,283.167,0.0,4
4625,283.0,283.0,0.0,4
4626,282.833,282.833,0.0,4
4627,282.667,282.667,0.0,4
4628,282.5,282.5,0.0,4
4629,282.333,282.333,0.0,4
4630,282.167,282.167,0.0,4
4631,282.0,282.0,0.0,4
4632,281.833,281.833,0.0,4
4633,281.667,281.667,0.0,4
4634,281.5,281.5,0.0,4
4635,281.333,281.333,0.0,4
4636,281.167,281.167,0.0,4
4637,281.0,281.0,0.0,4
4638,280.833,280.833,0.0,4
4639,280.667,280.667,0.0,4
4640,280.5,280.5,0.0,4
4641,280.333,280.333,0.0,4
4642,280.167,280.167,0.0,4
4643,280.0,280.0,0.0,4
4644,279.833,279.833,0.0,4
4645,279.667,279.667,0.0,4
4646,279.5,279.5,0.0,4
4647,279.333,279.333,0.0,4
4648,279.167,279.167,0.0,4
4649,279.0,279.0,0.0,4
4650,278.833,278.833,0.0,4
4651,278.667,278.667,0.0,4
4652,278.5,278.5,0.0,4
4653,278.333,278.333,0.0,4
4654,278.167,278.167,0.0,4
4655,278.0,278.0,0.0,4
4656,277.833,277.833,0.0,4
4657,277.667,277.667,0.0,4
4658,277.5,277.5,0.0,4
4659,277.333,277.333,0.0,4
4660,277.167,277.167,0.0,4
4661,277.0,277.0,0.0,4
4662,276.833,276.833,0.0,4
4663,276.667,276.667,0.0,4
4664,276.5,276.5,0.0,4
4665,276.333,276.333,0.0,4
4666,276.167,276.167,0.0,4
4667,276.0,276.0,0.0,4
4668,275.833,275.833,0.0,4
4669,275.667,275.667,0.0,4
4670,275.5,275.5,0.0,4
4671,275.333,275.333,0.0,4
4672,275.167,275.167,0.0,4
4673,275.0,275.0,0.0,4
4674,274.833,274.833,0.0,4
4675,274.667,274.667,0.0,4
4676,274.5,274.5,0.0,4
4677,274.333,274.333,0.0,4
4678,274.167,274.167,0.0,4
4679,274.0,274.0,0.0,4
4680,273.833,273.833,0.0,4
4681,273.667,273.667,0.0,4
4682,273.5,273.5,0.0,4
4683,273.333,273.333,0.0,4
4684,273.167,273.167,0.0,4
4685,273.0,273.0,0.0,4
4686,272.833,272.833,0.0,4
4687,272.667,272.667,0.0,4
4688,272.5,272.5,0.0,4
4689,272.333,272.333,0.0,4
4690,272.167,272.167,0.0,4
4691,272.0,272.0,0.0,4
4692,271.833,271.833,0.0,4
4693,271.667,271.667,0.0,4
4694,271.5,271.5,0.0,4
4695,271.333,271.333,0.0,4
4696,271.167,271.167,0.0,4
4697,271.0,271.0,0.0,4
4698,270.833,270.833,0.0,4
4699,270.667,270.667,0.0,4
4700,270.5,270.5,0.0,4
4701,270.333,270.333,0.0,4
4702,270.167,270.167,0.0,4
4703,270.0,270.0,0.0,4
4704,269.833,269.833,0.0,4
4705,269.667,269.667,0.0,4
4706,269.5,269.5,0.0,4
4707,269.333,269.333,0.0,4
4708,269.167,269.167,0.0,4
4709,269.0,269.0,0.0,4
4710,268.833,268.833,0.0,4
4711,268.667,268.667,0.0,4
4712,268.5,268.5,0.0,4
4713,268.333,268.333,0.0,4
4714,268.167,268.167,0.0,4
4715,268.0,268.0,0.0,4
4716,267.833,267.833,0.0,4
4717,267.667,267.667,0.0,4
4718,267.5,267.5,0.0,4
4719,267.333,267.333,0.0,4
4720,267.167,267.167,0.0,4
4721,267.0,267.0,0.0,4
4722,266.833,266.833,0.0,4
4723,266.667,266.667,0.0,4
4724,266.5,266.5,0.0,4
4725,266.333,266.333,0.0,4
4726,266.167,266.167,0.0,4
4727,266.0,266.0,0.0,4
4728,265.833,265.833,0.0,4
4729,265.667,265.667,0.0,4
4730,265.5,265.5,0.0,4
4731,265.333,265.333,0.0,4
4732,265.167,265.167,0.0,4
4733,265.0,265.0,0.0,4
4734,264.833,264.833,0.0,4
4735,264.667,264.667,0.0,4
4736,264.5,264.5,0.0,4
4737,264.333,264.333,0.0,4
4738,264.167,264.167,0.0,4
4739,264.0,264.0,0.0,4
4740,263.833,263.833,0.0,4
4741,263.667,263.667,0.0,4
4742,263.5,263.5,0.0,4
4743,263.333,263.333,0.0,4
4744,263.167,263.167,0.0,4
4745,263.0,263.0,0.0,4
4746,262.833,262.833,0.0,4
4747,262.667,262.667,0.0,4
4748,262.5,262.5,0.0,4
4749,262.333,262.333,0.0,4
4750,262.167,262.167,0.0,4
4751,262.0,262.0,0.0,4
4752,261.833,261.833,0.0,4
4753,261.667,261.667,0.0,4
4754,261.5,261.5,0.0,4
4755,261.333,261.333,0.0,4
4756,261.167,261.167,0.0,4
4757,261.0,261.0,0.0,4
4758,260.833,260.833,0.0,4
4759,260.667,260.667,0.0,4
4760,260.5,260.5,0.0,4
4761,260.333,260.333,0.0,4
4762,260.167,260.167,0.0,4
4763,260.0,260.0,0.0,4
4764,259.833,259.833,0.0,4
4765,259.667,259.667,0.0,4
4766,259.5,259.5,0.0,4
4767,259.333,259.333,0.0,4
4768,259.167,259.167,0.0,4
4769,259.0,259.0,0.0,4
4770,258.833,258.833,0.0,4
4771,258.667,258.667,0.0,4
4772,258.5,258.5,0.0,4
4773,258.333,258.333,0.0,4
4774,258.167,258.167,0.0,4
4775,258.0,258.0,0.0,4
4776,257.833,257.833,0.0,4
4777,257.667,257.667,0.0,4
4778,257.5,257.5,0.0,4
4779,257.333,257.333,0.0,4
4780,257.167,257.167,0.0,4
4781,257.0,257.0,0.0,4
4782,256.833,256.833,0.0,4
4783,256.667,256.667,0.0,4
4784,256.5,256.5,0.0,4
4785,256.333,256.333,0.0,4
4786,256.167,256.167,0.0,4
4787,256.0,256.0,0.0,4
4788,255.833,255.833,0.0,4
4789,255.667,255.667,0.0,4
4790,255.5,255.5,0.0,4
4791,255.333,255.333,0.0,4
4792,255.167,255.167,0.0,4
4793,255.0,255.0,0.0,4
4794,254.833,254.833,0.0,4
4795,254.667,254.667,0.0,4
4796,254.5,254.5,0.0,4
4797,254.333,254.333,0.0,4
4798,254.167,254.167,0.0,4
4799,254.0,254.0,0.0,4
4800,253.833,253.833,0.0,4
4801,253.667,253.667,0.0,4
4802,253.5,253.5,0.0,4
4803,253.333,253.333,0.0,4
4804,253.167,253.167,0.0,4
4805,253.0,253.0,0.0,4
4806,252.833,252.833,0.0,4
4807,252.667,252.667,0.0,4
4808,252.5,252.5,0.0,4
4809,252.333,252.333,0.0,4
4810,252.167,252.167,0.0,4
4811,252.0,252.0,0.0,4
4812,251.833,251.833,0.0,4
4813,251.667,251.667,0.0,4
4814,251.5,251.5,0.0,4
4815,251.333,251.333,0.0,4
4816,251.167,251.167,0.0,4
4817,251.0,251.0,0.0,4
4818,250.833,250.833,0.0,4
4819,250.667,250.667,0.0,4
4820,250.5,250.5,0.0,4
4821,250.333,250.333,0.0,4
4822,250.167,250.167,0.0,4
4823,250.0,250.0,0.0,4
4824,249.833,249.833,0.0,4
4825,249.667,249.667,0.0,4
4826,249.5,249.5,0.0,4
4827,249.333,249.333,0.0,4
4828,249.167,249.167,0.0,4
4829,249.0,249.0,0.0,4
4830,248.833,248.833,0.0,4
4831,248.667,248.667,0.0,4
4832,248.5,248.5,0.0,4
4833,248.333,248.333,0.0,4
4834,248.167,248.167,0.0,4
4835,248.0,248.0,0.0,4
4836,247.833,247.833,0.0,4
4837,247.667,247.667,0.0,4
4838,247.5,247.5,0.0,4
4839,247.333,247.333,0.0,4
4840,247.167,247.167,0.0,4
4841,247.0,247.0,0.0,4
4842,246.833,246.833,0.0,4
4843,246.667,246.667,0.0,4
4844,246.5,246.5,0.0,4
4845,246.333,246.333,0.0,4
4846,246.167,246.167,0.0,4
4847,246.0,246.0,0.0,4
4848,245.833,245.833,0.0,4
4849,245.667,245.667,0.0,4
4850,245.5,245.5,0.0,4
4851,245.333,245.333,0.0,4
4852,245.167,245.167,0.0,4
4853,245.0,245.0,0.0,4
4854,244.833,244.833,0.0,4
4855,244.667,244.667,0.0,4
4856,244.5,244.5,0.0,4
4857,244.333,244.333,0.0,4
4858,244.167,244.167,0.0,4
4859,244.0,244.0,0.0,4
4860,243.833,243.833,0.0,4
4861,243.667,243.667,0.0,4
4862,243.5,243.5,0.0,4
4863,243.333,243.333,0.0,4
4864,243.167,243.167,0.0,4
4865,243.0,243.0,0.0,4
4866,242.833,242.833,0.0,4
4867,242.667,242.667,0.0,4
4868,242.5,242.5,0.0,4
4869,242.333,242.333,0.0,4
4870,242.167,242.167,0.0,4
4871,242.0,242.0,0.0,4
4872,241.833,241.833,0.0,4
4873,241.667,241.667,0.0,4
4874,241.5,241.5,0.0,4
4875,241.333,241.333,0.0,4
4876,241.167,241.167,0.0,4
4877,241.0,241.0,0.0,4
4878,240.833,240.833,0.0,4
4879,240.667,240.667,0.0,4
4880,240.5,240.5,0.0,4
4881,240.333,240.333,0.0,4
4882,240.167,240.167,0.0,4
4883,240.0,240.0,0.0,4
4884,239.833,239.833,0.0,4
4885,239.667,239.667,0.0,4
4886,239.5,239.5,0.0,4
4887,239.333,239.333,0.0,4
4888,239.167,239.167,0.0,4
4889,239.0,239.0,0.0,4
4890,238.833,238.833,0.0,4
4891,238.667,238.667,0.0,4
4892,238.5,238.5,0.0,4
4893,238.333,238.333,0.0,4
4894,238.167,238.167,0.0,4
4895,238.0,238.0,0.0,4
4896,237.833,237.833,0.0,4
4897,237.667,237.667,0.0,4
4898,237.5,237.5,0.0,4
4899,237.333,237.333,0.0,4
4900,237.167,237.167,0.0,4
4901,237.0,237.0,0.0,4
4902,236.833,236.833,0.0,4
4903,236.667,236.667,0.0,4
4904,236.5,236.5,0.0,4
4905,236.333,236.333,0.0,4
4906,236.167,236.167,0.0,4
4907,236.0,236.0,0.0,4
4908,235.833,235.833,0.0,4
4909,235.667,235.667,0.0,4
4910,235.5,235.5,0.0,4
4911,235.333,235.333,0.0,4
4912,235.167,235.167,0.0,4
4913,235.0,235.0,0.0,4
4914,234.833,234.833,0.0,4
4915,234.667,234.667,0.0,4
4916,234.5,234.5,0.0,4
4917,234.333,234.333,0.0,4
4918,234.167,234.167,0.0,4
4919,234.0,234.0,0.0,4
4920,233.833,233.833,0.0,4
4921,233.667,233.667,0.0,4
4922,233.5,233.5,0.0,4
4923,233.333,233.333,0.0,4
4924,233.167,233.167,0.0,4
4925,233.0,233.0,0.0,4
4926,232.833,232.833,0.0,4
4927,232.667,232.667,0.0,4
4928,232.5,232.5,0.0,4
4929,232.333,232.333,0.0,4
4930,232.167,232.167,0.0,4
4931,232.0,232.0,0.0,4
4932,231.833,231.833,0.0,4
4933,231.667,231.667,0.0,4
4934,231.5,231.5,0.0,4
4935,231.333,231.333,0.0,4
4936,231.167,231.167,0.0,4
4937,231.0,231.0,0.0,4
4938,230.833,230.833,0.0,4
4939,230.667,230.667,0.0,4
4940,230.5,230.5,0.0,4
4941,230.333,230.333,0.0,4
4942,230.167,230.167,0.0,4
4943,230.0,230.0,0.0,4
4944,229.833,229.833,0.0,4
4945,229.667,229.667,0.0,4
4946,229.5,229.5,0.0,4
4947,229.333,229.333,0.0,4
4948,229.167,229.167,0.0,4
4949,229.0,229.0,0.0,4
4950,228.833,228.833,0.0,4
4951,228.667,228.667,0.0,4
4952,228.5,228.5,0.0,4
4953,228.333,228.333,0.0,4
4954,228.167,228.167,0.0,4
4955,228.0,228.0,0.0,4
4956,227.833,227.833,0.0,4
4957,227.667,227.667,0.0,4
4958,227.5,227.5,0.0,4
4959,227.333,227.333,0.0,4
4960,227.167,227.167,0.0,4
4961,227.0,227.0,0.0,4
4962,226.833,226.833,0.0,4
4963,226.667,226.667,0.0,4
4964,226.5,226.5,0.0,4
4965,226.333,226.333,0.0,4
4966,226.167,226.167,0.0,4
4967,226.0,226.0,0.0,4
4968,225.833,225.833,0.0,4
4969,225.667,225.667,0.0,4
4970,225.5,225.5,0.0,4
4971,225.333,225.333,0.0,4
4972,225.167,225.167,0.0,4
4973,225.0,225.0,0.0,4
4974,224.833,224.833,0.0,4
4975,224.667,224.667,0.0,4
4976,224.5,224.5,0.0,4
4977,224.333,224.333,0.0,4
4978,224.167,224.167,0.0,4
4979,224.0,224.0,0.0,4
4980,223.833,223.833,0.0,4
4981,223.667,223.667,0.0,4
4982,223.5,223.5,0.0,4
4983,223.333,223.333,0.0,4
4984,223.167,223.167,0.0,4
4985,223.0,223.0,0.0,4
4986,222.833,222.833,0.0,4
4987,222.667,222.667,0.0,4
4988,222.5,222.5,0.0,4
4989,222.333,222.333,0.0,4
4990,222.167,222.167,0.0,4
4991,222.0,222.0,0.0,4
4992,221.833,221.833,0.0,4
4993,221.667,221.667,0.0,4
4994,221.5,221.5,0.0,4
4995,221.333,221.333,0.0,4
4996,221.167,221.167,0.0,4
4997,221.0,221.0,0.0,4
4998,220.833,220.833,0.0,4
4999,220.667,220.667,0.0,4
5000,220.5,220.5,0.0,4
5001,220.333,220.333,0.0,4
5002,220.167,220.167,0.0,4
5003,220.0,220.0,0.0,4
5004,219.833,219.833,0.0,4
5005,219.667,219.667,0.0,4
5006,219.5,219.5,0.0,4
5007,219.333,219.333,0.0,4
5008,219.167,219.167,0.0,4
5009,219.0,219.0,0.0,4
5010,218.833,218.833,0.0,4
5011,218.667,218.667,0.0,4
5012,218.5,218.5,0.0,4
5013,218.333,218.333,0.0,4
5014,218.167,218.167,0.0,4
5015,218.0,218.0,0.0,4
5016,217.833,217.833,0.0,4
5017,217.667,217.667,0.0,4
5018,217.5,217.5,0.0,4
5019,217.333,217.333,0.0,4
5020,217.167,217.167,0.0,4
5021,217.0,217.0,0.0,4
5022,216.833,216.833,0.0,4
5023,216.667,216.667,0.0,4
5024,216.5,216.5,0.0,4
5025,216.333,216.333,0.0,4
5026,216.167,216.167,0.0,4
5027,216.0,216.0,0.0,4
5028,215.833,215.833,0.0,4
5029,215.667,215.667,0.0,4
5030,215.5,215.5,0.0,4
5031,215.333,215.333,0.0,4
5032,215.167,215.167,0.0,4
5033,215.0,215.0,0.0,4
5034,214.833,214.833,0.0,4
5035,214.667,214.667,0.0,4
5036,214.5,214.5,0.0,4
5037,214.333,214.333,0.0,4
5038,214.167,214.167,0.0,4
5039,214.0,214.0,0.0,4
5040,213.833,213.833,0.0,4
5041,213.667,213.667,0.0,4
5042,213.5,213.5,0.0,4
5043,213.333,213.333,0.0,4
5044,213.167,213.167,0.0,4
5045,213.0,213.0,0.0,4
5046,212.833,212.833,0.0,4
5047,212.667,212.667,0.0,4
5048,212.5,212.5,0.0,4
5049,212.333,212.333,0.0,4
5050,212.167,212.167,0.0,4
5051,212.0,212.0,0.0,4
5052,211.833,211.833,0.0,4
5053,211.667,211.667,0.0,4
5054,211.5,211.5,0.0,4
5055,211.333,211.333,0.0,4
5056,211.167,211.167,0.0,4
5057,211.0,211.0,0.0,4
5058,210.833,210.833,0.0,4
5059,210.667,210.667,0.0,4
5060,210.5,210.5,0.0,4
5061,210.333,210.333,0.0,4
5062,210.167,210.167,0.0,4
5063,210.0,210.0,0.0,4
5064,209.833,209.833,0.0,4
5065,209.667,209.667,0.0,4
5066,209.5,209.5,0.0,4
5067,209.333,209.333,0.0,4
5068,209.167,209.167,0.0,4
5069,209.0,209.0,0.0,4
5070,208.833,208.833,0.0,4
5071,208.667,208.667,0.0,4
5072,208.5,208.5,0.0,4
5073,208.333,208.333,0.0,4
5074,208.167,208.167,0.0,4
5075,208.0,208.0,0.0,4
5076,207.833,207.833,0.0,4
5077,207.667,207.667,0.0,4
5078,207.5,207.5,0.0,4
5079,207.333,207.333,0.0,4
5080,207.167,207.167,0.0,4
5081,207.0,207.0,0.0,4
5082,206.833,206.833,0.0,4
5083,206.667,206.667,0.0,4
5084,206.5,206.5,0.0,4
5085,206.333,206.333,0.0,4
5086,206.167,206.167,0.0,4
5087,206.0,206.0,0.0,4
5088,205.833,205.833,0.0,4
5089,205.667,205.667,0.0,4
5090,205.5,205.5,0.0,4
5091,205.333,205.333,0.0,4
5092,205.167,205.167,0.0,4
5093,205.0,205.0,0.0,4
5094,204.833,204.833,0.0,4
5095,204.667,204.667,0.0,4
5096,204.5,204.5,0.0,4
5097,204.333,204.333,0.0,4
5098,204.167,204.167,0.0,4
5099,204.0,204.0,0.0,4
5100,203.833,203.833,0.0,4
5101,203.667,203.667,0.0,4
5102,203.5,203.5,0.0,4
5103,203.333,203.333,0.0,4
5104,203.167,203.167,0.0,4
5105,203.0,203.0,0.0,4
5106,202.833,202.833,0.0,4
5107,202.667,202.667,0.0,4
5108,202.5,202.5,0.0,4
5109,202.333,202.333,0.0,4
5110,202.167,202.167,0.0,4
5111,202.0,202.0,0.0,4
5112,201.833,201.833,0.0,4
5113,201.667,201.667,0.0,4
5114,201.5,201.5,0.0,4
5115,201.333,201.333,0.0,4
5116,201.167,201.167,0.0,4
5117,201.0,201.0,0.0,4
5118,200.833,200.833,0.0,4
5119,200.667,200.667,0.0,4
5120,200.5,200.5,0.0,4
5121,200.333,200.333,0.0,4
5122,200.167,200.167,0.0,4
5123,200.0,200.0,0.0,4
5124,199.833,199.833,0.0,4
5125,199.667,199.667,0.0,4
5126,199.5,199.5,0.0,4
5127,199.333,199.333,0.0,4
5128,199.167,199.167,0.0,4
5129,199.0,199.0,0.0,4
5130,198.833,198.833,0.0,4
5131,198.667,198.667,0.0,4
5132,198.5,198.5,0.0,4
5133,198.333,198.333,0.0,4
5134,198.167,198.167,0.0,4
5135,198.0,198.0,0.0,4
5136,197.833,197.833,0.0,4
5137,197.667,197.667,0.0,4
5138,197.5,197.5,0.0,4
5139,197.333,197.333,0.0,4
5140,197.167,197.167,0.0,4
5141,197.0,197.0,0.0,4
5142,196.833,196.833,0.0,4
5143,196.667,196.667,0.0,4
5144,196.5,196.5,0.0,4
5145,196.333,196.333,0.0,4
5146,196.167,196.167,0.0,4
5147,196.0,196.0,0.0,4
5148,195.833,195.833,0.0,4
5149,195.667,195.667,0.0,4
5150,195.5,195.5,0.0,4
5151,195.333,195.333,0.0,4
5152,195.167,195.167,0.0,4
5153,195.0,195.0,0.0,4
5154,194.833,194.833,0.0,4
5155,194.667,194.667,0.0,4
5156,194.5,194.5,0.0,4
5157,194.333,194.333,0.0,4
5158,194.167,194.167,0.0,4
5159,194.0,194.0,0.0,4
5160,193.833,193.833,0.0,4
5161,193.667,193.667,0.0,4
5162,193.5,193.5,0.0,4
5163,193.333,193.333,0.0,4
5164,193.167,193.167,0.0,4
5165,193.0,193.0,0.0,4
5166,192.833,192.833,0.0,4
5167,192.667,192.667,0.0,4
5168,192.5,192.5,0.0,4
5169,192.333,192.333,0.0,4
5170,192.167,192.167,0.0,4
5171,192.0,192.0,0.0,4
5172,191.833,191.833,0.0,4
5173,191.667,191.667,0.0,4
5174,191.5,191.5,0.0,4
5175,191.333,191.333,0.0,4
5176,191.167,191.167,0.0,4
5177,191.0,191.0,0.0,4
5178,190.833,190.833,0.0,4
5179,190.667,190.667,0.0,4
5180,190.5,190.5,0.0,4
5181,190.333,190.333,0.0,4
5182,190.167,190.167,0.0,4
5183,190.0,190.0,0.0,4
5184,189.833,189.833,0.0,4
5185,189.667,189.667,0.0,4
5186,189.5,189.5,0.0,4
5187,189.333,189.333,0.0,4
5188,189.167,189.167,0.0,4
5189,189.0,189.0,0.0,4
5190,188.833,188.833,0.0,4
5191,188.667,188.667,0.0,4
5192,188.5,188.5,0.0,4
5193,188.333,188.333,0.0,4
5194,188.167,188.167,0.0,4
5195,188.0,188.0,0.0,4
5196,187.833,187.833,0.0,4
5197,187.667,187.667,0.0,4
5198,187.5,187.5,0.0,4
5199,187.333,187.333,0.0,4
5200,187.167,187.167,0.0,4
5201,187.0,187.0,0.0,4
5202,186.833,186.833,0.0,4
5203,186.667,186.667,0.0,4
5204,186.5,186.5,0.0,4
5205,186.333,186.333,0.0,4
5206,186.167,186.167,0.0,4
5207,186.0,186.0,0.0,4
5208,185.833,185.833,0.0,4
5209,185.667,185.667,0.0,4
5210,185.5,185.5,0.0,4
5211,185.333,185.333,0.0,4
5212,185.167,185.167,0.0,4
5213,185.0,185.0,0.0,4
5214,184.833,184.833,0.0,4
5215,184.667,184.667,0.0,4
5216,184.5,184.5,0.0,4
5217,184.333,184.333,0.0,4
5218,184.167,184.167,0.0,4
5219,184.0,184.0,0.0,4
5220,183.833,183.833,0.0,4
5221,183.667,183.667,0.0,4
5222,183.5,183.5,0.0,4
5223,183.333,183.333,0.0,4
5224,183.167,183.167,0.0,4
5225,183.0,183.0,0.0,4
5226,182.833,182.833,0.0,4
5227,182.667,182.667,0.0,4
5228,182.5,182.5,0.0,4
5229,182.333,182.333,0.0,4
5230,182.167,182.167,0.0,4
5231,182.0,182.0,0.0,4
5232,181.833,181.833,0.0,4
5233,181.667,181.667,0.0,4
5234,181.5,181.5,0.0,4
5235,181.333,181.333,0.0,4
5236,181.167,181.167,0.0,4
5237,181.0,181.0,0.0,4
5238,180.833,180.833,0.0,4
5239,180.667,180.667,0.0,4
5240,180.5,180.5,0.0,4
5241,180.333,180.333,0.0,4
5242,180.167,180.167,0.0,4
5243,180.0,180.0,0.0,4
5244,179.833,179.833,0.0,4
5245,179.667,179.667,0.0,4
5246,179.5,179.5,0.0,4
5247,179.333,179.333,0.0,4
5248,179.167,179.167,0.0,4
5249,179.0,179.0,0.0,4
5250,178.833,178.833,0.0,4
5251,178.667,178.667,0.0,4
5252,178.5,178.5,0.0,4
5253,178.333,178.333,0.0,4
5254,178.167,178.167,0.0,4
5255,178.0,178.0,0.0,4
5256,177.833,177.833,0.0,4
5257,177.667,177.667,0.0,4
5258,177.5,177.5,0.0,4
5259,177.333,177.333,0.0,4
5260,177.167,177.167,0.0,4
5261,177.0,177.0,0.0,4
5262,176.833,176.833,0.0,4
5263,176.667,176.667,0.0,4
5264,176.5,176.5,0.0,4
5265,176.333,176.333,0.0,4
5266,176.167,176.167,0.0,4
5267,176.0,176.0,0.0,4
5268,175.833,175.833,0.0,4
5269,175.667,175.667,0.0,4
5270,175.5,175.5,0.0,4
5271,175.333,175.333,0.0,4
5272,175.167,175.167,0.0,4
5273,175.0,175.0,0.0,4
5274,174.833,174.833,0.0,4
5275,174.667,174.667,0.0,4
5276,174.5,174.5,0.0,4
5277,174.333,174.333,0.0,4
5278,174.167,174.167,0.0,4
5279,174.0,174.0,0.0,4
5280,173.833,173.833,0.0,4
5281,173.667,173.667,0.0,4
5282,173.5,173.5,0.0,4
5283,173.333,173.333,0.0,4
5284,173.167,173.167,0.0,4
5285,173.0,173.0,0.0,4
5286,172.833,172.833,0.0,4
5287,172.667,172.667,0.0,4
5288,172.5,172.5,0.0,4
5289,172.333,172.333,0.0,4
5290,172.167,172.167,0.0,4
5291,172.0,172.0,0.0,4
5292,171.833,171.833,0.0,4
5293,171.667,171.667,0.0,4
5294,171.5,171.5,0.0,4
5295,171.333,171.333,0.0,4
5296,171.167,171.167,0.0,4
5297,171.0,171.0,0.0,4
5298,170.833,170.833,0.0,4
5299,170.667,170.667,0.0,4
5300,170.5,170.5,0.0,4
5301,170.333,170.333,0.0,4
5302,170.167,170.167,0.0,4
5303,170.0,170.0,0.0,4
5304,169.833,169.833,0.0,4
5305,169.667,169.667,0.0,4
5306,169.5,169.5,0.0,4
5307,169.333,169.333,0.0,4
5308,169.167,169.167,0.0,4
5309,169.0,169.0,0.0,4
5310,168.833,168.833,0.0,4
5311,168.667,168.667,0.0,4
5312,168.5,168.5,0.0,4
5313,168.333,168.333,0.0,4
5314,168.167,168.167,0.0,4
5315,168.0,168.0,0.0,4
5316,167.833,167.833,0.0,4
5317,167.667,167.667,0.0,4
5318,167.5,167.5,0.0,4
5319,167.333,167.333,0.0,4
5320,167.167,167.167,0.0,4
5321,167.0,167.0,0.0,4
5322,166.833,166.833,0.0,4
5323,166.667,166.667,0.0,4
5324,166.5,166.5,0.0,4
5325,166.333,166.333,0.0,4
5326,166.167,166.167,0.0,4
5327,166.0,166.0,0.0,4
5328,165.833,165.833,0.0,4
5329,165.667,165.667,0.0,4
5330,165.5,165.5,0.0,4
5331,165.333,165.333,0.0,4
5332,165.167,165.167,0.0,4
5333,165.0,165.0,0.0,4
5334,164.833,164.833,0.0,4
5335,164.667,164.667,0.0,4
5336,164.5,164.5,0.0,4
5337,164.333,164.333,0.0,4
5338,164.167,164.167,0.0,4
5339,164.0,164.0,0.0,4
5340,163.833,163.833,0.0,4
5341,163.667,163.667,0.0,4
5342,163.5,163.5,0.0,4
5343,163.333,163.333,0.0,4
5344,163.167,163.167,0.0,4
5345,163.0,163.0,0.0,4
5346,162.833,162.833,0.0,4
5347,162.667,162.667,0.0,4
5348,162.5,162.5,0.0,4
5349,162.333,162.333,0.0,4
5350,162.167,162.167,0.0,4
5351,162.0,162.0,0.0,4
5352,161.833,161.833,0.0,4
5353,161.667,161.667,0.0,4
5354,161.5,161.5,0.0,4
5355,161.333,161.333,0.0,4
5356,161.167,161.167,0.0,4
5357,161.0,161.0,0.0,4
5358,160.833,160.833,0.0,4
5359,160.667,160.667,0.0,4
5360,160.5,160.5,0.0,4
5361,160.333,160.333,0.0,4
5362,160.167,160.167,0.0,4
5363,160.0,160.0,0.0,4
5364,159.833,159.833,0.0,4
5365,159.667,159.667,0.0,4
5366,159.5,159.5,0.0,4
5367,159.333,159.333,0.0,4
5368,159.167,159.167,0.0,4
5369,159.0,159.0,0.0,4
5370,158.833,158.833,0.0,4
5371,158.667,158.667,0.0,4
5372,158.5,158.5,0.0,4
5373,158.333,158.333,0.0,4
5374,158.167,158.167,0.0,4
5375,158.0,158.0,0.0,4
5376,157.833,157.833,0.0,4
5377,157.667,157.667,0.0,4
5378,157.5,157.5,0.0,4
5379,157.333,157.333,0.0,4
5380,157.167,157.167,0.0,4
5381,157.0,157.0,0.0,4
5382,156.833,156.833,0.0,4
5383,156.667,156.667,0.0,4
5384,156.5,156.5,0.0,4
5385,156.333,156.333,0.0,4
5386,156.167,156.167,0.0,4
5387,156.0,156.0,0.0,4
5388,155.833,155.833,0.0,4
5389,155.667,155.667,0.0,4
5390,155.5,155.5,0.0,4
5391,155.333,155.333,0.0,4
5392,155.167,155.167,0.0,4
5393,155.0,155.0,0.0,4
5394,154.833,154.833,0.0,4
5395,154.667,154.667,0.0,4
5396,154.5,154.5,0.0,4
5397,154.333,154.333,0.0,4
5398,154.167,154.167,0.0,4
5399,154.0,154.0,0.0,4
5400,153.833,153.833,0.0,4
5401,153.667,153.667,0.0,4
5402,153.5,153.5,0.0,4
5403,153.333,153.333,0.0,4
5404,153.167,153.167,0.0,4
5405,153.0,153.0,0.0,4
5406,152.833,152.833,0.0,4
5407,152.667,152.667,0.0,4
5408,152.5,152.5,0.0,4
5409,152.333,152.333,0.0,4
5410,152.167,152.167,0.0,4
5411,152.0,152.0,0.0,4
5412,151.833,151.833,0.0,4
5413,151.667,151.667,0.0,4
5414,151.5,151.5,0.0,4
5415,151.333,151.333,0.0,4
5416,151.167,151.167,0.0,4
5417,151.0,151.0,0.0,4
5418,150.833,150.833,0.0,4
5419,150.667,150.667,0.0,4
5420,150.5,150.5,0.0,4
5421,150.333,150.333,0.0,4
5422,150.167,150.167,0.0,4
5423,150.0,150.0,0.0,4
5424,149.833,149.833,0.0,4
5425,149.667,149.667,0.0,4
5426,149.5,149.5,0.0,4
5427,149.333,149.333,0.0,4
5428,149.167,149.167,0.0,4
5429,149.0,149.0,0.0,4
5430,148.833,148.833,0.0,4
5431,148.667,148.667,0.0,4
5432,148.5,148.5,0.0,4
5433,148.333,148.333,0.0,4
5434,148.167,148.167,0.0,4
5435,148.0,148.0,0.0,4
5436,147.833,147.833,0.0,4
5437,147.667,147.667,0.0,4
5438,147.5,147.5,0.0,4
5439,147.333,147.333,0.0,4
5440,147.167,147.167,0.0,4
5441,147.0,147.0,0.0,4
5442,146.833,146.833,0.0,4
5443,146.667,146.667,0.0,4
5444,146.5,146.5,0.0,4
5445,146.333,146.333,0.0,4
5446,146.167,146.167,0.0,4
5447,146.0,146.0,0.0,4
5448,145.833,145.833,0.0,4
5449,145.667,145.667,0.0,4
5450,145.5,145.5,0.0,4
5451,145.333,145.333,0.0,4
5452,145.167,145.167,0.0,4
5453,145.0,145.0,0.0,4
5454,144.833,144.833,0.0,4
5455,144.667,144.667,0.0,4
5456,144.5,144.5,0.0,4
5457,144.333,144.333,0.0,4
5458,144.167,144.167,0.0,4
5459,144.0,144.0,0.0,4
5460,143.833,143.833,0.0,4
5461,143.667,143.667,0.0,4
5462,143.5,143.5,0.0,4
5463,143.333,143.333,0.0,4
5464,143.167,143.167,0.0,4
5465,143.0,143.0,0.0,4
5466,142.833,142.833,0.0,4
5467,142.667,142.667,0.0,4
5468,142.5,142.5,0.0,4
5469,142.333,142.333,0.0,4
5470,142.167,142.167,0.0,4
5471,142.0,142.0,0.0,4
5472,141.833,141.833,0.0,4
5473,141.667,141.667,0.0,4
5474,141.5,141.5,0.0,4
5475,141.333,141.333,0.0,4
5476,141.167,141.167,0.0,4
5477,141.0,141.0,0.0,4
5478,140.833,140.833,0.0,4
5479,140.667,140.667,0.0,4
5480,140.5,140.5,0.0,4
5481,140.333,140.333,0.0,4
5482,140.167,140.167,0.0,4
5483,140.0,140.0,0.0,4
5484,139.833,139.833,0.0,4
5485,139.667,139.667,0.0,4
5486,139.5,139.5,0.0,4
5487,139.333,139.333,0.0,4
5488,139.167,139.167,0.0,4
5489,139.0,139.0,0.0,4
5490,138.833,138.833,0.0,4
5491,138.667,138.667,0.0,4
5492,138.5,138.5,0.0,4
5493,138.333,138.333,0.0,4
5494,138.167,138.167,0.0,4
5495,138.0,138.0,0.0,4
5496,137.833,137.833,0.0,4
5497,137.667,137.667,0.0,4
5498,137.5,137.5,0.0,4
5499,137.333,137.333,0.0,4
5500,137.167,137.167,0.0,4
5501,137.0,137.0,0.0,4
5502,136.833,136.833,0.0,4
5503,136.667,136.667,0.0,4
5504,136.5,136.5,0.0,4
5505,136.333,136.333,0.0,4
5506,136.167,136.167,0.0,4
5507,136.0,136.0,0.0,4
5508,135.833,135.833,0.0,4
5509,135.667,135.667,0.0,4
5510,135.5,135.5,0.0,4
5511,135.333,135.333,0.0,4
5512,135.167,135.167,0.0,4
5513,135.0,135.0,0.0,4
5514,134.833,134.833,0.0,4
5515,134.667,134.667,0.0,4
5516,134.5,134.5,0.0,4
5517,134.333,134.333,0.0,4
5518,134.167,134.167,0.0,4
5519,134.0,134.0,0.0,4
5520,133.833,133.833,0.0,4
5521,133.667,133.667,0.0,4
5522,133.5,133.5,0.0,4
5523,133.333,133.333,0.0,4
5524,133.167,133.167,0.0,4
5525,133.0,133.0,0.0,4
5526,132.833,132.833,0.0,4
5527,132.667,132.667,0.0,4
5528,132.5,132.5,0.0,4
5529,132.333,132.333,0.0,4
5530,132.167,132.167,0.0,4
5531,132.0,132.0,0.0,4
5532,131.833,131.833,0.0,4
5533,131.667,131.667,0.0,4
5534,131.5,131.5,0.0,4
5535,131.333,131.333,0.0,4
5536,131.167,131.167,0.0,4
5537,131.0,131.0,0.0,4
5538,130.833,130.833,0.0,4
5539,130.667,130.667,0.0,4
5540,130.5,130.5,0.0,4
5541,130.333,130.333,0.0,4
5542,130.167,130.167,0.0,4
5543,130.0,130.0,0.0,4
5544,129.833,129.833,0.0,4
5545,129.667,129.667,0.0,4
5546,129.5,129.5,0.0,4
5547,129.333,129.333,0.0,4
5548,129.167,129.167,0.0,4
5549,129.0,129.0,0.0,4
5550,128.833,128.833,0.0,4
5551,128.667,128.667,0.0,4
5552,128.5,128.5,0.0,4
5553,128.333,128.333,0.0,4
5554,128.167,128.167,0.0,4
5555,128.0,128.0,0.0,4
5556,127.833,127.833,0.0,4
5557,127.667,127.667,0.0,4
5558,127.5,127.5,0.0,4
5559,127.333,127.333,0.0,4
5560,127.167,127.167,0.0,4
5561,127.0,127.0,0.0,4
5562,126.833,126.833,0.0,4
5563,126.667,126.667,0.0,4
5564,126.5,126.5,0.0,4
5565,126.333,126.333,0.0,4
5566,126.167,126.167,0.0,4
5567,126.0,126.0,0.0,4
5568,125.833,125.833,0.0,4
5569,125.667,125.667,0.0,4
5570,125.5,125.5,0.0,4
5571,125.333,125.333,0.0,4
5572,125.167,125.167,0.0,4
5573,125.0,125.0,0.0,4
5574,124.833,124.833,0.0,4
5575,124.667,124.667,0.0,4
5576,124.5,124.5,0.0,4
5577,124.333,124.333,0.0,4
5578,124.167,124.167,0.0,4
5579,124.0,124.0,0.0,4
5580,123.833,123.833,0.0,4
5581,123.667,123.667,0.0,4
5582,123.5,123.5,0.0,4
5583,123.333,123.333,0.0,4
5584,123.167,123.167,0.0,4
5585,123.0,123.0,0.0,4
5586,122.833,122.833,0.0,4
5587,122.667,122.667,0.0,4
5588,122.5,122.5,0.0,4
5589,122.333,122.333,0.0,4
5590,122.167,122.167,0.0,4
5591,122.0,122.0,0.0,4
5592,121.833,121.833,0.0,4
5593,121.667,121.667,0.0,4
5594,121.5,121.5,0.0,4
5595,121.333,121.333,0.0,4
5596,121.167,121.167,0.0,4
5597,121.0,121.0,0.0,4
5598,120.833,120.833,0.0,4
5599,120.667,120.667,0.0,4
5600,120.5,120.5,0.0,4
5601,120.333,120.333,0.0,4
5602,120.167,120.167,0.0,4
5603,120.0,120.0,0.0,4
5604,119.833,119.833,0.0,4
5605,119.667,119.667,0.0,4
5606,119.5,119.5,0.0,4
5607,119.333,119.333,0.0,4
5608,119.167,119.167,0.0,4
5609,119.0,119.0,0.0,4
5610,118.833,118.833,0.0,4
5611,118.667,118.667,0.0,4
5612,118.5,118.5,0.0,4
5613,118.333,118.333,0.0,4
5614,118.167,118.167,0.0,4
5615,118.0,118.0,0.0,4
5616,117.833,117.833,0.0,4
5617,117.667,117.667,0.0,4
5618,117.5,117.5,0.0,4
5619,117.333,117.333,0.0,4
5620,117.167,117.167,0.0,4
5621,117.0,117.0,0.0,4
5622,116.833,116.833,0.0,4
5623,116.667,116.667,0.0,4
5624,116.5,116.5,0.0,4
5625,116.333,116.333,0.0,4
5626,116.167,116.167,0.0,4
5627,116.0,116.0,0.0,4
5628,115.833,115.833,0.0,4
5629,115.667,115.667,0.0,4
5630,115.5,115.5,0.0,4
5631,115.333,115.333,0.0,4
5632,115.167,115.167,0.0,4
5633,115.0,115.0,0.0,4
5634,114.833,114.833,0.0,4
5635,114.667,114.667,0.0,4
5636,114.5,114.5,0.0,4
5637,114.333,114.333,0.0,4
5638,114.167,114.167,0.0,4
5639,114.0,114.0,0.0,4
5640,113.833,113.833,0.0,4
5641,113.667,113.667,0.0,4
5642,113.5,113.5,0.0,4
5643,113.333,113.333,0.0,4
5644,113.167,113.167,0.0,4
5645,113.0,113.0,0.0,4
5646,112.833,112.833,0.0,4
5647,112.667,112.667,0.0,4
5648,112.5,112.5,0.0,4
5649,112.333,112.333,0.0,4
5650,112.167,112.167,0.0,4
5651,112.0,112.0,0.0,4
5652,111.833,111.833,0.0,4
5653,111.667,111.667,0.0,4
5654,111.5,111.5,0.0,4
5655,111.333,111.333,0.0,4
5656,111.167,111.167,0.0,4
5657,111.0,111.0,0.0,4
5658,110.833,110.833,0.0,4
5659,110.667,110.667,0.0,4
5660,110.5,110.5,0.0,4
5661,110.333,110.333,0.0,4
5662,110.167,110.167,0.0,4
5663,110.0,110.0,0.0,4
5664,109.833,109.833,0.0,4
5665,109.667,109.667,0.0,4
5666,109.5,109.5,0.0,4
5667,109.333,109.333,0.0,4
5668,109.167,109.167,0.0,4
5669,109.0,109.0,0.0,4
5670,108.833,108.833,0.0,4
5671,108.667,108.667,0.0,4
5672,108.5,108.5,0.0,4
5673,108.333,108.333,0.0,4
5674,108.167,108.167,0.0,4
5675,108.0,108.0,0.0,4
5676,107.833,107.833,0.0,4
5677,107.667,107.667,0.0,4
5678,107.5,107.5,0.0,4
5679,107.333,107.333,0.0,4
5680,107.167,107.167,0.0,4
5681,107.0,107.0,0.0,4
5682,106.833,106.833,0.0,4
5683,106.667,106.667,0.0,4
5684,106.5,106.5,0.0,4
5685,106.333,106.333,0.0,4
5686,106.167,106.167,0.0,4
5687,106.0,106.0,0.0,4
5688,105.833,105.833,0.0,4
5689,105.667,105.667,0.0,4
5690,105.5,105.5,0.0,4
5691,105.333,105.333,0.0,4
5692,105.167,105.167,0.0,4
5693,105.0,105.0,0.0,4
5694,104.833,104.833,0.0,4
5695,104.667,104.667,0.0,4
5696,104.5,104.5,0.0,4
5697,104.333,104.333,0.0,4
5698,104.167,104.167,0.0,4
5699,104.0,104.0,0.0,4
5700,103.833,103.833,0.0,4
5701,103.667,103.667,0.0,4
5702,103.5,103.5,0.0,4
5703,103.333,103.333,0.0,4
5704,103.167,103.167,0.0,4
5705,103.0,103.0,0.0,4
5706,102.833,102.833,0.0,4
5707,102.667,102.667,0.0,4
5708,102.5,102.5,0.0,4
5709,102.333,102.333,0.0,4
5710,102.167,102.167,0.0,4
5711,102.0,102.0,0.0,4
5712,101.833,101.833,0.0,4
5713,101.667,101.667,0.0,4
5714,101.5,101.5,0.0,4
5715,101.333,101.333,0.0,4
5716,101.167,101.167,0.0,4
5717,101.0,101.0,0.0,4
5718,100.833,100.833,0.0,4
5719,100.667,100.667,0.0,4
5720,100.5,100.5,0.0,4
5721,100.333,100.333,0.0,4
5722,100.167,100.167,0.0,4
5723,100.0,100.0,0.0,4
5724,99.833,99.833,0.0,4
5725,99.667,99.667,0.0,4
5726,99.5,99.5,0.0,4
5727,99.333,99.333,0.0,4
5728,99.167,99.167,0.0,4
5729,99.0,99.0,0.0,4
5730,98.833,98.833,0.0,4
5731,98.667,98.667,0.0,4
5732,98.5,98.5,0.0,4
5733,98.333,98.333,0.0,4
5734,98.167,98.167,0.0,4
5735,98.0,98.0,0.0,4
5736,97.833,97.833,0.0,4
5737,97.667,97.667,0.0,4
5738,97.5,97.5,0.0,4
5739,97.333,97.333,0.0,4
5740,97.167,97.167,0.0,4
5741,97.0,97.0,0.0,4
5742,96.833,96.833,0.0,4
5743,96.667,96.667,0.0,4
5744,96.5,96.5,0.0,4
5745,96.333,96.333,0.0,4
5746,96.167,96.167,0.0,4
5747,96.0,96.0,0.0,4
5748,95.833,95.833,0.0,4
5749,95.667,95.667,0.0,4
5750,95.5,95.5,0.0,4
5751,95.333,95.333,0.0,4
5752,95.167,95.167,0.0,4
5753,95.0,95.0,0.0,4
5754,94.833,94.833,0.0,4
5755,94.667,94.667,0.0,4
5756,94.5,94.5,0.0,4
5757,94.333,94.333,0.0,4
5758,94.167,94.167,0.0,4
5759,94.0,94.0,0.0,4
5760,93.833,93.833,0.0,4
5761,93.667,93.667,0.0,4
5762,93.5,93.5,0.0,4
5763,93.333,93.333,0.0,4
5764,93.167,93.167,0.0,4
5765,93.0,93.0,0.0,4
5766,92.833,92.833,0.0,4
5767,92.667,92.667,0.0,4
5768,92.5,92.5,0.0,4
5769,92.333,92.333,0.0,4
5770,92.167,92.167,0.0,4
5771,92.0,92.0,0.0,4
5772,91.833,91.833,0.0,4
5773,91.667,91.667,0.0,4
5774,91.5,91.5,0.0,4
5775,91.333,91.333,0.0,4
5776,91.167,91.167,0.0,4
5777,91.0,91.0,0.0,4
5778,90.833,90.833,0.0,4
5779,90.667,90.667,0.0,4
5780,90.5,90.5,0.0,4
5781,90.333,90.333,0.0,4
5782,90.167,90.167,0.0,4
5783,90.0,90.0,0.0,4
5784,89.833,89.833,0.0,4
5785,89.667,89.667,0.0,4
5786,89.5,89.5,0.0,4
5787,89.333,89.333,0.0,4
5788,89.167,89.167,0.0,4
5789,89.0,89.0,0.0,4
5790,88.833,88.833,0.0,4
5791,88.667,88.667,0.0,4
5792,88.5,88.5,0.0,4
5793,88.333,88.333,0.0,4
5794,88.167,88.167,0.0,4
5795,88.0,88.0,0.0,4
5796,87.833,87.833,0.0,4
5797,87.667,87.667,0.0,4
5798,87.5,87.5,0.0,4
5799,87.333,87.333,0.0,4
5800,87.167,87.167,0.0,4
5801,87.0,87.0,0.0,4
5802,86.833,86.833,0.0,4
5803,86.667,86.667,0.0,4
5804,86.5,86.5,0.0,4
5805,86.333,86.333,0.0,4
5806,86.167,86.167,0.0,4
5807,86.0,86.0,0.0,4
5808,85.833,85.833,0.0,4
5809,85.667,85.667,0.0,4
5810,85.5,85.5,0.0,4
5811,85.333,85.333,0.0,4
5812,85.167,85.167,0.0,4
5813,85.0,85.0,0.0,4
5814,84.833,84.833,0.0,4
5815,84.667,84.667,0.0,4
5816,84.5,84.5,0.0,4
5817,84.333,84.333,0.0,4
5818,84.167,84.167,0.0,4
5819,84.0,84.0,0.0,4
5820,83.833,83.833,0.0,4
5821,83.667,83.667,0.0,4
5822,83.5,83.5,0.0,4
5823,83.333,83.333,0.0,4
5824,83.167,83.167,0.0,4
5825,83.0,83.0,0.0,4
5826,82.833,82.833,0.0,4
5827,82.667,82.667,0.0,4
5828,82.5,82.5,0.0,4
5829,82.333,82.333,0.0,4
5830,82.167,82.167,0.0,4
5831,82.0,82.0,0.0,4
5832,81.833,81.833,0.0,4
5833,81.667,81.667,0.0,4
5834,81.5,81.5,0.0,4
5835,81.333,81.333,0.0,4
5836,81.167,81.167,0.0,4
5837,81.0,81.0,0.0,4
5838,80.833,80.833,0.0,4
5839,80.667,80.667,0.0,4
5840,80.5,80.5,0.0,4
5841,80.333,80.333,0.0,4
5842,80.167,80.167,0.0,4
5843,80.0,80.0,0.0,4
5844,79.833,79.833,0.0,4
5845,79.667,79.667,0.0,4
5846,79.5,79.5,0.0,4
5847,79.333,79.333,0.0,4
5848,79.167,79.167,0.0,4
5849,79.0,79.0,0.0,4
5850,78.833,78.833,0.0,4
5851,78.667,78.667,0.0,4
5852,78.5,78.5,0.0,4
5853,78.333,78.333,0.0,4
5854,78.167,78.167,0.0,4
5855,78.0,78.0,0.0,4
5856,77.833,77.833,0.0,4
5857,77.667,77.667,0.0,4
5858,77.5,77.5,0.0,4
5859,77.333,77.333,0.0,4
5860,77.167,77.167,0.0,4
5861,77.0,77.0,0.0,4
5862,76.833,76.833,0.0,4
5863,76.667,76.667,0.0,4
5864,76.5,76.5,0.0,4
5865,76.333,76.333,0.0,4
5866,76.167,76.167,0.0,4
5867,76.0,76.0,0.0,4
5868,75.833,75.833,0.0,4
5869,75.667,75.667,0.0,4
5870,75.5,75.5,0.0,4
5871,75.333,75.333,0.0,4
5872,75.167,75.167,0.0,4
5873,75.0,75.0,0.0,4
5874,74.833,74.833,0.0,4
5875,74.667,74.667,0.0,4
5876,74.5,74.5,0.0,4
5877,74.333,74.333,0.0,4
5878,74.167,74.167,0.0,4
5879,74.0,74.0,0.0,4
5880,73.833,73.833,0.0,4
5881,73.667,73.667,0.0,4
5882,73.5,73.5,0.0,4
5883,73.333,73.333,0.0,4
5884,73.167,73.167,0.0,4
5885,73.0,73.0,0.0,4
5886,72.833,72.833,0.0,4
5887,72.667,72.667,0.0,4
5888,72.5,72.5,0.0,4
5889,72.333,72.333,0.0,4
5890,72.167,72.167,0.0,4
5891,72.0,72.0,0.0,4
5892,71.833,71.833,0.0,4
5893,71.667,71.667,0.0,4
5894,71.5,71.5,0.0,4
5895,71.333,71.333,0.0,4
5896,71.167,71.167,0.0,4
5897,71.0,71.0,0.0,4
5898,70.833,70.833,0.0,4
5899,70.667,70.667,0.0,4
5900,70.5,70.5,0.0,4
5901,70.333,70.333,0.0,4
5902,70.167,70.167,0.0,4
5903,70.0,70.0,0.0,4
5904,69.833,69.833,0.0,4
5905,69.667,69.667,0.0,4
5906,69.5,69.5,0.0,4
5907,69.333,69.333,0.0,4
5908,69.167,69.167,0.0,4
5909,69.0,69.0,0.0,4
5910,68.833,68.833,0.0,4
5911,68.667,68.667,0.0,4
5912,68.5,68.5,0.0,4
5913,68.333,68.333,0.0,4
5914,68.167,68.167,0.0,4
5915,68.0,68.0,0.0,4
5916,67.833,67.833,0.0,4
5917,67.667,67.667,0.0,4
5918,67.5,67.5,0.0,4
5919,67.333,67.333,0.0,4
5920,67.167,67.167,0.0,4
5921,67.0,67.0,0.0,4
5922,66.833,66.833,0.0,4
5923,66.667,66.667,0.0,4
5924,66.5,66.5,0.0,4
5925,66.333,66.333,0.0,4
5926,66.167,66.167,0.0,4
5927,66.0,66.0,0.0,4
5928,65.833,65.833,0.0,4
5929,65.667,65.667,0.0,4
5930,65.5,65.5,0.0,4
5931,65.333,65.333,0.0,4
5932,65.167,65.167,0.0,4
5933,65.0,65.0,0.0,4
5934,64.833,64.833,0.0,4
5935,64.667,64.667,0.0,4
5936,64.5,64.5,0.0,4
5937,64.333,64.333,0.0,4
5938,64.167,64.167,0.0,4
5939,64.0,64.0,0.0,4
5940,63.833,63.833,0.0,4
5941,63.667,63.667,0.0,4
5942,63.5,63.5,0.0,4
5943,63.333,63.333,0.0,4
5944,63.167,63.167,0.0,4
5945,63.0,63.0,0.0,4
5946,62.833,62.833,0.0,4
5947,62.667,62.667,0.0,4
5948,62.5,62.5,0.0,4
5949,62.333,62.333,0.0,4
5950,62.167,62.167,0.0,4
5951,62.0,62.0,0.0,4
5952,61.833,61.833,0.0,4
5953,61.667,61.667,0.0,4
5954,61.5,61.5,0.0,4
5955,61.333,61.333,0.0,4
5956,61.167,61.167,0.0,4
5957,61.0,61.0,0.0,4
5958,60.833,60.833,0.0,4
5959,60.667,60.667,0.0,4
5960,60.5,60.5,0.0,4
5961,60.333,60.333,0.0,4
5962,60.167,60.167,0.0,4
5963,60.0,60.0,0.0,4
5964,59.833,59.833,0.0,4
5965,59.667,59.667,0.0,4
5966,59.5,59.5,0.0,4
5967,59.333,59.333,0.0,4
5968,59.167,59.167,0.0,4
5969,59.0,59.0,0.0,4
5970,58.833,58.833,0.0,4
5971,58.667,58.667,0.0,4
5972,58.5,58.5,0.0,4
5973,58.333,58.333,0.0,4
5974,58.167,58.167,0.0,4
5975,58.0,58.0,0.0,4
5976,57.833,57.833,0.0,4
5977,57.667,57.667,0.0,4
5978,57.5,57.5,0.0,4
5979,57.333,57.333,0.0,4
5980,57.167,57.167,0.0,4
5981,57.0,57.0,0.0,4
5982,56.833,56.833,0.0,4
5983,56.667,56.667,0.0,4
5984,56.5,56.5,0.0,4
5985,56.333,56.333,0.0,4
5986,56.167,56.167,0.0,4
5987,56.0,56.0,0.0,4
5988,55.833,55.833,0.0,4
5989,55.667,55.667,0.0,4
5990,55.5,55.5,0.0,4
5991,55.333,55.333,0.0,4
5992,55.167,55.167,0.0,4
5993,55.0,55.0,0.0,4
5994,54.833,54.833,0.0,4
5995,54.667,54.667,0.0,4
5996,54.5,54.5,0.0,4
5997,54.333,54.333,0.0,4
5998,54.167,54.167,0.0,4
5999,54.0,54.0,0.0,4
6000,53.833,53.833,0.0,4
6001,53.667,53.667,0.0,4
6002,53.5,53.5,0.0,4
6003,53.333,53.333,0.0,4
6004,53.167,53.167,0.0,4
6005,53.0,53.0,0.0,4
6006,52.833,52.833,0.0,4
6007,52.667,52.667,0.0,4
6008,52.5,52.5,0.0,4
6009,52.333,52.333,0.0,4
6010,52.167,52.167,0.0,4
6011,52.0,52.0,0.0,4
6012,51.833,51.833,0.0,4
6013,51.667,51.667,0.0,4
6014,51.5,51.5,0.0,4
6015,51.333,51.333,0.0,4
6016,51.167,51.167,0.0,4
6017,51.0,51.0,0.0,4
6018,50.833,50.833,0.0,4
6019,50.667,50.667,0.0,4
6020,50.5,50.5,0.0,4
6021,50.333,50.333,0.0,4
6022,50.167,50.167,0.0,4
6023,50.0,50.0,0.0,4
6024,49.833,49.833,0.0,4
6025,49.667,49.667,0.0,4
6026,49.5,49.5,0.0,4
6027,49.333,49.333,0.0,4
6028,49.167,49.167,0.0,4
6029,49.0,49.0,0.0,4
6030,48.833,48.833,0.0,4
6031,48.667,48.667,0.0,4
6032,48.5,48.5,0.0,4
6033,48.333,48.333,0.0,4
6034,48.167,48.167,0.0,4
6035,48.0,48.0,0.0,4
6036,47.833,47.833,0.0,4
6037,47.667,47.667,0.0,4
6038,47.5,47.5,0.0,4
6039,47.333,47.333,0.0,4
6040,47.167,47.167,0.0,4
6041,47.0,47.0,0.0,4
6042,46.833,46.833,0.0,4
6043,46.667,46.667,0.0,4
6044,46.5,46.5,0.0,4
6045,46.333,46.333,0.0,4
6046,46.167,46.167,0.0,4
6047,46.0,46.0,0.0,4
6048,45.833,45.833,0.0,4
6049,45.667,45.667,0.0,4
6050,45.5,45.5,0.0,4
6051,45.333,45.333,0.0,4
6052,45.167,45.167,0.0,4
6053,45.0,45.0,0.0,4
6054,44.833,44.833,0.0,4
6055,44.667,44.667,0.0,4
6056,44.5,44.5,0.0,4
6057,44.333,44.333,0.0,4
6058,44.167,44.167,0.0,4
6059,44.0,44.0,0.0,4
6060,43.833,43.833,0.0,4
6061,43.667,43.667,0.0,4
6062,43.5,43.5,0.0,4
6063,43.333,43.333,0.0,4
6064,43.167,43.167,0.0,4
6065,43.0,43.0,0.0,4
6066,42.833,42.833,0.0,4
6067,42.667,42.667,0.0,4
6068,42.5,42.5,0.0,4
6069,42.333,42.333,0.0,4
6070,42.167,42.167,0.0,4
6071,42.0,42.0,0.0,4
6072,41.833,41.833,0.0,4
6073,41.667,41.667,0.0,4
6074,41.5,41.5,0.0,4
6075,41.333,41.333,0.0,4
6076,41.167,41.167,0.0,4
6077,41.0,41.0,0.0,4
6078,40.833,40.833,0.0,4
6079,40.667,40.667,0.0,4
6080,40.5,40.5,0.0,4
6081,40.333,40.333,0.0,4
6082,40.167,40.167,0.0,4
6083,40.0,40.0,0.0,4
6084,39.833,39.833,0.0,4
6085,39.667,39.667,0.0,4
6086,39.5,39.5,0.0,4
6087,39.333,39.333,0.0,4
6088,39.167,39.167,0.0,4
6089,39.0,39.0,0.0,4
6090,38.833,38.833,0.0,4
6091,38.667,38.667,0.0,4
6092,38.5,38.5,0.0,4
6093,38.333,38.333,0.0,4
6094,38.167,38.167,0.0,4
6095,38.0,38.0,0.0,4
6096,37.833,37.833,0.0,4
6097,37.667,37.667,0.0,4
6098,37.5,37.5,0.0,4
6099,37.333,37.333,0.0,4
6100,37.167,37.167,0.0,4
6101,37.0,37.0,0.0,4
6102,36.833,36.833,0.0,4
6103,36.667,36.667,0.0,4
6104,36.5,36.5,0.0,4
6105,36.333,36.333,0.0,4
6106,36.167,36.167,0.0,4
6107,36.0,36.0,0.0,4
6108,35.833,35.833,0.0,4
6109,35.667,35.667,0.0,4
6110,35.5,35.5,0.0,4
6111,35.333,35.333,0.0,4
6112,35.167,35.167,0.0,4
6113,35.0,35.0,0.0,4
6114,34.833,34.833,0.0,4
6115,34.667,34.667,0.0,4
6116,34.5,34.5,0.0,4
6117,34.333,34.333,0.0,4
6118,34.167,34.167,0.0,4
6119,34.0,34.0,0.0,4
6120,33.833,33.833,0.0,4
6121,33.667,33.667,0.0,4
6122,33.5,33.5,0.0,4
6123,33.333,33.333,0.0,4
6124,33.167,33.167,0.0,4
6125,33.0,33.0,0.0,4
6126,32.833,32.833,0.0,4
6127,32.667,32.667,0.0,4
6128,32.5,32.5,0.0,4
6129,32.333,32.333,0.0,4
6130,32.167,32.167,0.0,4
6131,32.0,32.0,0.0,4
6132,31.833,31.833,0.0,4
6133,31.667,31.667,0.0,4
6134,31.5,31.5,0.0,4
6135,31.333,31.333,0.0,4
6136,31.167,31.167,0.0,4
6137,31.0,31.0,0.0,4
6138,30.833,30.833,0.0,4
6139,30.667,30.667,0.0,4
6140,30.5,30.5,0.0,4
6141,30.333,30.333,0.0,4
6142,30.167,30.167,0.0,4
6143,30.0,30.0,0.0,4
6144,29.833,29.833,0.0,4
6145,29.667,29.667,0.0,4
6146,29.5,29.5,0.0,4
6147,29.333,29.333,0.0,4
6148,29.167,29.167,0.0,4
6149,29.0,29.0,0.0,4
6150,28.833,28.833,0.0,4
6151,28.667,28.667,0.0,4
6152,28.5,28.5,0.0,4
6153,28.333,28.333,0.0,4
6154,28.167,28.167,0.0,4
6155,28.0,28.0,0.0,4
6156,27.833,27.833,0.0,4
6157,27.667,27.667,0.0,4
6158,27.5,27.5,0.0,4
6159,27.333,27.333,0.0,4
6160,27.167,27.167,0.0,4
6161,27.0,27.0,0.0,4
6162,26.833,26.833,0.0,4
6163,26.667,26.667,0.0,4
6164,26.5,26.5,0.0,4
6165,26.333,26.333,0.0,4
6166,26.167,26.167,0.0,4
6167,26.0,26.0,0.0,4
6168,25.833,25.833,0.0,4
6169,25.667,25.667,0.0,4
6170,25.5,25.5,0.0,4
6171,25.333,25.333,0.0,4
6172,25.167,25.167,0.0,4
6173,25.0,25.0,0.0,4
6174,24.833,24.833,0.0,4
6175,24.667,24.667,0.0,4
6176,24.5,24.5,0.0,4
6177,24.333,24.333,0.0,4
6178,24.167,24.167,0.0,4
6179,24.0,24.0,0.0,4
6180,23.833,23.833,0.0,4
6181,23.667,23.667,0.0,4
6182,23.5,23.5,0.0,4
6183,23.333,23.333,0.0,4
6184,23.167,23.167,0.0,4
6185,23.0,23.0,0.0,4
6186,22.833,22.833,0.0,4
6187,22.667,22.667,0.0,4
6188,22.5,22.5,0.0,4
6189,22.333,22.333,0.0,4
6190,22.167,22.167,0.0,4
6191,22.0,22.0,0.0,4
6192,21.833,21.833,0.0,4
6193,21.667,21.667,0.0,4
6194,21.5,21.5,0.0,4
6195,21.333,21.333,0.0,4
6196,21.167,21.167,0.0,4
6197,21.0,21.0,0.0,4
6198,20.833,20.833,0.0,4
6199,20.667,20.667,0.0,4
6200,20.5,20.5,0.0,4
6201,20.333,20.333,0.0,4
6202,20.167,20.167,0.0,4
6203,20.0,20.0,0.0,4
6204,19.833,19.833,0.0,4
6205,19.667,19.667,0.0,4
6206,19.5,19.5,0.0,4
6207,19.333,19.333,0.0,4
6208,19.167,19.167,0.0,4
6209,19.0,19.0,0.0,4
6210,18.833,18.833,0.0,4
6211,18.667,18.667,0.0,4
6212,18.5,18.5,0.0,4
6213,18.333,18.333,0.0,4
6214,18.167,18.167,0.0,4
6215,18.0,18.0,0.0,4
6216,17.833,17.833,0.0,4
6217,17.667,17.667,0.0,4
6218,17.5,17.5,0.0,4
6219,17.333,17.333,0.0,4
6220,17.167,17.167,0.0,4
6221,17.0,17.0,0.0,4
6222,16.833,16.833,0.0,4
6223,16.667,16.667,0.0,4
6224,16.5,16.5,0.0,4
6225,16.333,16.333,0.0,4
6226,16.167,16.167,0.0,4
6227,16.0,16.0,0.0,4
6228,15.833,15.833,0.0,4
6229,15.667,15.667,0.0,4
6230,15.5,15.5,0.0,4
6231,15.333,15.333,0.0,4
6232,15.167,15.167,0.0,4
6233,15.0,15.0,0.0,4
6234,14.833,14.833,0.0,4
6235,14.667,14.667,0.0,4
6236,14.5,14.5,0.0,4
6237,14.333,14.333,0.0,4
6238,14.167,14.167,0.0,4
6239,14.0,14.0,0.0,4
6240,13.833,13.833,0.0,4
6241,13.667,13.667,0.0,4
6242,13.5,13.5,0.0,4
6243,13.333,13.333,0.0,4
6244,13.167,13.167,0.0,4
6245,13.0,13.0,0.0,4
6246,12.833,12.833,0.0,4
6247,12.667,12.667,0.0,4
6248,12.5,12.5,0.0,4
6249,12.333,12.333,0.0,4
6250,12.167,12.167,0.0,4
6251,12.0,12.0,0.0,4
6252,11.833,11.833,0.0,4
6253,11.667,11.667,0.0,4
6254,11.5,11.5,0.0,4
6255,11.333,11.333,0.0,4
6256,11.167,11.167,0.0,4
6257,11.0,11.0,0.0,4
6258,10.833,10.833,0.0,4
6259,10.667,10.667,0.0,4
6260,10.5,10.5,0.0,4
6261,10.333,10.333,0.0,4
6262,10.167,10.167,0.0,4
6263,10.0,10.0,0.0,4
6264,9.833,9.833,0.0,4
6265,9.667,9.667,0.0,4
6266,9.5,9.5,0.0,4
6267,9.333,9.333,0.0,4
6268,9.167,9.167,0.0,4
6269,9.0,9.0,0.0,4
6270,8.833,8.833,0.0,4
6271,8.667,8.667,0.0,4
6272,8.5,8.5,0.0,4
6273,8.333,8.333,0.0,4
6274,8.167,8.167,0.0,4
6275,8.0,8.0,0.0,4
6276,7.833,7.833,0.0,4
6277,7.667,7.667,0.0,4
6278,7.5,7.5,0.0,4
6279,7.333,7.333,0.0,4
6280,7.167,7.167,0.0,4
6281,7.0,7.0,0.0,4
6282,6.833,6.833,0.0,4
6283,6.667,6.667,0.0,4
6284,6.5,6.5,0.0,4
6285,6.333,6.333,0.0,4
6286,6.167,6.167,0.0,4
6287,6.0,6.0,0.0,4
6288,5.833,5.833,0.0,4
6289,5.667,5.667,0.0,4
6290,5.5,5.5,0.0,4
6291,5.333,5.333,0.0,4
6292,5.167,5.167,0.0,4
6293,5.0,5.0,0.0,4
6294,4.833,4.833,0.0,4
6295,4.667,4.667,0.0,4
6296,4.5,4.5,0.0,4
6297,4.333,4.333,0.0,4
6298,4.167,4.167,0.0,4
6299,4.0,4.0,0.0,4
6300,3.833,3.833,0.0,4
6301,3.667,3.667,0.0,4
6302,3.5,3.5,0.0,4
6303,3.333,3.333,0.0,4
6304,3.167,3.167,0.0,4
6305,3.0,3.0,0.0,4
6306,2.833,2.833,0.0,4
6307,2.667,2.667,0.0,4
6308,2.5,2.5,0.0,4
6309,2.333,2.333,0.0,4
6310,2.167,2.167,0.0,4
6311,2.0,2.0,0.0,4
6312,1.833,1.833,0.0,4
6313,1.667,1.667,0.0,4
6314,1.5,1.5,0.0,4
6315,1.333,1.333,0.0,4
6316,1.167,1.167,0.0,4
6317,1.0,1.0,0.0,4
6318,0.833,0.833,0.0,4
6319,0.667,0.667,0.0,4
6320,0.5,0.5,0.0,4
6321,0.333,0.333,0.0,4
6322,0.167,0.167,0.0,4
6323,0.0,0.0,0.0,4
