snap,mean,median,p05,p95,n
0,484.0,359.167,163.833,1053.833,16.0
1,483.833,359.0,163.667,1053.667,16.0
2,483.667,358.833,163.5,1053.5,16.0
3,483.5,358.667,163.333,1053.333,16.0
4,483.333,358.5,163.167,1053.167,16.0
5,483.167,358.333,163.0,1053.0,16.0
6,483.0,358.167,162.833,1052.833,16.0
7,482.833,358.0,162.667,1052.667,16.0
8,482.667,357.833,162.5,1052.5,16.0
9,482.5,357.667,162.333,1052.333,16.0
10,482.333,357.5,162.167,1052.167,16.0
11,482.167,357.333,162.0,1052.0,16.0
12,482.0,357.167,161.833,1051.833,16.0
13,481.833,357.0,161.667,1051.667,16.0
14,481.667,356.833,161.5,1051.5,16.0
15,481.5,356.667,161.333,1051.333,16.0
16,481.333,356.5,161.167,1051.167,16.0
17,481.167,356.333,161.0,1051.0,16.0
18,481.0,356.167,160.833,1050.833,16.0
19,480.833,356.0,160.667,1050.667,16.0
20,480.667,355.833,160.5,1050.5,16.0
21,480.5,355.667,160.333,1050.333,16.0
22,480.333,355.5,160.167,1050.167,16.0
23,480.167,355.333,160.0,1050.0,16.0
24,480.0,355.167,159.833,1049.833,16.0
25,479.833,355.0,159.667,1049.667,16.0
26,479.667,354.833,159.5,1049.5,16.0
27,479.5,354.667,159.333,1049.333,16.0
28,479.333,354.5,159.167,1049.167,16.0
29,479.167,354.333,159.0,1049.0,16.0
30,479.0,354.167,158.833,1048.833,16.0
31,478.833,354.0,158.667,1048.667,16.0
32,478.667,353.833,158.5,1048.5,16.0
33,478.5,353.667,158.333,1048.333,16.0
34,478.333,353.5,158.167,1048.167,16.0
35,478.167,353.333,158.0,1048.0,16.0
36,478.0,353.167,157.833,1047.833,16.0
37,477.833,353.0,157.667,1047.667,16.0
38,477.667,352.833,157.5,1047.5,16.0
39,477.5,352.667,157.333,1047.333,16.0
40,477.333,352.5,157.167,1047.167,16.0
41,477.167,352.333,157.0,1047.0,16.0
42,477.0,352.167,156.833,1046.833,16.0
43,476.833,352.0,156.667,1046.667,16.0
44,476.667,351.833,156.5,1046.5,16.0
45,476.5,351.667,156.333,1046.333,16.0
46,476.333,351.5,156.167,1046.167,16.0
47,476.167,351.333,156.0,1046.0,16.0
48,476.0,351.167,155.833,1045.833,16.0
49,475.833,351.0,155.667,1045.667,16.0
50,475.667,350.833,155.5,1045.5,16.0
51,475.5,350.667,155.333,1045.333,16.0
52,475.333,350.5,155.167,1045.167,16.0
53,475.167,350.333,155.0,1045.0,16.0
54,475.0,350.167,154.833,1044.833,16.0
55,474.833,350.0,154.667,1044.667,16.0
56,474.667,349.833,154.5,1044.5,16.0
57,474.5,349.667,154.333,1044.333,16.0
58,474.333,349.5,154.167,1044.167,16.0
59,474.167,349.333,154.0,1044.0,16.0
60,474.0,349.167,153.833,1043.833,16.0
61,473.833,349.0,153.667,1043.667,16.0
62,473.667,348.833,153.5,1043.5,16.0
63,473.5,348.667,153.333,1043.333,16.0
64,473.333,348.5,153.167,1043.167,16.0
65,473.167,348.333,153.0,1043.0,16.0
66,473.0,348.167,152.833,1042.833,16.0
67,472.833,348.0,152.667,1042.667,16.0
68,472.667,347.833,152.5,1042.5,16.0
69,472.5,347.667,152.333,1042.333,16.0
70,472.333,347.5,152.167,1042.167,16.0
71,472.167,347.333,152.0,1042.0,16.0
72,472.0,347.167,151.833,1041.833,16.0
73,471.833,347.0,151.667,1041.667,16.0
74,471.667,346.833,151.5,1041.5,16.0
75,471.5,346.667,151.333,1041.333,16.0
76,471.333,346.5,151.167,1041.167,16.0
77,471.167,346.333,151.0,1041.0,16.0
78,471.0,346.167,150.833,1040.833,16.0
79,470.833,346.0,150.667,1040.667,16.0
80,470.667,345.833,150.5,1040.5,16.0
81,470.5,345.667,150.333,1040.333,16.0
82,470.333,345.5,150.167,1040.167,16.0
83,470.167,345.333,150.0,1040.0,16.0
84,470.0,345.167,149.833,1039.833,16.0
85,469.833,345.0,149.667,1039.667,16.0
86,469.667,344.833,149.5,1039.5,16.0
87,469.5,344.667,149.333,1039.333,16.0
88,469.333,344.5,149.167,1039.167,16.0
89,469.167,344.333,149.0,1039.0,16.0
90,469.0,344.167,148.833,1038.833,16.0
91,468.833,344.0,148.667,1038.667,16.0
92,468.667,343.833,148.5,1038.5,16.0
93,468.5,343.667,148.333,1038.333,16.0
94,468.333,343.5,148.167,1038.167,16.0
95,468.167,343.333,148.0,1038.0,16.0
96,468.0,343.167,147.833,1037.833,16.0
97,467.833,343.0,147.667,1037.667,16.0
98,467.667,342.833,147.5,1037.5,16.0
99,467.5,342.667,147.333,1037.333,16.0
100,467.333,342.5,147.167,1037.167,16.0
101,467.167,342.333,147.0,1037.0,16.0
102,467.0,342.167,146.833,1036.833,16.0
103,466.833,342.0,146.667,1036.667,16.0
104,466.667,341.833,146.5,1036.5,16.0
105,466.5,341.667,146.333,1036.333,16.0
106,466.333,341.5,146.167,1036.167,16.0
107,466.167,341.333,146.0,1036.0,16.0
108,466.0,341.167,145.833,1035.833,16.0
109,465.833,341.0,145.667,1035.667,16.0
110,465.667,340.833,145.5,1035.5,16.0
111,465.5,340.667,145.333,1035.333,16.0
112,465.333,340.5,145.167,1035.167,16.0
113,465.167,340.333,145.0,1035.0,16.0
114,465.0,340.167,144.833,1034.833,16.0
115,464.833,340.0,144.667,1034.667,16.0
116,464.667,339.833,144.5,1034.5,16.0
117,464.5,339.667,144.333,1034.333,16.0
118,464.333,339.5,144.167,1034.167,16.0
119,464.167,339.333,144.0,1034.0,16.0
120,464.0,339.167,143.833,1033.833,16.0
121,463.833,339.0,143.667,1033.667,16.0
122,463.667,338.833,143.5,1033.5,16.0
123,463.5,338.667,143.333,1033.333,16.0
124,463.333,338.5,143.167,1033.167,16.0
125,463.167,338.333,143.0,1033.0,16.0
126,463.0,338.167,142.833,1032.833,16.0
127,462.833,338.0,142.667,1032.667,16.0
128,462.667,337.833,142.5,1032.5,16.0
129,462.5,337.667,142.333,1032.333,16.0
130,462.333,337.5,142.167,1032.167,16.0
131,462.167,337.333,142.0,1032.0,16.0
132,462.0,337.167,141.833,1031.833,16.0
133,461.833,337.0,141.667,1031.667,16.0
134,461.667,336.833,141.5,1031.5,16.0
135,461.5,336.667,141.333,1031.333,16.0
136,461.333,336.5,141.167,1031.167,16.0
137,461.167,336.333,141.0,1031.0,16.0
138,461.0,336.167,140.833,1030.833,16.0
139,460.833,336.0,140.667,1030.667,16.0
140,460.667,335.833,140.5,1030.5,16.0
141,460.5,335.667,140.333,1030.333,16.0
142,460.333,335.5,140.167,1030.167,16.0
143,460.167,335.333,140.0,1030.0,16.0
144,460.0,335.167,139.833,1029.833,16.0
145,459.833,335.0,139.667,1029.667,16.0
146,459.667,334.833,139.5,1029.5,16.0
147,459.5,334.667,139.333,1029.333,16.0
148,459.333,334.5,139.167,1029.167,16.0
149,459.167,334.333,139.0,1029.0,16.0
150,459.0,334.167,138.833,1028.833,16.0
151,458.833,334.0,138.667,1028.667,16.0
152,458.667,333.833,138.5,1028.5,16.0
153,458.5,333.667,138.333,1028.333,16.0
154,458.333,333.5,138.167,1028.167,16.0
155,458.167,333.333,138.0,1028.0,16.0
156,458.0,333.167,137.833,1027.833,16.0
157,457.833,333.0,137.667,1027.667,16.0
158,457.667,332.833,137.5,1027.5,16.0
159,457.5,332.667,137.333,1027.333,16.0
160,457.333,332.5,137.167,1027.167,16.0
161,457.167,332.333,137.0,1027.0,16.0
162,457.0,332.167,136.833,1026.833,16.0
163,456.833,332.0,136.667,1026.667,16.0
164,456.667,331.833,136.5,1026.5,16.0
165,456.5,331.667,136.333,1026.333,16.0
166,456.333,331.5,136.167,1026.167,16.0
167,456.167,331.333,136.0,1026.0,16.0
168,456.0,331.167,135.833,1025.833,16.0
169,455.833,331.0,135.667,1025.667,16.0
170,455.667,330.833,135.5,1025.5,16.0
171,455.5,330.667,135.333,1025.333,16.0
172,455.333,330.5,135.167,1025.167,16.0
173,455.167,330.333,135.0,1025.0,16.0
174,455.0,330.167,134.833,1024.833,16.0
175,454.833,330.0,134.667,1024.667,16.0
176,454.667,329.833,134.5,1024.5,16.0
177,454.5,329.667,134.333,1024.333,16.0
178,454.333,329.5,134.167,1024.167,16.0
179,454.167,329.333,134.0,1024.0,16.0
180,454.0,329.167,133.833,1023.833,16.0
181,453.833,329.0,133.667,1023.667,16.0
182,453.667,328.833,133.5,1023.5,16.0
183,453.5,328.667,133.333,1023.333,16.0
184,453.333,328.5,133.167,1023.167,16.0
185,453.167,328.333,133.0,1023.0,16.0
186,453.0,328.167,132.833,1022.833,16.0
187,452.833,328.0,132.667,1022.667,16.0
188,452.667,327.833,132.5,1022.5,16.0
189,452.5,327.667,132.333,1022.333,16.0
190,452.333,327.5,132.167,1022.167,16.0
191,452.167,327.333,132.0,1022.0,16.0
192,452.0,327.167,131.833,1021.833,16.0
193,451.833,327.0,131.667,1021.667,16.0
194,451.667,326.833,131.5,1021.5,16.0
195,451.5,326.667,131.333,1021.333,16.0
196,451.333,326.5,131.167,1021.167,16.0
197,451.167,326.333,131.0,1021.0,16.0
198,451.0,326.167,130.833,1020.833,16.0
199,450.833,326.0,130.667,1020.667,16.0
200,450.667,325.833,130.5,1020.5,16.0
201,450.5,325.667,130.333,1020.333,16.0
202,450.333,325.5,130.167,1020.167,16.0
203,450.167,325.333,130.0,1020.0,16.0
204,450.0,325.167,129.833,1019.833,16.0
205,449.833,325.0,129.667,1019.667,16.0
206,449.667,324.833,129.5,1019.5,16.0
207,449.5,324.667,129.333,1019.333,16.0
208,449.333,324.5,129.167,1019.167,16.0
209,449.167,324.333,129.0,1019.0,16.0
210,449.0,324.167,128.833,1018.833,16.0
211,448.833,324.0,128.667,1018.667,16.0
212,448.667,323.833,128.5,1018.5,16.0
213,448.5,323.667,128.333,1018.333,16.0
214,448.333,323.5,128.167,1018.167,16.0
215,448.167,323.333,128.0,1018.0,16.0
216,448.0,323.167,127.833,1017.833,16.0
217,447.833,323.0,127.667,1017.667,16.0
218,447.667,322.833,127.5,1017.5,16.0
219,447.5,322.667,127.333,1017.333,16.0
220,447.333,322.5,127.167,1017.167,16.0
221,447.167,322.333,127.0,1017.0,16.0
222,447.0,322.167,126.833,1016.833,16.0
223,446.833,322.0,126.667,1016.667,16.0
224,446.667,321.833,126.5,1016.5,16.0
225,446.5,321.667,126.333,1016.333,16.0
226,446.333,321.5,126.167,1016.167,16.0
227,446.167,321.333,126.0,1016.0,16.0
228,446.0,321.167,125.833,1015.833,16.0
229,445.833,321.0,125.667,1015.667,16.0
230,445.667,320.833,125.5,1015.5,16.0
231,445.5,320.667,125.333,1015.333,16.0
232,445.333,320.5,125.167,1015.167,16.0
233,445.167,320.333,125.0,1015.0,16.0
234,445.0,320.167,124.833,1014.833,16.0
235,444.833,320.0,124.667,1014.667,16.0
236,444.667,319.833,124.5,1014.5,16.0
237,444.5,319.667,124.333,1014.333,16.0
238,444.333,319.5,124.167,1014.167,16.0
239,444.167,319.333,124.0,1014.0,16.0
240,444.0,319.167,123.833,1013.833,16.0
241,443.833,319.0,123.667,1013.667,16.0
242,443.667,318.833,123.5,1013.5,16.0
243,443.5,318.667,123.333,1013.333,16.0
244,443.333,318.5,123.167,1013.167,16.0
245,443.167,318.333,123.0,1013.0,16.0
246,443.0,318.167,122.833,1012.833,16.0
247,442.833,318.0,122.667,1012.667,16.0
248,442.667,317.833,122.5,1012.5,16.0
249,442.5,317.667,122.333,1012.333,16.0
250,442.333,317.5,122.167,1012.167,16.0
251,442.167,317.333,122.0,1012.0,16.0
252,442.0,317.167,121.833,1011.833,16.0
253,441.833,317.0,121.667,1011.667,16.0
254,441.667,316.833,121.5,1011.5,16.0
255,441.5,316.667,121.333,1011.333,16.0
256,441.333,316.5,121.167,1011.167,16.0
257,441.167,316.333,121.0,1011.0,16.0
258,441.0,316.167,120.833,1010.833,16.0
259,440.833,316.0,120.667,1010.667,16.0
260,440.667,315.833,120.5,1010.5,16.0
261,440.5,315.667,120.333,1010.333,16.0
262,440.333,315.5,120.167,1010.167,16.0
263,440.167,315.333,120.0,1010.0,16.0
264,440.0,315.167,119.833,1009.833,16.0
265,439.833,315.0,119.667,1009.667,16.0
266,439.667,314.833,119.5,1009.5,16.0
267,439.5,314.667,119.333,1009.333,16.0
268,439.333,314.5,119.167,1009.167,16.0
269,439.167,314.333,119.0,1009.0,16.0
270,439.0,314.167,118.833,1008.833,16.0
271,438.833,314.0,118.667,1008.667,16.0
272,438.667,313.833,118.5,1008.5,16.0
273,438.5,313.667,118.333,1008.333,16.0
274,438.333,313.5,118.167,1008.167,16.0
275,438.167,313.333,118.0,1008.0,16.0
276,438.0,313.167,117.833,1007.833,16.0
277,437.833,313.0,117.667,1007.667,16.0
278,437.667,312.833,117.5,1007.5,16.0
279,437.5,312.667,117.333,1007.333,16.0
280,437.333,312.5,117.167,1007.167,16.0
281,437.167,312.333,117.0,1007.0,16.0
282,437.0,312.167,116.833,1006.833,16.0
283,436.833,312.0,116.667,1006.667,16.0
284,436.667,311.833,116.5,1006.5,16.0
285,436.5,311.667,116.333,1006.333,16.0
286,436.333,311.5,116.167,1006.167,16.0
287,436.167,311.333,116.0,1006.0,16.0
288,436.0,311.167,115.833,1005.833,16.0
289,435.833,311.0,115.667,1005.667,16.0
290,435.667,310.833,115.5,1005.5,16.0
291,435.5,310.667,115.333,1005.333,16.0
292,435.333,310.5,115.167,1005.167,16.0
293,435.167,310.333,115.0,1005.0,16.0
294,435.0,310.167,114.833,1004.833,16.0
295,434.833,310.0,114.667,1004.667,16.0
296,434.667,309.833,114.5,1004.5,16.0
297,434.5,309.667,114.333,1004.333,16.0
298,434.333,309.5,114.167,1004.167,16.0
299,434.167,309.333,114.0,1004.0,16.0
300,434.0,309.167,113.833,1003.833,16.0
301,433.833,309.0,113.667,1003.667,16.0
302,433.667,308.833,113.5,1003.5,16.0
303,433.5,308.667,113.333,1003.333,16.0
304,433.333,308.5,113.167,1003.167,16.0
305,433.167,308.333,113.0,1003.0,16.0
306,433.0,308.167,112.833,1002.833,16.0
307,432.833,308.0,112.667,1002.667,16.0
308,432.667,307.833,112.5,1002.5,16.0
309,432.5,307.667,112.333,1002.333,16.0
310,432.333,307.5,112.167,1002.167,16.0
311,432.167,307.333,112.0,1002.0,16.0
312,432.0,307.167,111.833,1001.833,16.0
313,431.833,307.0,111.667,1001.667,16.0
314,431.667,306.833,111.5,1001.5,16.0
315,431.5,306.667,111.333,1001.333,16.0
316,431.333,306.5,111.167,1001.167,16.0
317,431.167,306.333,111.0,1001.0,16.0
318,431.0,306.167,110.833,1000.833,16.0
319,430.833,306.0,110.667,1000.667,16.0
320,430.667,305.833,110.5,1000.5,16.0
321,430.5,305.667,110.333,1000.333,16.0
322,430.333,305.5,110.167,1000.167,16.0
323,430.167,305.333,110.0,1000.0,16.0
324,430.0,305.167,109.833,999.833,16.0
325,429.833,305.0,109.667,999.667,16.0
326,429.667,304.833,109.5,999.5,16.0
327,429.5,304.667,109.333,999.333,16.0
328,429.333,304.5,109.167,999.167,16.0
329,429.167,304.333,109.0,999.0,16.0
330,429.0,304.167,108.833,998.833,16.0
331,428.833,304.0,108.667,998.667,16.0
332,428.667,303.833,108.5,998.5,16.0
333,428.5,303.667,108.333,998.333,16.0
334,428.333,303.5,108.167,998.167,16.0
335,428.167,303.333,108.0,998.0,16.0
336,428.0,303.167,107.833,997.833,16.0
337,427.833,303.0,107.667,997.667,16.0
338,427.667,302.833,107.5,997.5,16.0
339,427.5,302.667,107.333,997.333,16.0
340,427.333,302.5,107.167,997.167,16.0
341,427.167,302.333,107.0,997.0,16.0
342,427.0,302.167,106.833,996.833,16.0
343,426.833,302.0,106.667,996.667,16.0
344,426.667,301.833,106.5,996.5,16.0
345,426.5,301.667,106.333,996.333,16.0
346,426.333,301.5,106.167,996.167,16.0
347,426.167,301.333,106.0,996.0,16.0
348,426.0,301.167,105.833,995.833,16.0
349,425.833,301.0,105.667,995.667,16.0
350,425.667,300.833,105.5,995.5,16.0
351,425.5,300.667,105.333,995.333,16.0
352,425.333,300.5,105.167,995.167,16.0
353,425.167,300.333,105.0,995.0,16.0
354,425.0,300.167,104.833,994.833,16.0
355,424.833,300.0,104.667,994.667,16.0
356,424.667,299.833,104.5,994.5,16.0
357,424.5,299.667,104.333,994.333,16.0
358,424.333,299.5,104.167,994.167,16.0
359,424.167,299.333,104.0,994.0,16.0
360,424.0,299.167,103.833,993.833,16.0
361,423.833,299.0,103.667,993.667,16.0
362,423.667,298.833,103.5,993.5,16.0
363,423.5,298.667,103.333,993.333,16.0
364,423.333,298.5,103.167,993.167,16.0
365,423.167,298.333,103.0,993.0,16.0
366,423.0,298.167,102.833,992.833,16.0
367,422.833,298.0,102.667,992.667,16.0
368,422.667,297.833,102.5,992.5,16.0
369,422.5,297.667,102.333,992.333,16.0
370,422.333,297.5,102.167,992.167,16.0
371,422.167,297.333,102.0,992.0,16.0
372,422.0,297.167,101.833,991.833,16.0
373,421.833,297.0,101.667,991.667,16.0
374,421.667,296.833,101.5,991.5,16.0
375,421.5,296.667,101.333,991.333,16.0
376,421.333,296.5,101.167,991.167,16.0
377,421.167,296.333,101.0,991.0,16.0
378,421.0,296.167,100.833,990.833,16.0
379,420.833,296.0,100.667,990.667,16.0
380,420.667,295.833,100.5,990.5,16.0
381,420.5,295.667,100.333,990.333,16.0
382,420.333,295.5,100.167,990.167,16.0
383,420.167,295.333,100.0,990.0,16.0
384,420.0,295.167,99.833,989.833,16.0
385,419.833,295.0,99.667,989.667,16.0
386,419.667,294.833,99.5,989.5,16.0
387,419.5,294.667,99.333,989.333,16.0
388,419.333,294.5,99.167,989.167,16.0
389,419.167,294.333,99.0,989.0,16.0
390,419.0,294.167,98.833,988.833,16.0
391,418.833,294.0,98.667,988.667,16.0
392,418.667,293.833,98.5,988.5,16.0
393,418.5,293.667,98.333,988.333,16.0
394,418.333,293.5,98.167,988.167,16.0
395,418.167,293.333,98.0,988.0,16.0
396,418.0,293.167,97.833,987.833,16.0
397,417.833,293.0,97.667,987.667,16.0
398,417.667,292.833,97.5,987.5,16.0
399,417.5,292.667,97.333,987.333,16.0
400,417.333,292.5,97.167,987.167,16.0
401,417.167,292.333,97.0,987.0,16.0
402,417.0,292.167,96.833,986.833,16.0
403,416.833,292.0,96.667,986.667,16.0
404,416.667,291.833,96.5,986.5,16.0
405,416.5,291.667,96.333,986.333,16.0
406,416.333,291.5,96.167,986.167,16.0
407,416.167,291.333,96.0,986.0,16.0
408,416.0,291.167,95.833,985.833,16.0
409,415.833,291.0,95.667,985.667,16.0
410,415.667,290.833,95.5,985.5,16.0
411,415.5,290.667,95.333,985.333,16.0
412,415.333,290.5,95.167,985.167,16.0
413,415.167,290.333,95.0,985.0,16.0
414,415.0,290.167,94.833,984.833,16.0
415,414.833,290.0,94.667,984.667,16.0
416,414.667,289.833,94.5,984.5,16.0
417,414.5,289.667,94.333,984.333,16.0
418,414.333,289.5,94.167,984.167,16.0
419,414.167,289.333,94.0,984.0,16.0
420,414.0,289.167,93.833,983.833,16.0
421,413.833,289.0,93.667,983.667,16.0
422,413.667,288.833,93.5,983.5,16.0
423,413.5,288.667,93.333,983.333,16.0
424,413.333,288.5,93.167,983.167,16.0
425,413.167,288.333,93.0,983.0,16.0
426,413.0,288.167,92.833,982.833,16.0
427,412.833,288.0,92.667,982.667,16.0
428,412.667,287.833,92.5,982.5,16.0
429,412.5,287.667,92.333,982.333,16.0
430,412.333,287.5,92.167,982.167,16.0
431,412.167,287.333,92.0,982.0,16.0
432,412.0,287.167,91.833,981.833,16.0
433,411.833,287.0,91.667,981.667,16.0
434,411.667,286.833,91.5,981.5,16.0
435,411.5,286.667,91.333,981.333,16.0
436,411.333,286.5,91.167,981.167,16.0
437,411.167,286.333,91.0,981.0,16.0
438,411.0,286.167,90.833,980.833,16.0
439,410.833,286.0,90.667,980.667,16.0
440,410.667,285.833,90.5,980.5,16.0
441,410.5,285.667,90.333,980.333,16.0
442,410.333,285.5,90.167,980.167,16.0
443,410.167,285.333,90.0,980.0,16.0
444,410.0,285.167,89.833,979.833,16.0
445,409.833,285.0,89.667,979.667,16.0
446,409.667,284.833,89.5,979.5,16.0
447,409.5,284.667,89.333,979.333,16.0
448,409.333,284.5,89.167,979.167,16.0
449,409.167,284.333,89.0,979.0,16.0
450,409.0,284.167,88.833,978.833,16.0
451,408.833,284.0,88.667,978.667,16.0
452,408.667,283.833,88.5,978.5,16.0
453,408.5,283.667,88.333,978.333,16.0
454,408.333,283.5,88.167,978.167,16.0
455,408.167,283.333,88.0,978.0,16.0
456,408.0,283.167,87.833,977.833,16.0
457,407.833,283.0,87.667,977.667,16.0
458,407.667,282.833,87.5,977.5,16.0
459,407.5,282.667,87.333,977.333,16.0
460,407.333,282.5,87.167,977.167,16.0
461,407.167,282.333,87.0,977.0,16.0
462,407.0,282.167,86.833,976.833,16.0
463,406.833,282.0,86.667,976.667,16.0
464,406.667,281.833,86.5,976.5,16.0
465,406.5,281.667,86.333,976.333,16.0
466,406.333,281.5,86.167,976.167,16.0
467,406.167,281.333,86.0,976.0,16.0
468,406.0,281.167,85.833,975.833,16.0
469,405.833,281.0,85.667,975.667,16.0
470,405.667,280.833,85.5,975.5,16.0
471,405.5,280.667,85.333,975.333,16.0
472,405.333,280.5,85.167,975.167,16.0
473,405.167,280.333,85.0,975.0,16.0
474,405.0,280.167,84.833,974.833,16.0
475,404.833,280.0,84.667,974.667,16.0
476,404.667,279.833,84.5,974.5,16.0
477,404.5,279.667,84.333,974.333,16.0
478,404.333,279.5,84.167,974.167,16.0
479,404.167,279.333,84.0,974.0,16.0
480,404.0,279.167,83.833,973.833,16.0
481,403.833,279.0,83.667,973.667,16.0
482,403.667,278.833,83.5,973.5,16.0
483,403.5,278.667,83.333,973.333,16.0
484,403.333,278.5,83.167,973.167,16.0
485,403.167,278.333,83.0,973.0,16.0
486,403.0,278.167,82.833,972.833,16.0
487,402.833,278.0,82.667,972.667,16.0
488,402.667,277.833,82.5,972.5,16.0
489,402.5,277.667,82.333,972.333,16.0
490,402.333,277.5,82.167,972.167,16.0
491,402.167,277.333,82.0,972.0,16.0
492,402.0,277.167,81.833,971.833,16.0
493,401.833,277.0,81.667,971.667,16.0
494,401.667,276.833,81.5,971.5,16.0
495,401.5,276.667,81.333,971.333,16.0
496,401.333,276.5,81.167,971.167,16.0
497,401.167,276.333,81.0,971.0,16.0
498,401.0,276.167,80.833,970.833,16.0
499,400.833,276.0,80.667,970.667,16.0
500,400.667,275.833,80.5,970.5,16.0
501,400.5,275.667,80.333,970.333,16.0
502,400.333,275.5,80.167,970.167,16.0
503,400.167,275.333,80.0,970.0,16.0
504,400.0,275.167,79.833,969.833,16.0
505,399.833,275.0,79.667,969.667,16.0
506,399.667,274.833,79.5,969.5,16.0
507,399.5,274.667,79.333,969.333,16.0
508,399.333,274.5,79.167,969.167,16.0
509,399.167,274.333,79.0,969.0,16.0
510,399.0,274.167,78.833,968.833,16.0
511,398.833,274.0,78.667,968.667,16.0
512,398.667,273.833,78.5,968.5,16.0
513,398.5,273.667,78.333,968.333,16.0
514,398.333,273.5,78.167,968.167,16.0
515,398.167,273.333,78.0,968.0,16.0
516,398.0,273.167,77.833,967.833,16.0
517,397.833,273.0,77.667,967.667,16.0
518,397.667,272.833,77.5,967.5,16.0
519,397.5,272.667,77.333,967.333,16.0
520,397.333,272.5,77.167,967.167,16.0
521,397.167,272.333,77.0,967.0,16.0
522,397.0,272.167,76.833,966.833,16.0
523,396.833,272.0,76.667,966.667,16.0
524,396.667,271.833,76.5,966.5,16.0
525,396.5,271.667,76.333,966.333,16.0
526,396.333,271.5,76.167,966.167,16.0
527,396.167,271.333,76.0,966.0,16.0
528,396.0,271.167,75.833,965.833,16.0
529,395.833,271.0,75.667,965.667,16.0
530,395.667,270.833,75.5,965.5,16.0
531,395.5,270.667,75.333,965.333,16.0
532,395.333,270.5,75.167,965.167,16.0
533,395.167,270.333,75.0,965.0,16.0
534,395.0,270.167,74.833,964.833,16.0
535,394.833,270.0,74.667,964.667,16.0
536,394.667,269.833,74.5,964.5,16.0
537,394.5,269.667,74.333,964.333,16.0
538,394.333,269.5,74.167,964.167,16.0
539,394.167,269.333,74.0,964.0,16.0
540,394.0,269.167,73.833,963.833,16.0
541,393.833,269.0,73.667,963.667,16.0
542,393.667,268.833,73.5,963.5,16.0
543,393.5,268.667,73.333,963.333,16.0
544,393.333,268.5,73.167,963.167,16.0
545,393.167,268.333,73.0,963.0,16.0
546,393.0,268.167,72.833,962.833,16.0
547,392.833,268.0,72.667,962.667,16.0
548,392.667,267.833,72.5,962.5,16.0
549,392.5,267.667,72.333,962.333,16.0
550,392.333,267.5,72.167,962.167,16.0
551,392.167,267.333,72.0,962.0,16.0
552,392.0,267.167,71.833,961.833,16.0
553,391.833,267.0,71.667,961.667,16.0
554,391.667,266.833,71.5,961.5,16.0
555,391.5,266.667,71.333,961.333,16.0
556,391.333,266.5,71.167,961.167,16.0
557,391.167,266.333,71.0,961.0,16.0
558,391.0,266.167,70.833,960.833,16.0
559,390.833,266.0,70.667,960.667,16.0
560,390.667,265.833,70.5,960.5,16.0
561,390.5,265.667,70.333,960.333,16.0
562,390.333,265.5,70.167,960.167,16.0
563,390.167,265.333,70.0,960.0,16.0
564,390.0,265.167,69.833,959.833,16.0
565,389.833,265.0,69.667,959.667,16.0
566,389.667,264.833,69.5,959.5,16.0
567,389.5,264.667,69.333,959.333,16.0
568,389.333,264.5,69.167,959.167,16.0
569,389.167,264.333,69.0,959.0,16.0
570,389.0,264.167,68.833,958.833,16.0
571,388.833,264.0,68.667,958.667,16.0
572,388.667,263.833,68.5,958.5,16.0
573,388.5,263.667,68.333,958.333,16.0
574,388.333,263.5,68.167,958.167,16.0
575,388.167,263.333,68.0,958.0,16.0
576,388.0,263.167,67.833,957.833,16.0
577,387.833,263.0,67.667,957.667,16.0
578,387.667,262.833,67.5,957.5,16.0
579,387.5,262.667,67.333,957.333,16.0
580,387.333,262.5,67.167,957.167,16.0
581,387.167,262.333,67.0,957.0,16.0
582,387.0,262.167,66.833,956.833,16.0
583,386.833,262.0,66.667,956.667,16.0
584,386.667,261.833,66.5,956.5,16.0
585,386.5,261.667,66.333,956.333,16.0
586,386.333,261.5,66.167,956.167,16.0
587,386.167,261.333,66.0,956.0,16.0
588,386.0,261.167,65.833,955.833,16.0
589,385.833,261.0,65.667,955.667,16.0
590,385.667,260.833,65.5,955.5,16.0
591,385.5,260.667,65.333,955.333,16.0
592,385.333,260.5,65.167,955.167,16.0
593,385.167,260.333,65.0,955.0,16.0
594,385.0,260.167,64.833,954.833,16.0
595,384.833,260.0,64.667,954.667,16.0
596,384.667,259.833,64.5,954.5,16.0
597,384.5,259.667,64.333,954.333,16.0
598,384.333,259.5,64.167,954.167,16.0
599,384.167,259.333,64.0,954.0,16.0
600,384.0,259.167,63.833,953.833,16.0
601,383.833,259.0,63.667,953.667,16.0
602,383.667,258.833,63.5,953.5,16.0
603,383.5,258.667,63.333,953.333,16.0
604,383.333,258.5,63.167,953.167,16.0
605,383.167,258.333,63.0,953.0,16.0
606,383.0,258.167,62.833,952.833,16.0
607,382.833,258.0,62.667,952.667,16.0
608,382.667,257.833,62.5,952.5,16.0
609,382.5,257.667,62.333,952.333,16.0
610,382.333,257.5,62.167,952.167,16.0
611,382.167,257.333,62.0,952.0,16.0
612,382.0,257.167,61.833,951.833,16.0
613,381.833,257.0,61.667,951.667,16.0
614,381.667,256.833,61.5,951.5,16.0
615,381.5,256.667,61.333,951.333,16.0
616,381.333,256.5,61.167,951.167,16.0
617,381.167,256.333,61.0,951.0,16.0
618,381.0,256.167,60.833,950.833,16.0
619,380.833,256.0,60.667,950.667,16.0
620,380.667,255.833,60.5,950.5,16.0
621,380.5,255.667,60.333,950.333,16.0
622,380.333,255.5,60.167,950.167,16.0
623,380.167,255.333,60.0,950.0,16.0
624,380.0,255.167,59.833,949.833,16.0
625,379.833,255.0,59.667,949.667,16.0
626,379.667,254.833,59.5,949.5,16.0
627,379.5,254.667,59.333,949.333,16.0
628,379.333,254.5,59.167,949.167,16.0
629,379.167,254.333,59.0,949.0,16.0
630,379.0,254.167,58.833,948.833,16.0
631,378.833,254.0,58.667,948.667,16.0
632,378.667,253.833,58.5,948.5,16.0
633,378.5,253.667,58.333,948.333,16.0
634,378.333,253.5,58.167,948.167,16.0
635,378.167,253.333,58.0,948.0,16.0
636,378.0,253.167,57.833,947.833,16.0
637,377.833,253.0,57.667,947.667,16.0
638,377.667,252.833,57.5,947.5,16.0
639,377.5,252.667,57.333,947.333,16.0
640,377.333,252.5,57.167,947.167,16.0
641,377.167,252.333,57.0,947.0,16.0
642,377.0,252.167,56.833,946.833,16.0
643,376.833,252.0,56.667,946.667,16.0
644,376.667,251.833,56.5,946.5,16.0
645,376.5,251.667,56.333,946.333,16.0
646,376.333,251.5,56.167,946.167,16.0
647,376.167,251.333,56.0,946.0,16.0
648,376.0,251.167,55.833,945.833,16.0
649,375.833,251.0,55.667,945.667,16.0
650,375.667,250.833,55.5,945.5,16.0
651,375.5,250.667,55.333,945.333,16.0
652,375.333,250.5,55.167,945.167,16.0
653,375.167,250.333,55.0,945.0,16.0
654,375.0,250.167,54.833,944.833,16.0
655,374.833,250.0,54.667,944.667,16.0
656,374.667,249.833,54.5,944.5,16.0
657,374.5,249.667,54.333,944.333,16.0
658,374.333,249.5,54.167,944.167,16.0
659,374.167,249.333,54.0,944.0,16.0
660,374.0,249.167,53.833,943.833,16.0
661,373.833,249.0,53.667,943.667,16.0
662,373.667,248.833,53.5,943.5,16.0
663,373.5,248.667,53.333,943.333,16.0
664,373.333,248.5,53.167,943.167,16.0
665,373.167,248.333,53.0,943.0,16.0
666,373.0,248.167,52.833,942.833,16.0
667,372.833,248.0,52.667,942.667,16.0
668,372.667,247.833,52.5,942.5,16.0
669,372.5,247.667,52.333,942.333,16.0
670,372.333,247.5,52.167,942.167,16.0
671,372.167,247.333,52.0,942.0,16.0
672,372.0,247.167,51.833,941.833,16.0
673,371.833,247.0,51.667,941.667,16.0
674,371.667,246.833,51.5,941.5,16.0
675,371.5,246.667,51.333,941.333,16.0
676,371.333,246.5,51.167,941.167,16.0
677,371.167,246.333,51.0,941.0,16.0
678,371.0,246.167,50.833,940.833,16.0
679,370.833,246.0,50.667,940.667,16.0
680,370.667,245.833,50.5,940.5,16.0
681,370.5,245.667,50.333,940.333,16.0
682,370.333,245.5,50.167,940.167,16.0
683,370.167,245.333,50.0,940.0,16.0
684,370.0,245.167,49.833,939.833,16.0
685,369.833,245.0,49.667,939.667,16.0
686,369.667,244.833,49.5,939.5,16.0
687,369.5,244.667,49.333,939.333,16.0
688,369.333,244.5,49.167,939.167,16.0
689,369.167,244.333,49.0,939.0,16.0
690,369.0,244.167,48.833,938.833,16.0
691,368.833,244.0,48.667,938.667,16.0
692,368.667,243.833,48.5,938.5,16.0
693,368.5,243.667,48.333,938.333,16.0
694,368.333,243.5,48.167,938.167,16.0
695,368.167,243.333,48.0,938.0,16.0
696,368.0,243.167,47.833,937.833,16.0
697,367.833,243.0,47.667,937.667,16.0
698,367.667,242.833,47.5,937.5,16.0
699,367.5,242.667,47.333,937.333,16.0
700,367.333,242.5,47.167,937.167,16.0
701,367.167,242.333,47.0,937.0,16.0
702,367.0,242.167,46.833,936.833,16.0
703,366.833,242.0,46.667,936.667,16.0
704,366.667,241.833,46.5,936.5,16.0
705,366.5,241.667,46.333,936.333,16.0
706,366.333,241.5,46.167,936.167,16.0
707,366.167,241.333,46.0,936.0,16.0
708,366.0,241.167,45.833,935.833,16.0
709,365.833,241.0,45.667,935.667,16.0
710,365.667,240.833,45.5,935.5,16.0
711,365.5,240.667,45.333,935.333,16.0
712,365.333,240.5,45.167,935.167,16.0
713,365.167,240.333,45.0,935.0,16.0
714,365.0,240.167,44.833,934.833,16.0
715,364.833,240.0,44.667,934.667,16.0
716,364.667,239.833,44.5,934.5,16.0
717,364.5,239.667,44.333,934.333,16.0
718,364.333,239.5,44.167,934.167,16.0
719,364.167,239.333,44.0,934.0,16.0
720,364.0,239.167,43.833,933.833,16.0
721,363.833,239.0,43.667,933.667,16.0
722,363.667,238.833,43.5,933.5,16.0
723,363.5,238.667,43.333,933.333,16.0
724,363.333,238.5,43.167,933.167,16.0
725,363.167,238.333,43.0,933.0,16.0
726,363.0,238.167,42.833,932.833,16.0
727,362.833,238.0,42.667,932.667,16.0
728,362.667,237.833,42.5,932.5,16.0
729,362.5,237.667,42.333,932.333,16.0
730,362.333,237.5,42.167,932.167,16.0
731,362.167,237.333,42.0,932.0,16.0
732,362.0,237.167,41.833,931.833,16.0
733,361.833,237.0,41.667,931.667,16.0
734,361.667,236.833,41.5,931.5,16.0
735,361.5,236.667,41.333,931.333,16.0
736,361.333,236.5,41.167,931.167,16.0
737,361.167,236.333,41.0,931.0,16.0
738,361.0,236.167,40.833,930.833,16.0
739,360.833,236.0,40.667,930.667,16.0
740,360.667,235.833,40.5,930.5,16.0
741,360.5,235.667,40.333,930.333,16.0
742,360.333,235.5,40.167,930.167,16.0
743,360.167,235.333,40.0,930.0,16.0
744,360.0,235.167,39.833,929.833,16.0
745,359.833,235.0,39.667,929.667,16.0
746,359.667,234.833,39.5,929.5,16.0
747,359.5,234.667,39.333,929.333,16.0
748,359.333,234.5,39.167,929.167,16.0
749,359.167,234.333,39.0,929.0,16.0
750,359.0,234.167,38.833,928.833,16.0
751,358.833,234.0,38.667,928.667,16.0
752,358.667,233.833,38.5,928.5,16.0
753,358.5,233.667,38.333,928.333,16.0
754,358.333,233.5,38.167,928.167,16.0
755,358.167,233.333,38.0,928.0,16.0
756,358.0,233.167,37.833,927.833,16.0
757,357.833,233.0,37.667,927.667,16.0
758,357.667,232.833,37.5,927.5,16.0
759,357.5,232.667,37.333,927.333,16.0
760,357.333,232.5,37.167,927.167,16.0
761,357.167,232.333,37.0,927.0,16.0
762,357.0,232.167,36.833,926.833,16.0
763,356.833,232.0,36.667,926.667,16.0
764,356.667,231.833,36.5,926.5,16.0
765,356.5,231.667,36.333,926.333,16.0
766,356.333,231.5,36.167,926.167,16.0
767,356.167,231.333,36.0,926.0,16.0
768,356.0,231.167,35.833,925.833,16.0
769,355.833,231.0,35.667,925.667,16.0
770,355.667,230.833,35.5,925.5,16.0
771,355.5,230.667,35.333,925.333,16.0
772,355.333,230.5,35.167,925.167,16.0
773,355.167,230.333,35.0,925.0,16.0
774,355.0,230.167,34.833,924.833,16.0
775,354.833,230.0,34.667,924.667,16.0
776,354.667,229.833,34.5,924.5,16.0
777,354.5,229.667,34.333,924.333,16.0
778,354.333,229.5,34.167,924.167,16.0
779,354.167,229.333,34.0,924.0,16.0
780,354.0,229.167,33.833,923.833,16.0
781,353.833,229.0,33.667,923.667,16.0
782,353.667,228.833,33.5,923.5,16.0
783,353.5,228.667,33.333,923.333,16.0
784,353.333,228.5,33.167,923.167,16.0
785,353.167,228.333,33.0,923.0,16.0
786,353.0,228.167,32.833,922.833,16.0
787,352.833,228.0,32.667,922.667,16.0
788,352.667,227.833,32.5,922.5,16.0
789,352.5,227.667,32.333,922.333,16.0
790,352.333,227.5,32.167,922.167,16.0
791,352.167,227.333,32.0,922.0,16.0
792,352.0,227.167,31.833,921.833,16.0
793,351.833,227.0,31.667,921.667,16.0
794,351.667,226.833,31.5,921.5,16.0
795,351.5,226.667,31.333,921.333,16.0
796,351.333,226.5,31.167,921.167,16.0
797,351.167,226.333,31.0,921.0,16.0
798,351.0,226.167,30.833,920.833,16.0
799,350.833,226.0,30.667,920.667,16.0
800,350.667,225.833,30.5,920.5,16.0
801,350.5,225.667,30.333,920.333,16.0
802,350.333,225.5,30.167,920.167,16.0
803,350.167,225.333,30.0,920.0,16.0
804,350.0,225.167,29.833,919.833,16.0
805,349.833,225.0,29.667,919.667,16.0
806,349.667,224.833,29.5,919.5,16.0
807,349.5,224.667,29.333,919.333,16.0
808,349.333,224.5,29.167,919.167,16.0
809,349.167,224.333,29.0,919.0,16.0
810,349.0,224.167,28.833,918.833,16.0
811,348.833,224.0,28.667,918.667,16.0
812,348.667,223.833,28.5,918.5,16.0
813,348.5,223.667,28.333,918.333,16.0
814,348.333,223.5,28.167,918.167,16.0
815,348.167,223.333,28.0,918.0,16.0
816,348.0,223.167,27.833,917.833,16.0
817,347.833,223.0,27.667,917.667,16.0
818,347.667,222.833,27.5,917.5,16.0
819,347.5,222.667,27.333,917.333,16.0
820,347.333,222.5,27.167,917.167,16.0
821,347.167,222.333,27.0,917.0,16.0
822,347.0,222.167,26.833,916.833,16.0
823,346.833,222.0,26.667,916.667,16.0
824,346.667,221.833,26.5,916.5,16.0
825,346.5,221.667,26.333,916.333,16.0
826,346.333,221.5,26.167,916.167,16.0
827,346.167,221.333,26.0,916.0,16.0
828,346.0,221.167,25.833,915.833,16.0
829,345.833,221.0,25.667,915.667,16.0
830,345.667,220.833,25.5,915.5,16.0
831,345.5,220.667,25.333,915.333,16.0
832,345.333,220.5,25.167,915.167,16.0
833,345.167,220.333,25.0,915.0,16.0
834,345.0,220.167,24.833,914.833,16.0
835,344.833,220.0,24.667,914.667,16.0
836,344.667,219.833,24.5,914.5,16.0
837,344.5,219.667,24.333,914.333,16.0
838,344.333,219.5,24.167,914.167,16.0
839,344.167,219.333,24.0,914.0,16.0
840,344.0,219.167,23.833,913.833,16.0
841,343.833,219.0,23.667,913.667,16.0
842,343.667,218.833,23.5,913.5,16.0
843,343.5,218.667,23.333,913.333,16.0
844,343.333,218.5,23.167,913.167,16.0
845,343.167,218.333,23.0,913.0,16.0
846,343.0,218.167,22.833,912.833,16.0
847,342.833,218.0,22.667,912.667,16.0
848,342.667,217.833,22.5,912.5,16.0
849,342.5,217.667,22.333,912.333,16.0
850,342.333,217.5,22.167,912.167,16.0
851,342.167,217.333,22.0,912.0,16.0
852,342.0,217.167,21.833,911.833,16.0
853,341.833,217.0,21.667,911.667,16.0
854,341.667,216.833,21.5,911.5,16.0
855,341.5,216.667,21.333,911.333,16.0
856,341.333,216.5,21.167,911.167,16.0
857,341.167,216.333,21.0,911.0,16.0
858,341.0,216.167,20.833,910.833,16.0
859,340.833,216.0,20.667,910.667,16.0
860,340.667,215.833,20.5,910.5,16.0
861,340.5,215.667,20.333,910.333,16.0
862,340.333,215.5,20.167,910.167,16.0
863,340.167,215.333,20.0,910.0,16.0
864,340.0,215.167,19.833,909.833,16.0
865,339.833,215.0,19.667,909.667,16.0
866,339.667,214.833,19.5,909.5,16.0
867,339.5,214.667,19.333,909.333,16.0
868,339.333,214.5,19.167,909.167,16.0
869,339.167,214.333,19.0,909.0,16.0
870,339.0,214.167,18.833,908.833,16.0
871,338.833,214.0,18.667,908.667,16.0
872,338.667,213.833,18.5,908.5,16.0
873,338.5,213.667,18.333,908.333,16.0
874,338.333,213.5,18.167,908.167,16.0
875,338.167,213.333,18.0,908.0,16.0
876,338.0,213.167,17.833,907.833,16.0
877,337.833,213.0,17.667,907.667,16.0
878,337.667,212.833,17.5,907.5,16.0
879,337.5,212.667,17.333,907.333,16.0
880,337.333,212.5,17.167,907.167,16.0
881,337.167,212.333,17.0,907.0,16.0
882,337.0,212.167,16.833,906.833,16.0
883,336.833,212.0,16.667,906.667,16.0
884,336.667,211.833,16.5,906.5,16.0
885,336.5,211.667,16.333,906.333,16.0
886,336.333,211.5,16.167,906.167,16.0
887,336.167,211.333,16.0,906.0,16.0
888,336.0,211.167,15.833,905.833,16.0
889,335.833,211.0,15.667,905.667,16.0
890,335.667,210.833,15.5,905.5,16.0
891,335.5,210.667,15.333,905.333,16.0
892,335.333,210.5,15.167,905.167,16.0
893,335.167,210.333,15.0,905.0,16.0
894,335.0,210.167,14.833,904.833,16.0
895,334.833,210.0,14.667,904.667,16.0
896,334.667,209.833,14.5,904.5,16.0
897,334.5,209.667,14.333,904.333,16.0
898,334.333,209.5,14.167,904.167,16.0
899,334.167,209.333,14.0,904.0,16.0
900,334.0,209.167,13.833,903.833,16.0
901,333.833,209.0,13.667,903.667,16.0
902,333.667,208.833,13.5,903.5,16.0
903,333.5,208.667,13.333,903.333,16.0
904,333.333,208.5,13.167,903.167,16.0
905,333.167,208.333,13.0,903.0,16.0
906,333.0,208.167,12.833,902.833,16.0
907,332.833,208.0,12.667,902.667,16.0
908,332.667,207.833,12.5,902.5,16.0
909,332.5,207.667,12.333,902.333,16.0
910,332.333,207.5,12.167,902.167,16.0
911,332.167,207.333,12.0,902.0,16.0
912,332.0,207.167,11.833,901.833,16.0
913,331.833,207.0,11.667,901.667,16.0
914,331.667,206.833,11.5,901.5,16.0
915,331.5,206.667,11.333,901.333,16.0
916,331.333,206.5,11.167,901.167,16.0
917,331.167,206.333,11.0,901.0,16.0
918,331.0,206.167,10.833,900.833,16.0
919,330.833,206.0,10.667,900.667,16.0
920,330.667,205.833,10.5,900.5,16.0
921,330.5,205.667,10.333,900.333,16.0
922,330.333,205.5,10.167,900.167,16.0
923,330.167,205.333,10.0,900.0,16.0
924,330.0,205.167,9.833,899.833,16.0
925,329.833,205.0,9.667,899.667,16.0
926,329.667,204.833,9.5,899.5,16.0
927,329.5,204.667,9.333,899.333,16.0
928,329.333,204.5,9.167,899.167,16.0
929,329.167,204.333,9.0,899.0,16.0
930,329.0,204.167,8.833,898.833,16.0
931,328.833,204.0,8.667,898.667,16.0
932,328.667,203.833,8.5,898.5,16.0
933,328.5,203.667,8.333,898.333,16.0
934,328.333,203.5,8.167,898.167,16.0
935,328.167,203.333,8.0,898.0,16.0
936,328.0,203.167,7.833,897.833,16.0
937,327.833,203.0,7.667,897.667,16.0
938,327.667,202.833,7.5,897.5,16.0
939,327.5,202.667,7.333,897.333,16.0
940,327.333,202.5,7.167,897.167,16.0
941,327.167,202.333,7.0,897.0,16.0
942,327.0,202.167,6.833,896.833,16.0
943,326.833,202.0,6.667,896.667,16.0
944,326.667,201.833,6.5,896.5,16.0
945,326.5,201.667,6.333,896.333,16.0
946,326.333,201.5,6.167,896.167,16.0
947,326.167,201.333,6.0,896.0,16.0
948,326.0,201.167,5.833,895.833,16.0
949,325.833,201.0,5.667,895.667,16.0
950,325.667,200.833,5.5,895.5,16.0
951,325.5,200.667,5.333,895.333,16.0
952,325.333,200.5,5.167,895.167,16.0
953,325.167,200.333,5.0,895.0,16.0
954,325.0,200.167,4.833,894.833,16.0
955,324.833,200.0,4.667,894.667,16.0
956,324.667,199.833,4.5,894.5,16.0
957,324.5,199.667,4.333,894.333,16.0
958,324.333,199.5,4.167,894.167,16.0
959,324.167,199.333,4.0,894.0,16.0
960,324.0,199.167,3.833,893.833,16.0
961,323.833,199.0,3.667,893.667,16.0
962,323.667,198.833,3.5,893.5,16.0
963,323.5,198.667,3.333,893.333,16.0
964,323.333,198.5,3.167,893.167,16.0
965,323.167,198.333,3.0,893.0,16.0
966,323.0,198.167,2.833,892.833,16.0
967,322.833,198.0,2.667,892.667,16.0
968,322.667,197.833,2.5,892.5,16.0
969,322.5,197.667,2.333,892.333,16.0
970,322.333,197.5,2.167,892.167,16.0
971,322.167,197.333,2.0,892.0,16.0
972,322.0,197.167,1.833,891.833,16.0
973,321.833,197.0,1.667,891.667,16.0
974,321.667,196.833,1.5,891.5,16.0
975,321.5,196.667,1.333,891.333,16.0
976,321.333,196.5,1.167,891.167,16.0
977,321.167,196.333,1.0,891.0,16.0
978,321.0,196.167,0.833,890.833,16.0
979,320.833,196.0,0.667,890.667,16.0
980,320.667,195.833,0.5,890.5,16.0
981,320.5,195.667,0.333,890.333,16.0
982,320.333,195.5,0.167,890.167,16.0
983,320.167,195.333,0.0,890.0,16.0
984,426.722,195.167,195.167,889.833,12.0
985,426.556,195.0,195.0,889.667,12.0
986,426.389,194.833,194.833,889.5,12.0
987,426.222,194.667,194.667,889.333,12.0
988,426.056,194.5,194.5,889.167,12.0
989,425.889,194.333,194.333,889.0,12.0
990,425.722,194.167,194.167,888.833,12.0
991,425.556,194.0,194.0,888.667,12.0
992,425.389,193.833,193.833,888.5,12.0
993,425.222,193.667,193.667,888.333,12.0
994,425.056,193.5,193.5,888.167,12.0
995,424.889,193.333,193.333,888.0,12.0
996,424.722,193.167,193.167,887.833,12.0
997,424.556,193.0,193.0,887.667,12.0
998,424.389,192.833,192.833,887.5,12.0
999,424.222,192.667,192.667,887.333,12.0
1000,424.056,192.5,192.5,887.167,12.0
1001,423.889,192.333,192.333,887.0,12.0
1002,423.722,192.167,192.167,886.833,12.0
1003,423.556,192.0,192.0,886.667,12.0
1004,423.389,191.833,191.833,886.5,12.0
1005,423.222,191.667,191.667,886.333,12.0
1006,423.056,191.5,191.5,886.167,12.0
1007,422.889,191.333,191.333,886.0,12.0
1008,422.722,191.167,191.167,885.833,12.0
1009,422.556,191.0,191.0,885.667,12.0
1010,422.389,190.833,190.833,885.5,12.0
1011,422.222,190.667,190.667,885.333,12.0
1012,422.056,190.5,190.5,885.167,12.0
1013,421.889,190.333,190.333,885.0,12.0
1014,421.722,190.167,190.167,884.833,12.0
1015,421.556,190.0,190.0,884.667,12.0
1016,421.389,189.833,189.833,884.5,12.0
1017,421.222,189.667,189.667,884.333,12.0
1018,421.056,189.5,189.5,884.167,12.0
1019,420.889,189.333,189.333,884.0,12.0
1020,420.722,189.167,189.167,883.833,12.0
1021,420.556,189.0,189.0,883.667,12.0
1022,420.389,188.833,188.833,883.5,12.0
1023,420.222,188.667,188.667,883.333,12.0
1024,420.056,188.5,188.5,883.167,12.0
1025,419.889,188.333,188.333,883.0,12.0
1026,419.722,188.167,188.167,882.833,12.0
1027,419.556,188.0,188.0,882.667,12.0
1028,419.389,187.833,187.833,882.5,12.0
1029,419.222,187.667,187.667,882.333,12.0
1030,419.056,187.5,187.5,882.167,12.0
1031,418.889,187.333,187.333,882.0,12.0
1032,418.722,187.167,187.167,881.833,12.0
1033,418.556,187.0,187.0,881.667,12.0
1034,418.389,186.833,186.833,881.5,12.0
1035,418.222,186.667,186.667,881.333,12.0
1036,418.056,186.5,186.5,881.167,12.0
1037,417.889,186.333,186.333,881.0,12.0
1038,417.722,186.167,186.167,880.833,12.0
1039,417.556,186.0,186.0,880.667,12.0
1040,417.389,185.833,185.833,880.5,12.0
1041,417.222,185.667,185.667,880.333,12.0
1042,417.056,185.5,185.5,880.167,12.0
1043,416.889,185.333,185.333,880.0,12.0
1044,416.722,185.167,185.167,879.833,12.0
1045,416.556,185.0,185.0,879.667,12.0
1046,416.389,184.833,184.833,879.5,12.0
1047,416.222,184.667,184.667,879.333,12.0
1048,416.056,184.5,184.5,879.167,12.0
1049,415.889,184.333,184.333,879.0,12.0
1050,415.722,184.167,184.167,878.833,12.0
1051,415.556,184.0,184.0,878.667,12.0
1052,415.389,183.833,183.833,878.5,12.0
1053,415.222,183.667,183.667,878.333,12.0
1054,415.056,183.5,183.5,878.167,12.0
1055,414.889,183.333,183.333,878.0,12.0
1056,414.722,183.167,183.167,877.833,12.0
1057,414.556,183.0,183.0,877.667,12.0
1058,414.389,182.833,182.833,877.5,12.0
1059,414.222,182.667,182.667,877.333,12.0
1060,414.056,182.5,182.5,877.167,12.0
1061,413.889,182.333,182.333,877.0,12.0
1062,413.722,182.167,182.167,876.833,12.0
1063,413.556,182.0,182.0,876.667,12.0
1064,413.389,181.833,181.833,876.5,12.0
1065,413.222,181.667,181.667,876.333,12.0
1066,413.056,181.5,181.5,876.167,12.0
1067,412.889,181.333,181.333,876.0,12.0
1068,412.722,181.167,181.167,875.833,12.0
1069,412.556,181.0,181.0,875.667,12.0
1070,412.389,180.833,180.833,875.5,12.0
1071,412.222,180.667,180.667,875.333,12.0
1072,412.056,180.5,180.5,875.167,12.0
1073,411.889,180.333,180.333,875.0,12.0
1074,411.722,180.167,180.167,874.833,12.0
1075,411.556,180.0,180.0,874.667,12.0
1076,411.389,179.833,179.833,874.5,12.0
1077,411.222,179.667,179.667,874.333,12.0
1078,411.056,179.5,179.5,874.167,12.0
1079,410.889,179.333,179.333,874.0,12.0
1080,410.722,179.167,179.167,873.833,12.0
1081,410.556,179.0,179.0,873.667,12.0
1082,410.389,178.833,178.833,873.5,12.0
1083,410.222,178.667,178.667,873.333,12.0
1084,410.056,178.5,178.5,873.167,12.0
1085,409.889,178.333,178.333,873.0,12.0
1086,409.722,178.167,178.167,872.833,12.0
1087,409.556,178.0,178.0,872.667,12.0
1088,409.389,177.833,177.833,872.5,12.0
1089,409.222,177.667,177.667,872.333,12.0
1090,409.056,177.5,177.5,872.167,12.0
1091,408.889,177.333,177.333,872.0,12.0
1092,408.722,177.167,177.167,871.833,12.0
1093,408.556,177.0,177.0,871.667,12.0
1094,408.389,176.833,176.833,871.5,12.0
1095,408.222,176.667,176.667,871.333,12.0
1096,408.056,176.5,176.5,871.167,12.0
1097,407.889,176.333,176.333,871.0,12.0
1098,407.722,176.167,176.167,870.833,12.0
1099,407.556,176.0,176.0,870.667,12.0
1100,407.389,175.833,175.833,870.5,12.0
1101,407.222,175.667,175.667,870.333,12.0
1102,407.056,175.5,175.5,870.167,12.0
1103,406.889,175.333,175.333,870.0,12.0
1104,406.722,175.167,175.167,869.833,12.0
1105,406.556,175.0,175.0,869.667,12.0
1106,406.389,174.833,174.833,869.5,12.0
1107,406.222,174.667,174.667,869.333,12.0
1108,406.056,174.5,174.5,869.167,12.0
1109,405.889,174.333,174.333,869.0,12.0
1110,405.722,174.167,174.167,868.833,12.0
1111,405.556,174.0,174.0,868.667,12.0
1112,405.389,173.833,173.833,868.5,12.0
1113,405.222,173.667,173.667,868.333,12.0
1114,405.056,173.5,173.5,868.167,12.0
1115,404.889,173.333,173.333,868.0,12.0
1116,404.722,173.167,173.167,867.833,12.0
1117,404.556,173.0,173.0,867.667,12.0
1118,404.389,172.833,172.833,867.5,12.0
1119,404.222,172.667,172.667,867.333,12.0
1120,404.056,172.5,172.5,867.167,12.0
1121,403.889,172.333,172.333,867.0,12.0
1122,403.722,172.167,172.167,866.833,12.0
1123,403.556,172.0,172.0,866.667,12.0
1124,403.389,171.833,171.833,866.5,12.0
1125,403.222,171.667,171.667,866.333,12.0
1126,403.056,171.5,171.5,866.167,12.0
1127,402.889,171.333,171.333,866.0,12.0
1128,402.722,171.167,171.167,865.833,12.0
1129,402.556,171.0,171.0,865.667,12.0
1130,402.389,170.833,170.833,865.5,12.0
1131,402.222,170.667,170.667,865.333,12.0
1132,402.056,170.5,170.5,865.167,12.0
1133,401.889,170.333,170.333,865.0,12.0
1134,401.722,170.167,170.167,864.833,12.0
1135,401.556,170.0,170.0,864.667,12.0
1136,401.389,169.833,169.833,864.5,12.0
1137,401.222,169.667,169.667,864.333,12.0
1138,401.056,169.5,169.5,864.167,12.0
1139,400.889,169.333,169.333,864.0,12.0
1140,400.722,169.167,169.167,863.833,12.0
1141,400.556,169.0,169.0,863.667,12.0
1142,400.389,168.833,168.833,863.5,12.0
1143,400.222,168.667,168.667,863.333,12.0
1144,400.056,168.5,168.5,863.167,12.0
1145,399.889,168.333,168.333,863.0,12.0
1146,399.722,168.167,168.167,862.833,12.0
1147,399.556,168.0,168.0,862.667,12.0
1148,399.389,167.833,167.833,862.5,12.0
1149,399.222,167.667,167.667,862.333,12.0
1150,399.056,167.5,167.5,862.167,12.0
1151,398.889,167.333,167.333,862.0,12.0
1152,398.722,167.167,167.167,861.833,12.0
1153,398.556,167.0,167.0,861.667,12.0
1154,398.389,166.833,166.833,861.5,12.0
1155,398.222,166.667,166.667,861.333,12.0
1156,398.056,166.5,166.5,861.167,12.0
1157,397.889,166.333,166.333,861.0,12.0
1158,397.722,166.167,166.167,860.833,12.0
1159,397.556,166.0,166.0,860.667,12.0
1160,397.389,165.833,165.833,860.5,12.0
1161,397.222,165.667,165.667,860.333,12.0
1162,397.056,165.5,165.5,860.167,12.0
1163,396.889,165.333,165.333,860.0,12.0
1164,396.722,165.167,165.167,859.833,12.0
1165,396.556,165.0,165.0,859.667,12.0
1166,396.389,164.833,164.833,859.5,12.0
1167,396.222,164.667,164.667,859.333,12.0
1168,396.056,164.5,164.5,859.167,12.0
1169,395.889,164.333,164.333,859.0,12.0
1170,395.722,164.167,164.167,858.833,12.0
1171,395.556,164.0,164.0,858.667,12.0
1172,395.389,163.833,163.833,858.5,12.0
1173,395.222,163.667,163.667,858.333,12.0
1174,395.056,163.5,163.5,858.167,12.0
1175,394.889,163.333,163.333,858.0,12.0
1176,394.722,163.167,163.167,857.833,12.0
1177,394.556,163.0,163.0,857.667,12.0
1178,394.389,162.833,162.833,857.5,12.0
1179,394.222,162.667,162.667,857.333,12.0
1180,394.056,162.5,162.5,857.167,12.0
1181,393.889,162.333,162.333,857.0,12.0
1182,393.722,162.167,162.167,856.833,12.0
1183,393.556,162.0,162.0,856.667,12.0
1184,393.389,161.833,161.833,856.5,12.0
1185,393.222,161.667,161.667,856.333,12.0
1186,393.056,161.5,161.5,856.167,12.0
1187,392.889,161.333,161.333,856.0,12.0
1188,392.722,161.167,161.167,855.833,12.0
1189,392.556,161.0,161.0,855.667,12.0
1190,392.389,160.833,160.833,855.5,12.0
1191,392.222,160.667,160.667,855.333,12.0
1192,392.056,160.5,160.5,855.167,12.0
1193,391.889,160.333,160.333,855.0,12.0
1194,391.722,160.167,160.167,854.833,12.0
1195,391.556,160.0,160.0,854.667,12.0
1196,391.389,159.833,159.833,854.5,12.0
1197,391.222,159.667,159.667,854.333,12.0
1198,391.056,159.5,159.5,854.167,12.0
1199,390.889,159.333,159.333,854.0,12.0
1200,390.722,159.167,159.167,853.833,12.0
1201,390.556,159.0,159.0,853.667,12.0
1202,390.389,158.833,158.833,853.5,12.0
1203,390.222,158.667,158.667,853.333,12.0
1204,390.056,158.5,158.5,853.167,12.0
1205,389.889,158.333,158.333,853.0,12.0
1206,389.722,158.167,158.167,852.833,12.0
1207,389.556,158.0,158.0,852.667,12.0
1208,389.389,157.833,157.833,852.5,12.0
1209,389.222,157.667,157.667,852.333,12.0
1210,389.056,157.5,157.5,852.167,12.0
1211,388.889,157.333,157.333,852.0,12.0
1212,388.722,157.167,157.167,851.833,12.0
1213,388.556,157.0,157.0,851.667,12.0
1214,388.389,156.833,156.833,851.5,12.0
1215,388.222,156.667,156.667,851.333,12.0
1216,388.056,156.5,156.5,851.167,12.0
1217,387.889,156.333,156.333,851.0,12.0
1218,387.722,156.167,156.167,850.833,12.0
1219,387.556,156.0,156.0,850.667,12.0
1220,387.389,155.833,155.833,850.5,12.0
1221,387.222,155.667,155.667,850.333,12.0
1222,387.056,155.5,155.5,850.167,12.0
1223,386.889,155.333,155.333,850.0,12.0
1224,386.722,155.167,155.167,849.833,12.0
1225,386.556,155.0,155.0,849.667,12.0
1226,386.389,154.833,154.833,849.5,12.0
1227,386.222,154.667,154.667,849.333,12.0
1228,386.056,154.5,154.5,849.167,12.0
1229,385.889,154.333,154.333,849.0,12.0
1230,385.722,154.167,154.167,848.833,12.0
1231,385.556,154.0,154.0,848.667,12.0
1232,385.389,153.833,153.833,848.5,12.0
1233,385.222,153.667,153.667,848.333,12.0
1234,385.056,153.5,153.5,848.167,12.0
1235,384.889,153.333,153.333,848.0,12.0
1236,384.722,153.167,153.167,847.833,12.0
1237,384.556,153.0,153.0,847.667,12.0
1238,384.389,152.833,152.833,847.5,12.0
1239,384.222,152.667,152.667,847.333,12.0
1240,384.056,152.5,152.5,847.167,12.0
1241,383.889,152.333,152.333,847.0,12.0
1242,383.722,152.167,152.167,846.833,12.0
1243,383.556,152.0,152.0,846.667,12.0
1244,383.389,151.833,151.833,846.5,12.0
1245,383.222,151.667,151.667,846.333,12.0
1246,383.056,151.5,151.5,846.167,12.0
1247,382.889,151.333,151.333,846.0,12.0
1248,382.722,151.167,151.167,845.833,12.0
1249,382.556,151.0,151.0,845.667,12.0
1250,382.389,150.833,150.833,845.5,12.0
1251,382.222,150.667,150.667,845.333,12.0
1252,382.056,150.5,150.5,845.167,12.0
1253,381.889,150.333,150.333,845.0,12.0
1254,381.722,150.167,150.167,844.833,12.0
1255,381.556,150.0,150.0,844.667,12.0
1256,381.389,149.833,149.833,844.5,12.0
1257,381.222,149.667,149.667,844.333,12.0
1258,381.056,149.5,149.5,844.167,12.0
1259,380.889,149.333,149.333,844.0,12.0
1260,380.722,149.167,149.167,843.833,12.0
1261,380.556,149.0,149.0,843.667,12.0
1262,380.389,148.833,148.833,843.5,12.0
1263,380.222,148.667,148.667,843.333,12.0
1264,380.056,148.5,148.5,843.167,12.0
1265,379.889,148.333,148.333,843.0,12.0
1266,379.722,148.167,148.167,842.833,12.0
1267,379.556,148.0,148.0,842.667,12.0
1268,379.389,147.833,147.833,842.5,12.0
1269,379.222,147.667,147.667,842.333,12.0
1270,379.056,147.5,147.5,842.167,12.0
1271,378.889,147.333,147.333,842.0,12.0
1272,378.722,147.167,147.167,841.833,12.0
1273,378.556,147.0,147.0,841.667,12.0
1274,378.389,146.833,146.833,841.5,12.0
1275,378.222,146.667,146.667,841.333,12.0
1276,378.056,146.5,146.5,841.167,12.0
1277,377.889,146.333,146.333,841.0,12.0
1278,377.722,146.167,146.167,840.833,12.0
1279,377.556,146.0,146.0,840.667,12.0
1280,377.389,145.833,145.833,840.5,12.0
1281,377.222,145.667,145.667,840.333,12.0
1282,377.056,145.5,145.5,840.167,12.0
1283,376.889,145.333,145.333,840.0,12.0
1284,376.722,145.167,145.167,839.833,12.0
1285,376.556,145.0,145.0,839.667,12.0
1286,376.389,144.833,144.833,839.5,12.0
1287,376.222,144.667,144.667,839.333,12.0
1288,376.056,144.5,144.5,839.167,12.0
1289,375.889,144.333,144.333,839.0,12.0
1290,375.722,144.167,144.167,838.833,12.0
1291,375.556,144.0,144.0,838.667,12.0
1292,375.389,143.833,143.833,838.5,12.0
1293,375.222,143.667,143.667,838.333,12.0
1294,375.056,143.5,143.5,838.167,12.0
1295,374.889,143.333,143.333,838.0,12.0
1296,374.722,143.167,143.167,837.833,12.0
1297,374.556,143.0,143.0,837.667,12.0
1298,374.389,142.833,142.833,837.5,12.0
1299,374.222,142.667,142.667,837.333,12.0
1300,374.056,142.5,142.5,837.167,12.0
1301,373.889,142.333,142.333,837.0,12.0
1302,373.722,142.167,142.167,836.833,12.0
1303,373.556,142.0,142.0,836.667,12.0
1304,373.389,141.833,141.833,836.5,12.0
1305,373.222,141.667,141.667,836.333,12.0
1306,373.056,141.5,141.5,836.167,12.0
1307,372.889,141.333,141.333,836.0,12.0
1308,372.722,141.167,141.167,835.833,12.0
1309,372.556,141.0,141.0,835.667,12.0
1310,372.389,140.833,140.833,835.5,12.0
1311,372.222,140.667,140.667,835.333,12.0
1312,372.056,140.5,140.5,835.167,12.0
1313,371.889,140.333,140.333,835.0,12.0
1314,371.722,140.167,140.167,834.833,12.0
1315,371.556,140.0,140.0,834.667,12.0
1316,371.389,139.833,139.833,834.5,12.0
1317,371.222,139.667,139.667,834.333,12.0
1318,371.056,139.5,139.5,834.167,12.0
1319,370.889,139.333,139.333,834.0,12.0
1320,370.722,139.167,139.167,833.833,12.0
1321,370.556,139.0,139.0,833.667,12.0
1322,370.389,138.833,138.833,833.5,12.0
1323,370.222,138.667,138.667,833.333,12.0
1324,370.056,138.5,138.5,833.167,12.0
1325,369.889,138.333,138.333,833.0,12.0
1326,369.722,138.167,138.167,832.833,12.0
1327,369.556,138.0,138.0,832.667,12.0
1328,369.389,137.833,137.833,832.5,12.0
1329,369.222,137.667,137.667,832.333,12.0
1330,369.056,137.5,137.5,832.167,12.0
1331,368.889,137.333,137.333,832.0,12.0
1332,368.722,137.167,137.167,831.833,12.0
1333,368.556,137.0,137.0,831.667,12.0
1334,368.389,136.833,136.833,831.5,12.0
1335,368.222,136.667,136.667,831.333,12.0
1336,368.056,136.5,136.5,831.167,12.0
1337,367.889,136.333,136.333,831.0,12.0
1338,367.722,136.167,136.167,830.833,12.0
1339,367.556,136.0,136.0,830.667,12.0
1340,367.389,135.833,135.833,830.5,12.0
1341,367.222,135.667,135.667,830.333,12.0
1342,367.056,135.5,135.5,830.167,12.0
1343,366.889,135.333,135.333,830.0,12.0
1344,366.722,135.167,135.167,829.833,12.0
1345,366.556,135.0,135.0,829.667,12.0
1346,366.389,134.833,134.833,829.5,12.0
1347,366.222,134.667,134.667,829.333,12.0
1348,366.056,134.5,134.5,829.167,12.0
1349,365.889,134.333,134.333,829.0,12.0
1350,365.722,134.167,134.167,828.833,12.0
1351,365.556,134.0,134.0,828.667,12.0
1352,365.389,133.833,133.833,828.5,12.0
1353,365.222,133.667,133.667,828.333,12.0
1354,365.056,133.5,133.5,828.167,12.0
1355,364.889,133.333,133.333,828.0,12.0
1356,364.722,133.167,133.167,827.833,12.0
1357,364.556,133.0,133.0,827.667,12.0
1358,364.389,132.833,132.833,827.5,12.0
1359,364.222,132.667,132.667,827.333,12.0
1360,364.056,132.5,132.5,827.167,12.0
1361,363.889,132.333,132.333,827.0,12.0
1362,363.722,132.167,132.167,826.833,12.0
1363,363.556,132.0,132.0,826.667,12.0
1364,363.389,131.833,131.833,826.5,12.0
1365,363.222,131.667,131.667,826.333,12.0
1366,363.056,131.5,131.5,826.167,12.0
1367,362.889,131.333,131.333,826.0,12.0
1368,362.722,131.167,131.167,825.833,12.0
1369,362.556,131.0,131.0,825.667,12.0
1370,362.389,130.833,130.833,825.5,12.0
1371,362.222,130.667,130.667,825.333,12.0
1372,362.056,130.5,130.5,825.167,12.0
1373,361.889,130.333,130.333,825.0,12.0
1374,361.722,130.167,130.167,824.833,12.0
1375,361.556,130.0,130.0,824.667,12.0
1376,361.389,129.833,129.833,824.5,12.0
1377,361.222,129.667,129.667,824.333,12.0
1378,361.056,129.5,129.5,824.167,12.0
1379,360.889,129.333,129.333,824.0,12.0
1380,360.722,129.167,129.167,823.833,12.0
1381,360.556,129.0,129.0,823.667,12.0
1382,360.389,128.833,128.833,823.5,12.0
1383,360.222,128.667,128.667,823.333,12.0
1384,360.056,128.5,128.5,823.167,12.0
1385,359.889,128.333,128.333,823.0,12.0
1386,359.722,128.167,128.167,822.833,12.0
1387,359.556,128.0,128.0,822.667,12.0
1388,359.389,127.833,127.833,822.5,12.0
1389,359.222,127.667,127.667,822.333,12.0
1390,359.056,127.5,127.5,822.167,12.0
1391,358.889,127.333,127.333,822.0,12.0
1392,358.722,127.167,127.167,821.833,12.0
1393,358.556,127.0,127.0,821.667,12.0
1394,358.389,126.833,126.833,821.5,12.0
1395,358.222,126.667,126.667,821.333,12.0
1396,358.056,126.5,126.5,821.167,12.0
1397,357.889,126.333,126.333,821.0,12.0
1398,357.722,126.167,126.167,820.833,12.0
1399,357.556,126.0,126.0,820.667,12.0
1400,357.389,125.833,125.833,820.5,12.0
1401,357.222,125.667,125.667,820.333,12.0
1402,357.056,125.5,125.5,820.167,12.0
1403,356.889,125.333,125.333,820.0,12.0
1404,356.722,125.167,125.167,819.833,12.0
1405,356.556,125.0,125.0,819.667,12.0
1406,356.389,124.833,124.833,819.5,12.0
1407,356.222,124.667,124.667,819.333,12.0
1408,356.056,124.5,124.5,819.167,12.0
1409,355.889,124.333,124.333,819.0,12.0
1410,355.722,124.167,124.167,818.833,12.0
1411,355.556,124.0,124.0,818.667,12.0
1412,355.389,123.833,123.833,818.5,12.0
1413,355.222,123.667,123.667,818.333,12.0
1414,355.056,123.5,123.5,818.167,12.0
1415,354.889,123.333,123.333,818.0,12.0
1416,354.722,123.167,123.167,817.833,12.0
1417,354.556,123.0,123.0,817.667,12.0
1418,354.389,122.833,122.833,817.5,12.0
1419,354.222,122.667,122.667,817.333,12.0
1420,354.056,122.5,122.5,817.167,12.0
1421,353.889,122.333,122.333,817.0,12.0
1422,353.722,122.167,122.167,816.833,12.0
1423,353.556,122.0,122.0,816.667,12.0
1424,353.389,121.833,121.833,816.5,12.0
1425,353.222,121.667,121.667,816.333,12.0
1426,353.056,121.5,121.5,816.167,12.0
1427,352.889,121.333,121.333,816.0,12.0
1428,352.722,121.167,121.167,815.833,12.0
1429,352.556,121.0,121.0,815.667,12.0
1430,352.389,120.833,120.833,815.5,12.0
1431,352.222,120.667,120.667,815.333,12.0
1432,352.056,120.5,120.5,815.167,12.0
1433,351.889,120.333,120.333,815.0,12.0
1434,351.722,120.167,120.167,814.833,12.0
1435,351.556,120.0,120.0,814.667,12.0
1436,351.389,119.833,119.833,814.5,12.0
1437,351.222,119.667,119.667,814.333,12.0
1438,351.056,119.5,119.5,814.167,12.0
1439,350.889,119.333,119.333,814.0,12.0
1440,350.722,119.167,119.167,813.833,12.0
1441,350.556,119.0,119.0,813.667,12.0
1442,350.389,118.833,118.833,813.5,12.0
1443,350.222,118.667,118.667,813.333,12.0
1444,350.056,118.5,118.5,813.167,12.0
1445,349.889,118.333,118.333,813.0,12.0
1446,349.722,118.167,118.167,812.833,12.0
1447,349.556,118.0,118.0,812.667,12.0
1448,349.389,117.833,117.833,812.5,12.0
1449,349.222,117.667,117.667,812.333,12.0
1450,349.056,117.5,117.5,812.167,12.0
1451,348.889,117.333,117.333,812.0,12.0
1452,348.722,117.167,117.167,811.833,12.0
1453,348.556,117.0,117.0,811.667,12.0
1454,348.389,116.833,116.833,811.5,12.0
1455,348.222,116.667,116.667,811.333,12.0
1456,348.056,116.5,116.5,811.167,12.0
1457,347.889,116.333,116.333,811.0,12.0
1458,347.722,116.167,116.167,810.833,12.0
1459,347.556,116.0,116.0,810.667,12.0
1460,347.389,115.833,115.833,810.5,12.0
1461,347.222,115.667,115.667,810.333,12.0
1462,347.056,115.5,115.5,810.167,12.0
1463,346.889,115.333,115.333,810.0,12.0
1464,346.722,115.167,115.167,809.833,12.0
1465,346.556,115.0,115.0,809.667,12.0
1466,346.389,114.833,114.833,809.5,12.0
1467,346.222,114.667,114.667,809.333,12.0
1468,346.056,114.5,114.5,809.167,12.0
1469,345.889,114.333,114.333,809.0,12.0
1470,345.722,114.167,114.167,808.833,12.0
1471,345.556,114.0,114.0,808.667,12.0
1472,345.389,113.833,113.833,808.5,12.0
1473,345.222,113.667,113.667,808.333,12.0
1474,345.056,113.5,113.5,808.167,12.0
1475,344.889,113.333,113.333,808.0,12.0
1476,344.722,113.167,113.167,807.833,12.0
1477,344.556,113.0,113.0,807.667,12.0
1478,344.389,112.833,112.833,807.5,12.0
1479,344.222,112.667,112.667,807.333,12.0
1480,344.056,112.5,112.5,807.167,12.0
1481,343.889,112.333,112.333,807.0,12.0
1482,343.722,112.167,112.167,806.833,12.0
1483,343.556,112.0,112.0,806.667,12.0
1484,343.389,111.833,111.833,806.5,12.0
1485,343.222,111.667,111.667,806.333,12.0
1486,343.056,111.5,111.5,806.167,12.0
1487,342.889,111.333,111.333,806.0,12.0
1488,342.722,111.167,111.167,805.833,12.0
1489,342.556,111.0,111.0,805.667,12.0
1490,342.389,110.833,110.833,805.5,12.0
1491,342.222,110.667,110.667,805.333,12.0
1492,342.056,110.5,110.5,805.167,12.0
1493,341.889,110.333,110.333,805.0,12.0
1494,341.722,110.167,110.167,804.833,12.0
1495,341.556,110.0,110.0,804.667,12.0
1496,341.389,109.833,109.833,804.5,12.0
1497,341.222,109.667,109.667,804.333,12.0
1498,341.056,109.5,109.5,804.167,12.0
1499,340.889,109.333,109.333,804.0,12.0
1500,340.722,109.167,109.167,803.833,12.0
1501,340.556,109.0,109.0,803.667,12.0
1502,340.389,108.833,108.833,803.5,12.0
1503,340.222,108.667,108.667,803.333,12.0
1504,340.056,108.5,108.5,803.167,12.0
1505,339.889,108.333,108.333,803.0,12.0
1506,339.722,108.167,108.167,802.833,12.0
1507,339.556,108.0,108.0,802.667,12.0
1508,339.389,107.833,107.833,802.5,12.0
1509,339.222,107.667,107.667,802.333,12.0
1510,339.056,107.5,107.5,802.167,12.0
1511,338.889,107.333,107.333,802.0,12.0
1512,338.722,107.167,107.167,801.833,12.0
1513,338.556,107.0,107.0,801.667,12.0
1514,338.389,106.833,106.833,801.5,12.0
1515,338.222,106.667,106.667,801.333,12.0
1516,338.056,106.5,106.5,801.167,12.0
1517,337.889,106.333,106.333,801.0,12.0
1518,337.722,106.167,106.167,800.833,12.0
1519,337.556,106.0,106.0,800.667,12.0
1520,337.389,105.833,105.833,800.5,12.0
1521,337.222,105.667,105.667,800.333,12.0
1522,337.056,105.5,105.5,800.167,12.0
1523,336.889,105.333,105.333,800.0,12.0
1524,336.722,105.167,105.167,799.833,12.0
1525,336.556,105.0,105.0,799.667,12.0
1526,336.389,104.833,104.833,799.5,12.0
1527,336.222,104.667,104.667,799.333,12.0
1528,336.056,104.5,104.5,799.167,12.0
1529,335.889,104.333,104.333,799.0,12.0
1530,335.722,104.167,104.167,798.833,12.0
1531,335.556,104.0,104.0,798.667,12.0
1532,335.389,103.833,103.833,798.5,12.0
1533,335.222,103.667,103.667,798.333,12.0
1534,335.056,103.5,103.5,798.167,12.0
1535,334.889,103.333,103.333,798.0,12.0
1536,334.722,103.167,103.167,797.833,12.0
1537,334.556,103.0,103.0,797.667,12.0
1538,334.389,102.833,102.833,797.5,12.0
1539,334.222,102.667,102.667,797.333,12.0
1540,334.056,102.5,102.5,797.167,12.0
1541,333.889,102.333,102.333,797.0,12.0
1542,333.722,102.167,102.167,796.833,12.0
1543,333.556,102.0,102.0,796.667,12.0
1544,333.389,101.833,101.833,796.5,12.0
1545,333.222,101.667,101.667,796.333,12.0
1546,333.056,101.5,101.5,796.167,12.0
1547,332.889,101.333,101.333,796.0,12.0
1548,332.722,101.167,101.167,795.833,12.0
1549,332.556,101.0,101.0,795.667,12.0
1550,332.389,100.833,100.833,795.5,12.0
1551,332.222,100.667,100.667,795.333,12.0
1552,332.056,100.5,100.5,795.167,12.0
1553,331.889,100.333,100.333,795.0,12.0
1554,331.722,100.167,100.167,794.833,12.0
1555,331.556,100.0,100.0,794.667,12.0
1556,331.389,99.833,99.833,794.5,12.0
1557,331.222,99.667,99.667,794.333,12.0
1558,331.056,99.5,99.5,794.167,12.0
1559,330.889,99.333,99.333,794.0,12.0
1560,330.722,99.167,99.167,793.833,12.0
1561,330.556,99.0,99.0,793.667,12.0
1562,330.389,98.833,98.833,793.5,12.0
1563,330.222,98.667,98.667,793.333,12.0
1564,330.056,98.5,98.5,793.167,12.0
1565,329.889,98.333,98.333,793.0,12.0
1566,329.722,98.167,98.167,792.833,12.0
1567,329.556,98.0,98.0,792.667,12.0
1568,329.389,97.833,97.833,792.5,12.0
1569,329.222,97.667,97.667,792.333,12.0
1570,329.056,97.5,97.5,792.167,12.0
1571,328.889,97.333,97.333,792.0,12.0
1572,328.722,97.167,97.167,791.833,12.0
1573,328.556,97.0,97.0,791.667,12.0
1574,328.389,96.833,96.833,791.5,12.0
1575,328.222,96.667,96.667,791.333,12.0
1576,328.056,96.5,96.5,791.167,12.0
1577,327.889,96.333,96.333,791.0,12.0
1578,327.722,96.167,96.167,790.833,12.0
1579,327.556,96.0,96.0,790.667,12.0
1580,327.389,95.833,95.833,790.5,12.0
1581,327.222,95.667,95.667,790.333,12.0
1582,327.056,95.5,95.5,790.167,12.0
1583,326.889,95.333,95.333,790.0,12.0
1584,326.722,95.167,95.167,789.833,12.0
1585,326.556,95.0,95.0,789.667,12.0
1586,326.389,94.833,94.833,789.5,12.0
1587,326.222,94.667,94.667,789.333,12.0
1588,326.056,94.5,94.5,789.167,12.0
1589,325.889,94.333,94.333,789.0,12.0
1590,325.722,94.167,94.167,788.833,12.0
1591,325.556,94.0,94.0,788.667,12.0
1592,325.389,93.833,93.833,788.5,12.0
1593,325.222,93.667,93.667,788.333,12.0
1594,325.056,93.5,93.5,788.167,12.0
1595,324.889,93.333,93.333,788.0,12.0
1596,324.722,93.167,93.167,787.833,12.0
1597,324.556,93.0,93.0,787.667,12.0
1598,324.389,92.833,92.833,787.5,12.0
1599,324.222,92.667,92.667,787.333,12.0
1600,324.056,92.5,92.5,787.167,12.0
1601,323.889,92.333,92.333,787.0,12.0
1602,323.722,92.167,92.167,786.833,12.0
1603,323.556,92.0,92.0,786.667,12.0
1604,323.389,91.833,91.833,786.5,12.0
1605,323.222,91.667,91.667,786.333,12.0
1606,323.056,91.5,91.5,786.167,12.0
1607,322.889,91.333,91.333,786.0,12.0
1608,322.722,91.167,91.167,785.833,12.0
1609,322.556,91.0,91.0,785.667,12.0
1610,322.389,90.833,90.833,785.5,12.0
1611,322.222,90.667,90.667,785.333,12.0
1612,322.056,90.5,90.5,785.167,12.0
1613,321.889,90.333,90.333,785.0,12.0
1614,321.722,90.167,90.167,784.833,12.0
1615,321.556,90.0,90.0,784.667,12.0
1616,321.389,89.833,89.833,784.5,12.0
1617,321.222,89.667,89.667,784.333,12.0
1618,321.056,89.5,89.5,784.167,12.0
1619,320.889,89.333,89.333,784.0,12.0
1620,320.722,89.167,89.167,783.833,12.0
1621,320.556,89.0,89.0,783.667,12.0
1622,320.389,88.833,88.833,783.5,12.0
1623,320.222,88.667,88.667,783.333,12.0
1624,320.056,88.5,88.5,783.167,12.0
1625,319.889,88.333,88.333,783.0,12.0
1626,319.722,88.167,88.167,782.833,12.0
1627,319.556,88.0,88.0,782.667,12.0
1628,319.389,87.833,87.833,782.5,12.0
1629,319.222,87.667,87.667,782.333,12.0
1630,319.056,87.5,87.5,782.167,12.0
1631,318.889,87.333,87.333,782.0,12.0
1632,318.722,87.167,87.167,781.833,12.0
1633,318.556,87.0,87.0,781.667,12.0
1634,318.389,86.833,86.833,781.5,12.0
1635,318.222,86.667,86.667,781.333,12.0
1636,318.056,86.5,86.5,781.167,12.0
1637,317.889,86.333,86.333,781.0,12.0
1638,317.722,86.167,86.167,780.833,12.0
1639,317.556,86.0,86.0,780.667,12.0
1640,317.389,85.833,85.833,780.5,12.0
1641,317.222,85.667,85.667,780.333,12.0
1642,317.056,85.5,85.5,780.167,12.0
1643,316.889,85.333,85.333,780.0,12.0
1644,316.722,85.167,85.167,779.833,12.0
1645,316.556,85.0,85.0,779.667,12.0
1646,316.389,84.833,84.833,779.5,12.0
1647,316.222,84.667,84.667,779.333,12.0
1648,316.056,84.5,84.5,779.167,12.0
1649,315.889,84.333,84.333,779.0,12.0
1650,315.722,84.167,84.167,778.833,12.0
1651,315.556,84.0,84.0,778.667,12.0
1652,315.389,83.833,83.833,778.5,12.0
1653,315.222,83.667,83.667,778.333,12.0
1654,315.056,83.5,83.5,778.167,12.0
1655,314.889,83.333,83.333,778.0,12.0
1656,314.722,83.167,83.167,777.833,12.0
1657,314.556,83.0,83.0,777.667,12.0
1658,314.389,82.833,82.833,777.5,12.0
1659,314.222,82.667,82.667,777.333,12.0
1660,314.056,82.5,82.5,777.167,12.0
1661,313.889,82.333,82.333,777.0,12.0
1662,313.722,82.167,82.167,776.833,12.0
1663,313.556,82.0,82.0,776.667,12.0
1664,313.389,81.833,81.833,776.5,12.0
1665,313.222,81.667,81.667,776.333,12.0
1666,313.056,81.5,81.5,776.167,12.0
1667,312.889,81.333,81.333,776.0,12.0
1668,312.722,81.167,81.167,775.833,12.0
1669,312.556,81.0,81.0,775.667,12.0
1670,312.389,80.833,80.833,775.5,12.0
1671,312.222,80.667,80.667,775.333,12.0
1672,312.056,80.5,80.5,775.167,12.0
1673,311.889,80.333,80.333,775.0,12.0
1674,311.722,80.167,80.167,774.833,12.0
1675,311.556,80.0,80.0,774.667,12.0
1676,311.389,79.833,79.833,774.5,12.0
1677,311.222,79.667,79.667,774.333,12.0
1678,311.056,79.5,79.5,774.167,12.0
1679,310.889,79.333,79.333,774.0,12.0
1680,310.722,79.167,79.167,773.833,12.0
1681,310.556,79.0,79.0,773.667,12.0
1682,310.389,78.833,78.833,773.5,12.0
1683,310.222,78.667,78.667,773.333,12.0
1684,310.056,78.5,78.5,773.167,12.0
1685,309.889,78.333,78.333,773.0,12.0
1686,309.722,78.167,78.167,772.833,12.0
1687,309.556,78.0,78.0,772.667,12.0
1688,309.389,77.833,77.833,772.5,12.0
1689,309.222,77.667,77.667,772.333,12.0
1690,309.056,77.5,77.5,772.167,12.0
1691,308.889,77.333,77.333,772.0,12.0
1692,308.722,77.167,77.167,771.833,12.0
1693,308.556,77.0,77.0,771.667,12.0
1694,308.389,76.833,76.833,771.5,12.0
1695,308.222,76.667,76.667,771.333,12.0
1696,308.056,76.5,76.5,771.167,12.0
1697,307.889,76.333,76.333,771.0,12.0
1698,307.722,76.167,76.167,770.833,12.0
1699,307.556,76.0,76.0,770.667,12.0
1700,307.389,75.833,75.833,770.5,12.0
1701,307.222,75.667,75.667,770.333,12.0
1702,307.056,75.5,75.5,770.167,12.0
1703,306.889,75.333,75.333,770.0,12.0
1704,306.722,75.167,75.167,769.833,12.0
1705,306.556,75.0,75.0,769.667,12.0
1706,306.389,74.833,74.833,769.5,12.0
1707,306.222,74.667,74.667,769.333,12.0
1708,306.056,74.5,74.5,769.167,12.0
1709,305.889,74.333,74.333,769.0,12.0
1710,305.722,74.167,74.167,768.833,12.0
1711,305.556,74.0,74.0,768.667,12.0
1712,305.389,73.833,73.833,768.5,12.0
1713,305.222,73.667,73.667,768.333,12.0
1714,305.056,73.5,73.5,768.167,12.0
1715,304.889,73.333,73.333,768.0,12.0
1716,304.722,73.167,73.167,767.833,12.0
1717,304.556,73.0,73.0,767.667,12.0
1718,304.389,72.833,72.833,767.5,12.0
1719,304.222,72.667,72.667,767.333,12.0
1720,304.056,72.5,72.5,767.167,12.0
1721,303.889,72.333,72.333,767.0,12.0
1722,303.722,72.167,72.167,766.833,12.0
1723,303.556,72.0,72.0,766.667,12.0
1724,303.389,71.833,71.833,766.5,12.0
1725,303.222,71.667,71.667,766.333,12.0
1726,303.056,71.5,71.5,766.167,12.0
1727,302.889,71.333,71.333,766.0,12.0
1728,302.722,71.167,71.167,765.833,12.0
1729,302.556,71.0,71.0,765.667,12.0
1730,302.389,70.833,70.833,765.5,12.0
1731,302.222,70.667,70.667,765.333,12.0
1732,302.056,70.5,70.5,765.167,12.0
1733,301.889,70.333,70.333,765.0,12.0
1734,301.722,70.167,70.167,764.833,12.0
1735,301.556,70.0,70.0,764.667,12.0
1736,301.389,69.833,69.833,764.5,12.0
1737,301.222,69.667,69.667,764.333,12.0
1738,301.056,69.5,69.5,764.167,12.0
1739,300.889,69.333,69.333,764.0,12.0
1740,300.722,69.167,69.167,763.833,12.0
1741,300.556,69.0,69.0,763.667,12.0
1742,300.389,68.833,68.833,763.5,12.0
1743,300.222,68.667,68.667,763.333,12.0
1744,300.056,68.5,68.5,763.167,12.0
1745,299.889,68.333,68.333,763.0,12.0
1746,299.722,68.167,68.167,762.833,12.0
1747,299.556,68.0,68.0,762.667,12.0
1748,299.389,67.833,67.833,762.5,12.0
1749,299.222,67.667,67.667,762.333,12.0
1750,299.056,67.5,67.5,762.167,12.0
1751,298.889,67.333,67.333,762.0,12.0
1752,298.722,67.167,67.167,761.833,12.0
1753,298.556,67.0,67.0,761.667,12.0
1754,298.389,66.833,66.833,761.5,12.0
1755,298.222,66.667,66.667,761.333,12.0
1756,298.056,66.5,66.5,761.167,12.0
1757,297.889,66.333,66.333,761.0,12.0
1758,297.722,66.167,66.167,760.833,12.0
1759,297.556,66.0,66.0,760.667,12.0
1760,297.389,65.833,65.833,760.5,12.0
1761,297.222,65.667,65.667,760.333,12.0
1762,297.056,65.5,65.5,760.167,12.0
1763,296.889,65.333,65.333,760.0,12.0
1764,296.722,65.167,65.167,759.833,12.0
1765,296.556,65.0,65.0,759.667,12.0
1766,296.389,64.833,64.833,759.5,12.0
1767,296.222,64.667,64.667,759.333,12.0
1768,296.056,64.5,64.5,759.167,12.0
1769,295.889,64.333,64.333,759.0,12.0
1770,295.722,64.167,64.167,758.833,12.0
1771,295.556,64.0,64.0,758.667,12.0
1772,295.389,63.833,63.833,758.5,12.0
1773,295.222,63.667,63.667,758.333,12.0
1774,295.056,63.5,63.5,758.167,12.0
1775,294.889,63.333,63.333,758.0,12.0
1776,294.722,63.167,63.167,757.833,12.0
1777,294.556,63.0,63.0,757.667,12.0
1778,294.389,62.833,62.833,757.5,12.0
1779,294.222,62.667,62.667,757.333,12.0
1780,294.056,62.5,62.5,757.167,12.0
1781,293.889,62.333,62.333,757.0,12.0
1782,293.722,62.167,62.167,756.833,12.0
1783,293.556,62.0,62.0,756.667,12.0
1784,293.389,61.833,61.833,756.5,12.0
1785,293.222,61.667,61.667,756.333,12.0
1786,293.056,61.5,61.5,756.167,12.0
1787,292.889,61.333,61.333,756.0,12.0
1788,292.722,61.167,61.167,755.833,12.0
1789,292.556,61.0,61.0,755.667,12.0
1790,292.389,60.833,60.833,755.5,12.0
1791,292.222,60.667,60.667,755.333,12.0
1792,292.056,60.5,60.5,755.167,12.0
1793,291.889,60.333,60.333,755.0,12.0
1794,291.722,60.167,60.167,754.833,12.0
1795,291.556,60.0,60.0,754.667,12.0
1796,291.389,59.833,59.833,754.5,12.0
1797,291.222,59.667,59.667,754.333,12.0
1798,291.056,59.5,59.5,754.167,12.0
1799,290.889,59.333,59.333,754.0,12.0
1800,290.722,59.167,59.167,753.833,12.0
1801,290.556,59.0,59.0,753.667,12.0
1802,290.389,58.833,58.833,753.5,12.0
1803,290.222,58.667,58.667,753.333,12.0
1804,290.056,58.5,58.5,753.167,12.0
1805,289.889,58.333,58.333,753.0,12.0
1806,289.722,58.167,58.167,752.833,12.0
1807,289.556,58.0,58.0,752.667,12.0
1808,289.389,57.833,57.833,752.5,12.0
1809,289.222,57.667,57.667,752.333,12.0
1810,289.056,57.5,57.5,752.167,12.0
1811,288.889,57.333,57.333,752.0,12.0
1812,288.722,57.167,57.167,751.833,12.0
1813,288.556,57.0,57.0,751.667,12.0
1814,288.389,56.833,56.833,751.5,12.0
1815,288.222,56.667,56.667,751.333,12.0
1816,288.056,56.5,56.5,751.167,12.0
1817,287.889,56.333,56.333,751.0,12.0
1818,287.722,56.167,56.167,750.833,12.0
1819,287.556,56.0,56.0,750.667,12.0
1820,287.389,55.833,55.833,750.5,12.0
1821,287.222,55.667,55.667,750.333,12.0
1822,287.056,55.5,55.5,750.167,12.0
1823,286.889,55.333,55.333,750.0,12.0
1824,286.722,55.167,55.167,749.833,12.0
1825,286.556,55.0,55.0,749.667,12.0
1826,286.389,54.833,54.833,749.5,12.0
1827,286.222,54.667,54.667,749.333,12.0
1828,286.056,54.5,54.5,749.167,12.0
1829,285.889,54.333,54.333,749.0,12.0
1830,285.722,54.167,54.167,748.833,12.0
1831,285.556,54.0,54.0,748.667,12.0
1832,285.389,53.833,53.833,748.5,12.0
1833,285.222,53.667,53.667,748.333,12.0
1834,285.056,53.5,53.5,748.167,12.0
1835,284.889,53.333,53.333,748.0,12.0
1836,284.722,53.167,53.167,747.833,12.0
1837,284.556,53.0,53.0,747.667,12.0
1838,284.389,52.833,52.833,747.5,12.0
1839,284.222,52.667,52.667,747.333,12.0
1840,284.056,52.5,52.5,747.167,12.0
1841,283.889,52.333,52.333,747.0,12.0
1842,283.722,52.167,52.167,746.833,12.0
1843,283.556,52.0,52.0,746.667,12.0
1844,283.389,51.833,51.833,746.5,12.0
1845,283.222,51.667,51.667,746.333,12.0
1846,283.056,51.5,51.5,746.167,12.0
1847,282.889,51.333,51.333,746.0,12.0
1848,282.722,51.167,51.167,745.833,12.0
1849,282.556,51.0,51.0,745.667,12.0
1850,282.389,50.833,50.833,745.5,12.0
1851,282.222,50.667,50.667,745.333,12.0
1852,282.056,50.5,50.5,745.167,12.0
1853,281.889,50.333,50.333,745.0,12.0
1854,281.722,50.167,50.167,744.833,12.0
1855,281.556,50.0,50.0,744.667,12.0
1856,281.389,49.833,49.833,744.5,12.0
1857,281.222,49.667,49.667,744.333,12.0
1858,281.056,49.5,49.5,744.167,12.0
1859,280.889,49.333,49.333,744.0,12.0
1860,280.722,49.167,49.167,743.833,12.0
1861,280.556,49.0,49.0,743.667,12.0
1862,280.389,48.833,48.833,743.5,12.0
1863,280.222,48.667,48.667,743.333,12.0
1864,280.056,48.5,48.5,743.167,12.0
1865,279.889,48.333,48.333,743.0,12.0
1866,279.722,48.167,48.167,742.833,12.0
1867,279.556,48.0,48.0,742.667,12.0
1868,279.389,47.833,47.833,742.5,12.0
1869,279.222,47.667,47.667,742.333,12.0
1870,279.056,47.5,47.5,742.167,12.0
1871,278.889,47.333,47.333,742.0,12.0
1872,278.722,47.167,47.167,741.833,12.0
1873,278.556,47.0,47.0,741.667,12.0
1874,278.389,46.833,46.833,741.5,12.0
1875,278.222,46.667,46.667,741.333,12.0
1876,278.056,46.5,46.5,741.167,12.0
1877,277.889,46.333,46.333,741.0,12.0
1878,277.722,46.167,46.167,740.833,12.0
1879,277.556,46.0,46.0,740.667,12.0
1880,277.389,45.833,45.833,740.5,12.0
1881,277.222,45.667,45.667,740.333,12.0
1882,277.056,45.5,45.5,740.167,12.0
1883,276.889,45.333,45.333,740.0,12.0
1884,276.722,45.167,45.167,739.833,12.0
1885,276.556,45.0,45.0,739.667,12.0
1886,276.389,44.833,44.833,739.5,12.0
1887,276.222,44.667,44.667,739.333,12.0
1888,276.056,44.5,44.5,739.167,12.0
1889,275.889,44.333,44.333,739.0,12.0
1890,275.722,44.167,44.167,738.833,12.0
1891,275.556,44.0,44.0,738.667,12.0
1892,275.389,43.833,43.833,738.5,12.0
1893,275.222,43.667,43.667,738.333,12.0
1894,275.056,43.5,43.5,738.167,12.0
1895,274.889,43.333,43.333,738.0,12.0
1896,274.722,43.167,43.167,737.833,12.0
1897,274.556,43.0,43.0,737.667,12.0
1898,274.389,42.833,42.833,737.5,12.0
1899,274.222,42.667,42.667,737.333,12.0
1900,274.056,42.5,42.5,737.167,12.0
1901,273.889,42.333,42.333,737.0,12.0
1902,273.722,42.167,42.167,736.833,12.0
1903,273.556,42.0,42.0,736.667,12.0
1904,273.389,41.833,41.833,736.5,12.0
1905,273.222,41.667,41.667,736.333,12.0
1906,273.056,41.5,41.5,736.167,12.0
1907,272.889,41.333,41.333,736.0,12.0
1908,272.722,41.167,41.167,735.833,12.0
1909,272.556,41.0,41.0,735.667,12.0
1910,272.389,40.833,40.833,735.5,12.0
1911,272.222,40.667,40.667,735.333,12.0
1912,272.056,40.5,40.5,735.167,12.0
1913,271.889,40.333,40.333,735.0,12.0
1914,271.722,40.167,40.167,734.833,12.0
1915,271.556,40.0,40.0,734.667,12.0
1916,271.389,39.833,39.833,734.5,12.0
1917,271.222,39.667,39.667,734.333,12.0
1918,271.056,39.5,39.5,734.167,12.0
1919,270.889,39.333,39.333,734.0,12.0
1920,270.722,39.167,39.167,733.833,12.0
1921,270.556,39.0,39.0,733.667,12.0
1922,270.389,38.833,38.833,733.5,12.0
1923,270.222,38.667,38.667,733.333,12.0
1924,270.056,38.5,38.5,733.167,12.0
1925,269.889,38.333,38.333,733.0,12.0
1926,269.722,38.167,38.167,732.833,12.0
1927,269.556,38.0,38.0,732.667,12.0
1928,269.389,37.833,37.833,732.5,12.0
1929,269.222,37.667,37.667,732.333,12.0
1930,269.056,37.5,37.5,732.167,12.0
1931,268.889,37.333,37.333,732.0,12.0
1932,268.722,37.167,37.167,731.833,12.0
1933,268.556,37.0,37.0,731.667,12.0
1934,268.389,36.833,36.833,731.5,12.0
1935,268.222,36.667,36.667,731.333,12.0
1936,268.056,36.5,36.5,731.167,12.0
1937,267.889,36.333,36.333,731.0,12.0
1938,267.722,36.167,36.167,730.833,12.0
1939,267.556,36.0,36.0,730.667,12.0
1940,267.389,35.833,35.833,730.5,12.0
1941,267.222,35.667,35.667,730.333,12.0
1942,267.056,35.5,35.5,730.167,12.0
1943,266.889,35.333,35.333,730.0,12.0
1944,266.722,35.167,35.167,729.833,12.0
1945,266.556,35.0,35.0,729.667,12.0
1946,266.389,34.833,34.833,729.5,12.0
1947,266.222,34.667,34.667,729.333,12.0
1948,266.056,34.5,34.5,729.167,12.0
1949,265.889,34.333,34.333,729.0,12.0
1950,265.722,34.167,34.167,728.833,12.0
1951,265.556,34.0,34.0,728.667,12.0
1952,265.389,33.833,33.833,728.5,12.0
1953,265.222,33.667,33.667,728.333,12.0
1954,265.056,33.5,33.5,728.167,12.0
1955,264.889,33.333,33.333,728.0,12.0
1956,264.722,33.167,33.167,727.833,12.0
1957,264.556,33.0,33.0,727.667,12.0
1958,264.389,32.833,32.833,727.5,12.0
1959,264.222,32.667,32.667,727.333,12.0
1960,264.056,32.5,32.5,727.167,12.0
1961,263.889,32.333,32.333,727.0,12.0
1962,263.722,32.167,32.167,726.833,12.0
1963,263.556,32.0,32.0,726.667,12.0
1964,263.389,31.833,31.833,726.5,12.0
1965,263.222,31.667,31.667,726.333,12.0
1966,263.056,31.5,31.5,726.167,12.0
1967,262.889,31.333,31.333,726.0,12.0
1968,262.722,31.167,31.167,725.833,12.0
1969,262.556,31.0,31.0,725.667,12.0
1970,262.389,30.833,30.833,725.5,12.0
1971,262.222,30.667,30.667,725.333,12.0
1972,262.056,30.5,30.5,725.167,12.0
1973,261.889,30.333,30.333,725.0,12.0
1974,261.722,30.167,30.167,724.833,12.0
1975,261.556,30.0,30.0,724.667,12.0
1976,261.389,29.833,29.833,724.5,12.0
1977,261.222,29.667,29.667,724.333,12.0
1978,261.056,29.5,29.5,724.167,12.0
1979,260.889,29.333,29.333,724.0,12.0
1980,260.722,29.167,29.167,723.833,12.0
1981,260.556,29.0,29.0,723.667,12.0
1982,260.389,28.833,28.833,723.5,12.0
1983,260.222,28.667,28.667,723.333,12.0
1984,260.056,28.5,28.5,723.167,12.0
1985,259.889,28.333,28.333,723.0,12.0
1986,259.722,28.167,28.167,722.833,12.0
1987,259.556,28.0,28.0,722.667,12.0
1988,259.389,27.833,27.833,722.5,12.0
1989,259.222,27.667,27.667,722.333,12.0
1990,259.056,27.5,27.5,722.167,12.0
1991,258.889,27.333,27.333,722.0,12.0
1992,258.722,27.167,27.167,721.833,12.0
1993,258.556,27.0,27.0,721.667,12.0
1994,258.389,26.833,26.833,721.5,12.0
1995,258.222,26.667,26.667,721.333,12.0
1996,258.056,26.5,26.5,721.167,12.0
1997,257.889,26.333,26.333,721.0,12.0
1998,257.722,26.167,26.167,720.833,12.0
1999,257.556,26.0,26.0,720.667,12.0
2000,257.389,25.833,25.833,720.5,12.0
2001,257.222,25.667,25.667,720.333,12.0
2002,257.056,25.5,25.5,720.167,12.0
2003,256.889,25.333,25.333,720.0,12.0
2004,256.722,25.167,25.167,719.833,12.0
2005,256.556,25.0,25.0,719.667,12.0
2006,256.389,24.833,24.833,719.5,12.0
2007,256.222,24.667,24.667,719.333,12.0
2008,256.056,24.5,24.5,719.167,12.0
2009,255.889,24.333,24.333,719.0,12.0
2010,255.722,24.167,24.167,718.833,12.0
2011,255.556,24.0,24.0,718.667,12.0
2012,255.389,23.833,23.833,718.5,12.0
2013,255.222,23.667,23.667,718.333,12.0
2014,255.056,23.5,23.5,718.167,12.0
2015,254.889,23.333,23.333,718.0,12.0
2016,254.722,23.167,23.167,717.833,12.0
2017,254.556,23.0,23.0,717.667,12.0
2018,254.389,22.833,22.833,717.5,12.0
2019,254.222,22.667,22.667,717.333,12.0
2020,254.056,22.5,22.5,717.167,12.0
2021,253.889,22.333,22.333,717.0,12.0
2022,253.722,22.167,22.167,716.833,12.0
2023,253.556,22.0,22.0,716.667,12.0
2024,253.389,21.833,21.833,716.5,12.0
2025,253.222,21.667,21.667,716.333,12.0
2026,253.056,21.5,21.5,716.167,12.0
2027,252.889,21.333,21.333,716.0,12.0
2028,252.722,21.167,21.167,715.833,12.0
2029,252.556,21.0,21.0,715.667,12.0
2030,252.389,20.833,20.833,715.5,12.0
2031,252.222,20.667,20.667,715.333,12.0
2032,252.056,20.5,20.5,715.167,12.0
2033,251.889,20.333,20.333,715.0,12.0
2034,251.722,20.167,20.167,714.833,12.0
2035,251.556,20.0,20.0,714.667,12.0
2036,251.389,19.833,19.833,714.5,12.0
2037,251.222,19.667,19.667,714.333,12.0
2038,251.056,19.5,19.5,714.167,12.0
2039,250.889,19.333,19.333,714.0,12.0
2040,250.722,19.167,19.167,713.833,12.0
2041,250.556,19.0,19.0,713.667,12.0
2042,250.389,18.833,18.833,713.5,12.0
2043,250.222,18.667,18.667,713.333,12.0
2044,250.056,18.5,18.5,713.167,12.0
2045,249.889,18.333,18.333,713.0,12.0
2046,249.722,18.167,18.167,712.833,12.0
2047,249.556,18.0,18.0,712.667,12.0
2048,249.389,17.833,17.833,712.5,12.0
2049,249.222,17.667,17.667,712.333,12.0
2050,249.056,17.5,17.5,712.167,12.0
2051,248.889,17.333,17.333,712.0,12.0
2052,248.722,17.167,17.167,711.833,12.0
2053,248.556,17.0,17.0,711.667,12.0
2054,248.389,16.833,16.833,711.5,12.0
2055,248.222,16.667,16.667,711.333,12.0
2056,248.056,16.5,16.5,711.167,12.0
2057,247.889,16.333,16.333,711.0,12.0
2058,247.722,16.167,16.167,710.833,12.0
2059,247.556,16.0,16.0,710.667,12.0
2060,247.389,15.833,15.833,710.5,12.0
2061,247.222,15.667,15.667,710.333,12.0
2062,247.056,15.5,15.5,710.167,12.0
2063,246.889,15.333,15.333,710.0,12.0
2064,246.722,15.167,15.167,709.833,12.0
2065,246.556,15.0,15.0,709.667,12.0
2066,246.389,14.833,14.833,709.5,12.0
2067,246.222,14.667,14.667,709.333,12.0
2068,246.056,14.5,14.5,709.167,12.0
2069,245.889,14.333,14.333,709.0,12.0
2070,245.722,14.167,14.167,708.833,12.0
2071,245.556,14.0,14.0,708.667,12.0
2072,245.389,13.833,13.833,708.5,12.0
2073,245.222,13.667,13.667,708.333,12.0
2074,245.056,13.5,13.5,708.167,12.0
2075,244.889,13.333,13.333,708.0,12.0
2076,244.722,13.167,13.167,707.833,12.0
2077,244.556,13.0,13.0,707.667,12.0
2078,244.389,12.833,12.833,707.5,12.0
2079,244.222,12.667,12.667,707.333,12.0
2080,244.056,12.5,12.5,707.167,12.0
2081,243.889,12.333,12.333,707.0,12.0
2082,243.722,12.167,12.167,706.833,12.0
2083,243.556,12.0,12.0,706.667,12.0
2084,243.389,11.833,11.833,706.5,12.0
2085,243.222,11.667,11.667,706.333,12.0
2086,243.056,11.5,11.5,706.167,12.0
2087,242.889,11.333,11.333,706.0,12.0
2088,242.722,11.167,11.167,705.833,12.0
2089,242.556,11.0,11.0,705.667,12.0
2090,242.389,10.833,10.833,705.5,12.0
2091,242.222,10.667,10.667,705.333,12.0
2092,242.056,10.5,10.5,705.167,12.0
2093,241.889,10.333,10.333,705.0,12.0
2094,241.722,10.167,10.167,704.833,12.0
2095,241.556,10.0,10.0,704.667,12.0
2096,241.389,9.833,9.833,704.5,12.0
2097,241.222,9.667,9.667,704.333,12.0
2098,241.056,9.5,9.5,704.167,12.0
2099,240.889,9.333,9.333,704.0,12.0
2100,240.722,9.167,9.167,703.833,12.0
2101,240.556,9.0,9.0,703.667,12.0
2102,240.389,8.833,8.833,703.5,12.0
2103,240.222,8.667,8.667,703.333,12.0
2104,240.056,8.5,8.5,703.167,12.0
2105,239.889,8.333,8.333,703.0,12.0
2106,239.722,8.167,8.167,702.833,12.0
2107,239.556,8.0,8.0,702.667,12.0
2108,239.389,7.833,7.833,702.5,12.0
2109,239.222,7.667,7.667,702.333,12.0
2110,239.056,7.5,7.5,702.167,12.0
2111,238.889,7.333,7.333,702.0,12.0
2112,238.722,7.167,7.167,701.833,12.0
2113,238.556,7.0,7.0,701.667,12.0
2114,238.389,6.833,6.833,701.5,12.0
2115,238.222,6.667,6.667,701.333,12.0
2116,238.056,6.5,6.5,701.167,12.0
2117,237.889,6.333,6.333,701.0,12.0
2118,237.722,6.167,6.167,700.833,12.0
2119,237.556,6.0,6.0,700.667,12.0
2120,237.389,5.833,5.833,700.5,12.0
2121,237.222,5.667,5.667,700.333,12.0
2122,237.056,5.5,5.5,700.167,12.0
2123,236.889,5.333,5.333,700.0,12.0
2124,236.722,5.167,5.167,699.833,12.0
2125,236.556,5.0,5.0,699.667,12.0
2126,236.389,4.833,4.833,699.5,12.0
2127,236.222,4.667,4.667,699.333,12.0
2128,236.056,4.5,4.5,699.167,12.0
2129,235.889,4.333,4.333,699.0,12.0
2130,235.722,4.167,4.167,698.833,12.0
2131,235.556,4.0,4.0,698.667,12.0
2132,235.389,3.833,3.833,698.5,12.0
2133,235.222,3.667,3.667,698.333,12.0
2134,235.056,3.5,3.5,698.167,12.0
2135,234.889,3.333,3.333,698.0,12.0
2136,234.722,3.167,3.167,697.833,12.0
2137,234.556,3.0,3.0,697.667,12.0
2138,234.389,2.833,2.833,697.5,12.0
2139,234.222,2.667,2.667,697.333,12.0
2140,234.056,2.5,2.5,697.167,12.0
2141,233.889,2.333,2.333,697.0,12.0
2142,233.722,2.167,2.167,696.833,12.0
2143,233.556,2.0,2.0,696.667,12.0
2144,233.389,1.833,1.833,696.5,12.0
2145,233.222,1.667,1.667,696.333,12.0
2146,233.056,1.5,1.5,696.167,12.0
2147,232.889,1.333,1.333,696.0,12.0
2148,232.722,1.167,1.167,695.833,12.0
2149,232.556,1.0,1.0,695.667,12.0
2150,232.389,0.833,0.833,695.5,12.0
2151,232.222,0.667,0.667,695.333,12.0
2152,232.056,0.5,0.5,695.167,12.0
2153,231.889,0.333,0.333,695.0,12.0
2154,231.722,0.167,0.167,694.833,12.0
2155,231.556,0.0,0.0,694.667,12.0
2156,694.5,694.5,694.5,694.5,4.0
2157,694.333,694.333,694.333,694.333,4.0
2158,694.167,694.167,694.167,694.167,4.0
2159,694.0,694.0,694.0,694.0,4.0
2160,693.833,693.833,693.833,693.833,4.0
2161,693.667,693.667,693.667,693.667,4.0
2162,693.5,693.5,693.5,693.5,4.0
2163,693.333,693.333,693.333,693.333,4.0
2164,693.167,693.167,693.167,693.167,4.0
2165,693.0,693.0,693.0,693.0,4.0
2166,692.833,692.833,692.833,692.833,4.0
2167,692.667,692.667,692.667,692.667,4.0
2168,692.5,692.5,692.5,692.5,4.0
2169,692.333,692.333,692.333,692.333,4.0
2170,692.167,692.167,692.167,692.167,4.0
2171,692.0,692.0,692.0,692.0,4.0
2172,691.833,691.833,691.833,691.833,4.0
2173,691.667,691.667,691.667,691.667,4.0
2174,691.5,691.5,691.5,691.5,4.0
2175,691.333,691.333,691.333,691.333,4.0
2176,691.167,691.167,691.167,691.167,4.0
2177,691.0,691.0,691.0,691.0,4.0
2178,690.833,690.833,690.833,690.833,4.0
2179,690.667,690.667,690.667,690.667,4.0
2180,690.5,690.5,690.5,690.5,4.0
2181,690.333,690.333,690.333,690.333,4.0
2182,690.167,690.167,690.167,690.167,4.0
2183,690.0,690.0,690.0,690.0,4.0
2184,689.833,689.833,689.833,689.833,4.0
2185,689.667,689.667,689.667,689.667,4.0
2186,689.5,689.5,689.5,689.5,4.0
2187,689.333,689.333,689.333,689.333,4.0
2188,689.167,689.167,689.167,689.167,4.0
2189,689.0,689.0,689.0,689.0,4.0
2190,688.833,688.833,688.833,688.833,4.0
2191,688.667,688.667,688.667,688.667,4.0
2192,688.5,688.5,688.5,688.5,4.0
2193,688.333,688.333,688.333,688.333,4.0
2194,688.167,688.167,688.167,688.167,4.0
2195,688.0,688.0,688.0,688.0,4.0
2196,687.833,687.833,687.833,687.833,4.0
2197,687.667,687.667,687.667,687.667,4.0
2198,687.5,687.5,687.5,687.5,4.0
2199,687.333,687.333,687.333,687.333,4.0
2200,687.167,687.167,687.167,687.167,4.0
2201,687.0,687.0,687.0,687.0,4.0
2202,686.833,686.833,686.833,686.833,4.0
2203,686.667,686.667,686.667,686.667,4.0
2204,686.5,686.5,686.5,686.5,4.0
2205,686.333,686.333,686.333,686.333,4.0
2206,686.167,686.167,686.167,686.167,4.0
2207,686.0,686.0,686.0,686.0,4.0
2208,685.833,685.833,685.833,685.833,4.0
2209,685.667,685.667,685.667,685.667,4.0
2210,685.5,685.5,685.5,685.5,4.0
2211,685.333,685.333,685.333,685.333,4.0
2212,685.167,685.167,685.167,685.167,4.0
2213,685.0,685.0,685.0,685.0,4.0
2214,684.833,684.833,684.833,684.833,4.0
2215,684.667,684.667,684.667,684.667,4.0
2216,684.5,684.5,684.5,684.5,4.0
2217,684.333,684.333,684.333,684.333,4.0
2218,684.167,684.167,684.167,684.167,4.0
2219,684.0,684.0,684.0,684.0,4.0
2220,683.833,683.833,683.833,683.833,4.0
2221,683.667,683.667,683.667,683.667,4.0
2222,683.5,683.5,683.5,683.5,4.0
2223,683.333,683.333,683.333,683.333,4.0
2224,683.167,683.167,683.167,683.167,4.0
2225,683.0,683.0,683.0,683.0,4.0
2226,682.833,682.833,682.833,682.833,4.0
2227,682.667,682.667,682.667,682.667,4.0
2228,682.5,682.5,682.5,682.5,4.0
2229,682.333,682.333,682.333,682.333,4.0
2230,682.167,682.167,682.167,682.167,4.0
2231,682.0,682.0,682.0,682.0,4.0
2232,681.833,681.833,681.833,681.833,4.0
2233,681.667,681.667,681.667,681.667,4.0
2234,681.5,681.5,681.5,681.5,4.0
2235,681.333,681.333,681.333,681.333,4.0
2236,681.167,681.167,681.167,681.167,4.0
2237,681.0,681.0,681.0,681.0,4.0
2238,680.833,680.833,680.833,680.833,4.0
2239,680.667,680.667,680.667,680.667,4.0
2240,680.5,680.5,680.5,680.5,4.0
2241,680.333,680.333,680.333,680.333,4.0
2242,680.167,680.167,680.167,680.167,4.0
2243,680.0,680.0,680.0,680.0,4.0
2244,679.833,679.833,679.833,679.833,4.0
2245,679.667,679.667,679.667,679.667,4.0
2246,679.5,679.5,679.5,679.5,4.0
2247,679.333,679.333,679.333,679.333,4.0
2248,679.167,679.167,679.167,679.167,4.0
2249,679.0,679.0,679.0,679.0,4.0
2250,678.833,678.833,678.833,678.833,4.0
2251,678.667,678.667,678.667,678.667,4.0
2252,678.5,678.5,678.5,678.5,4.0
2253,678.333,678.333,678.333,678.333,4.0
2254,678.167,678.167,678.167,678.167,4.0
2255,678.0,678.0,678.0,678.0,4.0
2256,677.833,677.833,677.833,677.833,4.0
2257,677.667,677.667,677.667,677.667,4.0
2258,677.5,677.5,677.5,677.5,4.0
2259,677.333,677.333,677.333,677.333,4.0
2260,677.167,677.167,677.167,677.167,4.0
2261,677.0,677.0,677.0,677.0,4.0
2262,676.833,676.833,676.833,676.833,4.0
2263,676.667,676.667,676.667,676.667,4.0
2264,676.5,676.5,676.5,676.5,4.0
2265,676.333,676.333,676.333,676.333,4.0
2266,676.167,676.167,676.167,676.167,4.0
2267,676.0,676.0,676.0,676.0,4.0
2268,675.833,675.833,675.833,675.833,4.0
2269,675.667,675.667,675.667,675.667,4.0
2270,675.5,675.5,675.5,675.5,4.0
2271,675.333,675.333,675.333,675.333,4.0
2272,675.167,675.167,675.167,675.167,4.0
2273,675.0,675.0,675.0,675.0,4.0
2274,674.833,674.833,674.833,674.833,4.0
2275,674.667,674.667,674.667,674.667,4.0
2276,674.5,674.5,674.5,674.5,4.0
2277,674.333,674.333,674.333,674.333,4.0
2278,674.167,674.167,674.167,674.167,4.0
2279,674.0,674.0,674.0,674.0,4.0
2280,673.833,673.833,673.833,673.833,4.0
2281,673.667,673.667,673.667,673.667,4.0
2282,673.5,673.5,673.5,673.5,4.0
2283,673.333,673.333,673.333,673.333,4.0
2284,673.167,673.167,673.167,673.167,4.0
2285,673.0,673.0,673.0,673.0,4.0
2286,672.833,672.833,672.833,672.833,4.0
2287,672.667,672.667,672.667,672.667,4.0
2288,672.5,672.5,672.5,672.5,4.0
2289,672.333,672.333,672.333,672.333,4.0
2290,672.167,672.167,672.167,672.167,4.0
2291,672.0,672.0,672.0,672.0,4.0
2292,671.833,671.833,671.833,671.833,4.0
2293,671.667,671.667,671.667,671.667,4.0
2294,671.5,671.5,671.5,671.5,4.0
2295,671.333,671.333,671.333,671.333,4.0
2296,671.167,671.167,671.167,671.167,4.0
2297,671.0,671.0,671.0,671.0,4.0
2298,670.833,670.833,670.833,670.833,4.0
2299,670.667,670.667,670.667,670.667,4.0
2300,670.5,670.5,670.5,670.5,4.0
2301,670.333,670.333,670.333,670.333,4.0
2302,670.167,670.167,670.167,670.167,4.0
2303,670.0,670.0,670.0,670.0,4.0
2304,669.833,669.833,669.833,669.833,4.0
2305,669.667,669.667,669.667,669.667,4.0
2306,669.5,669.5,669.5,669.5,4.0
2307,669.333,669.333,669.333,669.333,4.0
2308,669.167,669.167,669.167,669.167,4.0
2309,669.0,669.0,669.0,669.0,4.0
2310,668.833,668.833,668.833,668.833,4.0
2311,668.667,668.667,668.667,668.667,4.0
2312,668.5,668.5,668.5,668.5,4.0
2313,668.333,668.333,668.333,668.333,4.0
2314,668.167,668.167,668.167,668.167,4.0
2315,668.0,668.0,668.0,668.0,4.0
2316,667.833,667.833,667.833,667.833,4.0
2317,667.667,667.667,667.667,667.667,4.0
2318,667.5,667.5,667.5,667.5,4.0
2319,667.333,667.333,667.333,667.333,4.0
2320,667.167,667.167,667.167,667.167,4.0
2321,667.0,667.0,667.0,667.0,4.0
2322,666.833,666.833,666.833,666.833,4.0
2323,666.667,666.667,666.667,666.667,4.0
2324,666.5,666.5,666.5,666.5,4.0
2325,666.333,666.333,666.333,666.333,4.0
2326,666.167,666.167,666.167,666.167,4.0
2327,666.0,666.0,666.0,666.0,4.0
2328,665.833,665.833,665.833,665.833,4.0
2329,665.667,665.667,665.667,665.667,4.0
2330,665.5,665.5,665.5,665.5,4.0
2331,665.333,665.333,665.333,665.333,4.0
2332,665.167,665.167,665.167,665.167,4.0
2333,665.0,665.0,665.0,665.0,4.0
2334,664.833,664.833,664.833,664.833,4.0
2335,664.667,664.667,664.667,664.667,4.0
2336,664.5,664.5,664.5,664.5,4.0
2337,664.333,664.333,664.333,664.333,4.0
2338,664.167,664.167,664.167,664.167,4.0
2339,664.0,664.0,664.0,664.0,4.0
2340,663.833,663.833,663.833,663.833,4.0
2341,663.667,663.667,663.667,663.667,4.0
2342,663.5,663.5,663.5,663.5,4.0
2343,663.333,663.333,663.333,663.333,4.0
2344,663.167,663.167,663.167,663.167,4.0
2345,663.0,663.0,663.0,663.0,4.0
2346,662.833,662.833,662.833,662.833,4.0
2347,662.667,662.667,662.667,662.667,4.0
2348,662.5,662.5,662.5,662.5,4.0
2349,662.333,662.333,662.333,662.333,4.0
2350,662.167,662.167,662.167,662.167,4.0
2351,662.0,662.0,662.0,662.0,4.0
2352,661.833,661.833,661.833,661.833,4.0
2353,661.667,661.667,661.667,661.667,4.0
2354,661.5,661.5,661.5,661.5,4.0
2355,661.333,661.333,661.333,661.333,4.0
2356,661.167,661.167,661.167,661.167,4.0
2357,661.0,661.0,661.0,661.0,4.0
2358,660.833,660.833,660.833,660.833,4.0
2359,660.667,660.667,660.667,660.667,4.0
2360,660.5,660.5,660.5,660.5,4.0
2361,660.333,660.333,660.333,660.333,4.0
2362,660.167,660.167,660.167,660.167,4.0
2363,660.0,660.0,660.0,660.0,4.0
2364,659.833,659.833,659.833,659.833,4.0
2365,659.667,659.667,659.667,659.667,4.0
2366,659.5,659.5,659.5,659.5,4.0
2367,659.333,659.333,659.333,659.333,4.0
2368,659.167,659.167,659.167,659.167,4.0
2369,659.0,659.0,659.0,659.0,4.0
2370,658.833,658.833,658.833,658.833,4.0
2371,658.667,658.667,658.667,658.667,4.0
2372,658.5,658.5,658.5,658.5,4.0
2373,658.333,658.333,658.333,658.333,4.0
2374,658.167,658.167,658.167,658.167,4.0
2375,658.0,658.0,658.0,658.0,4.0
2376,657.833,657.833,657.833,657.833,4.0
2377,657.667,657.667,657.667,657.667,4.0
2378,657.5,657.5,657.5,657.5,4.0
2379,657.333,657.333,657.333,657.333,4.0
2380,657.167,657.167,657.167,657.167,4.0
2381,657.0,657.0,657.0,657.0,4.0
2382,656.833,656.833,656.833,656.833,4.0
2383,656.667,656.667,656.667,656.667,4.0
2384,656.5,656.5,656.5,656.5,4.0
2385,656.333,656.333,656.333,656.333,4.0
2386,656.167,656.167,656.167,656.167,4.0
2387,656.0,656.0,656.0,656.0,4.0
2388,655.833,655.833,655.833,655.833,4.0
2389,655.667,655.667,655.667,655.667,4.0
2390,655.5,655.5,655.5,655.5,4.0
2391,655.333,655.333,655.333,655.333,4.0
2392,655.167,655.167,655.167,655.167,4.0
2393,655.0,655.0,655.0,655.0,4.0
2394,654.833,654.833,654.833,654.833,4.0
2395,654.667,654.667,654.667,654.667,4.0
2396,654.5,654.5,654.5,654.5,4.0
2397,654.333,654.333,654.333,654.333,4.0
2398,654.167,654.167,654.167,654.167,4.0
2399,654.0,654.0,654.0,654.0,4.0
2400,653.833,653.833,653.833,653.833,4.0
2401,653.667,653.667,653.667,653.667,4.0
2402,653.5,653.5,653.5,653.5,4.0
2403,653.333,653.333,653.333,653.333,4.0
2404,653.167,653.167,653.167,653.167,4.0
2405,653.0,653.0,653.0,653.0,4.0
2406,652.833,652.833,652.833,652.833,4.0
2407,652.667,652.667,652.667,652.667,4.0
2408,652.5,652.5,652.5,652.5,4.0
2409,652.333,652.333,652.333,652.333,4.0
2410,652.167,652.167,652.167,652.167,4.0
2411,652.0,652.0,652.0,652.0,4.0
2412,651.833,651.833,651.833,651.833,4.0
2413,651.667,651.667,651.667,651.667,4.0
2414,651.5,651.5,651.5,651.5,4.0
2415,651.333,651.333,651.333,651.333,4.0
2416,651.167,651.167,651.167,651.167,4.0
2417,651.0,651.0,651.0,651.0,4.0
2418,650.833,650.833,650.833,650.833,4.0
2419,650.667,650.667,650.667,650.667,4.0
2420,650.5,650.5,650.5,650.5,4.0
2421,650.333,650.333,650.333,650.333,4.0
2422,650.167,650.167,650.167,650.167,4.0
2423,650.0,650.0,650.0,650.0,4.0
2424,649.833,649.833,649.833,649.833,4.0
2425,649.667,649.667,649.667,649.667,4.0
2426,649.5,649.5,649.5,649.5,4.0
2427,649.333,649.333,649.333,649.333,4.0
2428,649.167,649.167,649.167,649.167,4.0
2429,649.0,649.0,649.0,649.0,4.0
2430,648.833,648.833,648.833,648.833,4.0
2431,648.667,648.667,648.667,648.667,4.0
2432,648.5,648.5,648.5,648.5,4.0
2433,648.333,648.333,648.333,648.333,4.0
2434,648.167,648.167,648.167,648.167,4.0
2435,648.0,648.0,648.0,648.0,4.0
2436,647.833,647.833,647.833,647.833,4.0
2437,647.667,647.667,647.667,647.667,4.0
2438,647.5,647.5,647.5,647.5,4.0
2439,647.333,647.333,647.333,647.333,4.0
2440,647.167,647.167,647.167,647.167,4.0
2441,647.0,647.0,647.0,647.0,4.0
2442,646.833,646.833,646.833,646.833,4.0
2443,646.667,646.667,646.667,646.667,4.0
2444,646.5,646.5,646.5,646.5,4.0
2445,646.333,646.333,646.333,646.333,4.0
2446,646.167,646.167,646.167,646.167,4.0
2447,646.0,646.0,646.0,646.0,4.0
2448,645.833,645.833,645.833,645.833,4.0
2449,645.667,645.667,645.667,645.667,4.0
2450,645.5,645.5,645.5,645.5,4.0
2451,645.333,645.333,645.333,645.333,4.0
2452,645.167,645.167,645.167,645.167,4.0
2453,645.0,645.0,645.0,645.0,4.0
2454,644.833,644.833,644.833,644.833,4.0
2455,644.667,644.667,644.667,644.667,4.0
2456,644.5,644.5,644.5,644.5,4.0
2457,644.333,644.333,644.333,644.333,4.0
2458,644.167,644.167,644.167,644.167,4.0
2459,644.0,644.0,644.0,644.0,4.0
2460,643.833,643.833,643.833,643.833,4.0
2461,643.667,643.667,643.667,643.667,4.0
2462,643.5,643.5,643.5,643.5,4.0
2463,643.333,643.333,643.333,643.333,4.0
2464,643.167,643.167,643.167,643.167,4.0
2465,643.0,643.0,643.0,643.0,4.0
2466,642.833,642.833,642.833,642.833,4.0
2467,642.667,642.667,642.667,642.667,4.0
2468,642.5,642.5,642.5,642.5,4.0
2469,642.333,642.333,642.333,642.333,4.0
2470,642.167,642.167,642.167,642.167,4.0
2471,642.0,642.0,642.0,642.0,4.0
2472,641.833,641.833,641.833,641.833,4.0
2473,641.667,641.667,641.667,641.667,4.0
2474,641.5,641.5,641.5,641.5,4.0
2475,641.333,641.333,641.333,641.333,4.0
2476,641.167,641.167,641.167,641.167,4.0
2477,641.0,641.0,641.0,641.0,4.0
2478,640.833,640.833,640.833,640.833,4.0
2479,640.667,640.667,640.667,640.667,4.0
2480,640.5,640.5,640.5,640.5,4.0
2481,640.333,640.333,640.333,640.333,4.0
2482,640.167,640.167,640.167,640.167,4.0
2483,640.0,640.0,640.0,640.0,4.0
2484,639.833,639.833,639.833,639.833,4.0
2485,639.667,639.667,639.667,639.667,4.0
2486,639.5,639.5,639.5,639.5,4.0
2487,639.333,639.333,639.333,639.333,4.0
2488,639.167,639.167,639.167,639.167,4.0
2489,639.0,639.0,639.0,639.0,4.0
2490,638.833,638.833,638.833,638.833,4.0
2491,638.667,638.667,638.667,638.667,4.0
2492,638.5,638.5,638.5,638.5,4.0
2493,638.333,638.333,638.333,638.333,4.0
2494,638.167,638.167,638.167,638.167,4.0
2495,638.0,638.0,638.0,638.0,4.0
2496,637.833,637.833,637.833,637.833,4.0
2497,637.667,637.667,637.667,637.667,4.0
2498,637.5,637.5,637.5,637.5,4.0
2499,637.333,637.333,637.333,637.333,4.0
2500,637.167,637.167,637.167,637.167,4.0
2501,637.0,637.0,637.0,637.0,4.0
2502,636.833,636.833,636.833,636.833,4.0
2503,636.667,636.667,636.667,636.667,4.0
2504,636.5,636.5,636.5,636.5,4.0
2505,636.333,636.333,636.333,636.333,4.0
2506,636.167,636.167,636.167,636.167,4.0
2507,636.0,636.0,636.0,636.0,4.0
2508,635.833,635.833,635.833,635.833,4.0
2509,635.667,635.667,635.667,635.667,4.0
2510,635.5,635.5,635.5,635.5,4.0
2511,635.333,635.333,635.333,635.333,4.0
2512,635.167,635.167,635.167,635.167,4.0
2513,635.0,635.0,635.0,635.0,4.0
2514,634.833,634.833,634.833,634.833,4.0
2515,634.667,634.667,634.667,634.667,4.0
2516,634.5,634.5,634.5,634.5,4.0
2517,634.333,634.333,634.333,634.333,4.0
2518,634.167,634.167,634.167,634.167,4.0
2519,634.0,634.0,634.0,634.0,4.0
2520,633.833,633.833,633.833,633.833,4.0
2521,633.667,633.667,633.667,633.667,4.0
2522,633.5,633.5,633.5,633.5,4.0
2523,633.333,633.333,633.333,633.333,4.0
2524,633.167,633.167,633.167,633.167,4.0
2525,633.0,633.0,633.0,633.0,4.0
2526,632.833,632.833,632.833,632.833,4.0
2527,632.667,632.667,632.667,632.667,4.0
2528,632.5,632.5,632.5,632.5,4.0
2529,632.333,632.333,632.333,632.333,4.0
2530,632.167,632.167,632.167,632.167,4.0
2531,632.0,632.0,632.0,632.0,4.0
2532,631.833,631.833,631.833,631.833,4.0
2533,631.667,631.667,631.667,631.667,4.0
2534,631.5,631.5,631.5,631.5,4.0
2535,631.333,631.333,631.333,631.333,4.0
2536,631.167,631.167,631.167,631.167,4.0
2537,631.0,631.0,631.0,631.0,4.0
2538,630.833,630.833,630.833,630.833,4.0
2539,630.667,630.667,630.667,630.667,4.0
2540,630.5,630.5,630.5,630.5,4.0
2541,630.333,630.333,630.333,630.333,4.0
2542,630.167,630.167,630.167,630.167,4.0
2543,630.0,630.0,630.0,630.0,4.0
2544,629.833,629.833,629.833,629.833,4.0
2545,629.667,629.667,629.667,629.667,4.0
2546,629.5,629.5,629.5,629.5,4.0
2547,629.333,629.333,629.333,629.333,4.0
2548,629.167,629.167,629.167,629.167,4.0
2549,629.0,629.0,629.0,629.0,4.0
2550,628.833,628.833,628.833,628.833,4.0
2551,628.667,628.667,628.667,628.667,4.0
2552,628.5,628.5,628.5,628.5,4.0
2553,628.333,628.333,628.333,628.333,4.0
2554,628.167,628.167,628.167,628.167,4.0
2555,628.0,628.0,628.0,628.0,4.0
2556,627.833,627.833,627.833,627.833,4.0
2557,627.667,627.667,627.667,627.667,4.0
2558,627.5,627.5,627.5,627.5,4.0
2559,627.333,627.333,627.333,627.333,4.0
2560,627.167,627.167,627.167,627.167,4.0
2561,627.0,627.0,627.0,627.0,4.0
2562,626.833,626.833,626.833,626.833,4.0
2563,626.667,626.667,626.667,626.667,4.0
2564,626.5,626.5,626.5,626.5,4.0
2565,626.333,626.333,626.333,626.333,4.0
2566,626.167,626.167,626.167,626.167,4.0
2567,626.0,626.0,626.0,626.0,4.0
2568,625.833,625.833,625.833,625.833,4.0
2569,625.667,625.667,625.667,625.667,4.0
2570,625.5,625.5,625.5,625.5,4.0
2571,625.333,625.333,625.333,625.333,4.0
2572,625.167,625.167,625.167,625.167,4.0
2573,625.0,625.0,625.0,625.0,4.0
2574,624.833,624.833,624.833,624.833,4.0
2575,624.667,624.667,624.667,624.667,4.0
2576,624.5,624.5,624.5,624.5,4.0
2577,624.333,624.333,624.333,624.333,4.0
2578,624.167,624.167,624.167,624.167,4.0
2579,624.0,624.0,624.0,624.0,4.0
2580,623.833,623.833,623.833,623.833,4.0
2581,623.667,623.667,623.667,623.667,4.0
2582,623.5,623.5,623.5,623.5,4.0
2583,623.333,623.333,623.333,623.333,4.0
2584,623.167,623.167,623.167,623.167,4.0
2585,623.0,623.0,623.0,623.0,4.0
2586,622.833,622.833,622.833,622.833,4.0
2587,622.667,622.667,622.667,622.667,4.0
2588,622.5,622.5,622.5,622.5,4.0
2589,622.333,622.333,622.333,622.333,4.0
2590,622.167,622.167,622.167,622.167,4.0
2591,622.0,622.0,622.0,622.0,4.0
2592,621.833,621.833,621.833,621.833,4.0
2593,621.667,621.667,621.667,621.667,4.0
2594,621.5,621.5,621.5,621.5,4.0
2595,621.333,621.333,621.333,621.333,4.0
2596,621.167,621.167,621.167,621.167,4.0
2597,621.0,621.0,621.0,621.0,4.0
2598,620.833,620.833,620.833,620.833,4.0
2599,620.667,620.667,620.667,620.667,4.0
2600,620.5,620.5,620.5,620.5,4.0
2601,620.333,620.333,620.333,620.333,4.0
2602,620.167,620.167,620.167,620.167,4.0
2603,620.0,620.0,620.0,620.0,4.0
2604,619.833,619.833,619.833,619.833,4.0
2605,619.667,619.667,619.667,619.667,4.0
2606,619.5,619.5,619.5,619.5,4.0
2607,619.333,619.333,619.333,619.333,4.0
2608,619.167,619.167,619.167,619.167,4.0
2609,619.0,619.0,619.0,619.0,4.0
2610,618.833,618.833,618.833,618.833,4.0
2611,618.667,618.667,618.667,618.667,4.0
2612,618.5,618.5,618.5,618.5,4.0
2613,618.333,618.333,618.333,618.333,4.0
2614,618.167,618.167,618.167,618.167,4.0
2615,618.0,618.0,618.0,618.0,4.0
2616,617.833,617.833,617.833,617.833,4.0
2617,617.667,617.667,617.667,617.667,4.0
2618,617.5,617.5,617.5,617.5,4.0
2619,617.333,617.333,617.333,617.333,4.0
2620,617.167,617.167,617.167,617.167,4.0
2621,617.0,617.0,617.0,617.0,4.0
2622,616.833,616.833,616.833,616.833,4.0
2623,616.667,616.667,616.667,616.667,4.0
2624,616.5,616.5,616.5,616.5,4.0
2625,616.333,616.333,616.333,616.333,4.0
2626,616.167,616.167,616.167,616.167,4.0
2627,616.0,616.0,616.0,616.0,4.0
2628,615.833,615.833,615.833,615.833,4.0
2629,615.667,615.667,615.667,615.667,4.0
2630,615.5,615.5,615.5,615.5,4.0
2631,615.333,615.333,615.333,615.333,4.0
2632,615.167,615.167,615.167,615.167,4.0
2633,615.0,615.0,615.0,615.0,4.0
2634,614.833,614.833,614.833,614.833,4.0
2635,614.667,614.667,614.667,614.667,4.0
2636,614.5,614.5,614.5,614.5,4.0
2637,614.333,614.333,614.333,614.333,4.0
2638,614.167,614.167,614.167,614.167,4.0
2639,614.0,614.0,614.0,614.0,4.0
2640,613.833,613.833,613.833,613.833,4.0
2641,613.667,613.667,613.667,613.667,4.0
2642,613.5,613.5,613.5,613.5,4.0
2643,613.333,613.333,613.333,613.333,4.0
2644,613.167,613.167,613.167,613.167,4.0
2645,613.0,613.0,613.0,613.0,4.0
2646,612.833,612.833,612.833,612.833,4.0
2647,612.667,612.667,612.667,612.667,4.0
2648,612.5,612.5,612.5,612.5,4.0
2649,612.333,612.333,612.333,612.333,4.0
2650,612.167,612.167,612.167,612.167,4.0
2651,612.0,612.0,612.0,612.0,4.0
2652,611.833,611.833,611.833,611.833,4.0
2653,611.667,611.667,611.667,611.667,4.0
2654,611.5,611.5,611.5,611.5,4.0
2655,611.333,611.333,611.333,611.333,4.0
2656,611.167,611.167,611.167,611.167,4.0
2657,611.0,611.0,611.0,611.0,4.0
2658,610.833,610.833,610.833,610.833,4.0
2659,610.667,610.667,610.667,610.667,4.0
2660,610.5,610.5,610.5,610.5,4.0
2661,610.333,610.333,610.333,610.333,4.0
2662,610.167,610.167,610.167,610.167,4.0
2663,610.0,610.0,610.0,610.0,4.0
2664,609.833,609.833,609.833,609.833,4.0
2665,609.667,609.667,609.667,609.667,4.0
2666,609.5,609.5,609.5,609.5,4.0
2667,609.333,609.333,609.333,609.333,4.0
2668,609.167,609.167,609.167,609.167,4.0
2669,609.0,609.0,609.0,609.0,4.0
2670,608.833,608.833,608.833,608.833,4.0
2671,608.667,608.667,608.667,608.667,4.0
2672,608.5,608.5,608.5,608.5,4.0
2673,608.333,608.333,608.333,608.333,4.0
2674,608.167,608.167,608.167,608.167,4.0
2675,608.0,608.0,608.0,608.0,4.0
2676,607.833,607.833,607.833,607.833,4.0
2677,607.667,607.667,607.667,607.667,4.0
2678,607.5,607.5,607.5,607.5,4.0
2679,607.333,607.333,607.333,607.333,4.0
2680,607.167,607.167,607.167,607.167,4.0
2681,607.0,607.0,607.0,607.0,4.0
2682,606.833,606.833,606.833,606.833,4.0
2683,606.667,606.667,606.667,606.667,4.0
2684,606.5,606.5,606.5,606.5,4.0
2685,606.333,606.333,606.333,606.333,4.0
2686,606.167,606.167,606.167,606.167,4.0
2687,606.0,606.0,606.0,606.0,4.0
2688,605.833,605.833,605.833,605.833,4.0
2689,605.667,605.667,605.667,605.667,4.0
2690,605.5,605.5,605.5,605.5,4.0
2691,605.333,605.333,605.333,605.333,4.0
2692,605.167,605.167,605.167,605.167,4.0
2693,605.0,605.0,605.0,605.0,4.0
2694,604.833,604.833,604.833,604.833,4.0
2695,604.667,604.667,604.667,604.667,4.0
2696,604.5,604.5,604.5,604.5,4.0
2697,604.333,604.333,604.333,604.333,4.0
2698,604.167,604.167,604.167,604.167,4.0
2699,604.0,604.0,604.0,604.0,4.0
2700,603.833,603.833,603.833,603.833,4.0
2701,603.667,603.667,603.667,603.667,4.0
2702,603.5,603.5,603.5,603.5,4.0
2703,603.333,603.333,603.333,603.333,4.0
2704,603.167,603.167,603.167,603.167,4.0
2705,603.0,603.0,603.0,603.0,4.0
2706,602.833,602.833,602.833,602.833,4.0
2707,602.667,602.667,602.667,602.667,4.0
2708,602.5,602.5,602.5,602.5,4.0
2709,602.333,602.333,602.333,602.333,4.0
2710,602.167,602.167,602.167,602.167,4.0
2711,602.0,602.0,602.0,602.0,4.0
2712,601.833,601.833,601.833,601.833,4.0
2713,601.667,601.667,601.667,601.667,4.0
2714,601.5,601.5,601.5,601.5,4.0
2715,601.333,601.333,601.333,601.333,4.0
2716,601.167,601.167,601.167,601.167,4.0
2717,601.0,601.0,601.0,601.0,4.0
2718,600.833,600.833,600.833,600.833,4.0
2719,600.667,600.667,600.667,600.667,4.0
2720,600.5,600.5,600.5,600.5,4.0
2721,600.333,600.333,600.333,600.333,4.0
2722,600.167,600.167,600.167,600.167,4.0
2723,600.0,600.0,600.0,600.0,4.0
2724,599.833,599.833,599.833,599.833,4.0
2725,599.667,599.667,599.667,599.667,4.0
2726,599.5,599.5,599.5,599.5,4.0
2727,599.333,599.333,599.333,599.333,4.0
2728,599.167,599.167,599.167,599.167,4.0
2729,599.0,599.0,599.0,599.0,4.0
2730,598.833,598.833,598.833,598.833,4.0
2731,598.667,598.667,598.667,598.667,4.0
2732,598.5,598.5,598.5,598.5,4.0
2733,598.333,598.333,598.333,598.333,4.0
2734,598.167,598.167,598.167,598.167,4.0
2735,598.0,598.0,598.0,598.0,4.0
2736,597.833,597.833,597.833,597.833,4.0
2737,597.667,597.667,597.667,597.667,4.0
2738,597.5,597.5,597.5,597.5,4.0
2739,597.333,597.333,597.333,597.333,4.0
2740,597.167,597.167,597.167,597.167,4.0
2741,597.0,597.0,597.0,597.0,4.0
2742,596.833,596.833,596.833,596.833,4.0
2743,596.667,596.667,596.667,596.667,4.0
2744,596.5,596.5,596.5,596.5,4.0
2745,596.333,596.333,596.333,596.333,4.0
2746,596.167,596.167,596.167,596.167,4.0
2747,596.0,596.0,596.0,596.0,4.0
2748,595.833,595.833,595.833,595.833,4.0
2749,595.667,595.667,595.667,595.667,4.0
2750,595.5,595.5,595.5,595.5,4.0
2751,595.333,595.333,595.333,595.333,4.0
2752,595.167,595.167,595.167,595.167,4.0
2753,595.0,595.0,595.0,595.0,4.0
2754,594.833,594.833,594.833,594.833,4.0
2755,594.667,594.667,594.667,594.667,4.0
2756,594.5,594.5,594.5,594.5,4.0
2757,594.333,594.333,594.333,594.333,4.0
2758,594.167,594.167,594.167,594.167,4.0
2759,594.0,594.0,594.0,594.0,4.0
2760,593.833,593.833,593.833,593.833,4.0
2761,593.667,593.667,593.667,593.667,4.0
2762,593.5,593.5,593.5,593.5,4.0
2763,593.333,593.333,593.333,593.333,4.0
2764,593.167,593.167,593.167,593.167,4.0
2765,593.0,593.0,593.0,593.0,4.0
2766,592.833,592.833,592.833,592.833,4.0
2767,592.667,592.667,592.667,592.667,4.0
2768,592.5,592.5,592.5,592.5,4.0
2769,592.333,592.333,592.333,592.333,4.0
2770,592.167,592.167,592.167,592.167,4.0
2771,592.0,592.0,592.0,592.0,4.0
2772,591.833,591.833,591.833,591.833,4.0
2773,591.667,591.667,591.667,591.667,4.0
2774,591.5,591.5,591.5,591.5,4.0
2775,591.333,591.333,591.333,591.333,4.0
2776,591.167,591.167,591.167,591.167,4.0
2777,591.0,591.0,591.0,591.0,4.0
2778,590.833,590.833,590.833,590.833,4.0
2779,590.667,590.667,590.667,590.667,4.0
2780,590.5,590.5,590.5,590.5,4.0
2781,590.333,590.333,590.333,590.333,4.0
2782,590.167,590.167,590.167,590.167,4.0
2783,590.0,590.0,590.0,590.0,4.0
2784,589.833,589.833,589.833,589.833,4.0
2785,589.667,589.667,589.667,589.667,4.0
2786,589.5,589.5,589.5,589.5,4.0
2787,589.333,589.333,589.333,589.333,4.0
2788,589.167,589.167,589.167,589.167,4.0
2789,589.0,589.0,589.0,589.0,4.0
2790,588.833,588.833,588.833,588.833,4.0
2791,588.667,588.667,588.667,588.667,4.0
2792,588.5,588.5,588.5,588.5,4.0
2793,588.333,588.333,588.333,588.333,4.0
2794,588.167,588.167,588.167,588.167,4.0
2795,588.0,588.0,588.0,588.0,4.0
2796,587.833,587.833,587.833,587.833,4.0
2797,587.667,587.667,587.667,587.667,4.0
2798,587.5,587.5,587.5,587.5,4.0
2799,587.333,587.333,587.333,587.333,4.0
2800,587.167,587.167,587.167,587.167,4.0
2801,587.0,587.0,587.0,587.0,4.0
2802,586.833,586.833,586.833,586.833,4.0
2803,586.667,586.667,586.667,586.667,4.0
2804,586.5,586.5,586.5,586.5,4.0
2805,586.333,586.333,586.333,586.333,4.0
2806,586.167,586.167,586.167,586.167,4.0
2807,586.0,586.0,586.0,586.0,4.0
2808,585.833,585.833,585.833,585.833,4.0
2809,585.667,585.667,585.667,585.667,4.0
2810,585.5,585.5,585.5,585.5,4.0
2811,585.333,585.333,585.333,585.333,4.0
2812,585.167,585.167,585.167,585.167,4.0
2813,585.0,585.0,585.0,585.0,4.0
2814,584.833,584.833,584.833,584.833,4.0
2815,584.667,584.667,584.667,584.667,4.0
2816,584.5,584.5,584.5,584.5,4.0
2817,584.333,584.333,584.333,584.333,4.0
2818,584.167,584.167,584.167,584.167,4.0
2819,584.0,584.0,584.0,584.0,4.0
2820,583.833,583.833,583.833,583.833,4.0
2821,583.667,583.667,583.667,583.667,4.0
2822,583.5,583.5,583.5,583.5,4.0
2823,583.333,583.333,583.333,583.333,4.0
2824,583.167,583.167,583.167,583.167,4.0
2825,583.0,583.0,583.0,583.0,4.0
2826,582.833,582.833,582.833,582.833,4.0
2827,582.667,582.667,582.667,582.667,4.0
2828,582.5,582.5,582.5,582.5,4.0
2829,582.333,582.333,582.333,582.333,4.0
2830,582.167,582.167,582.167,582.167,4.0
2831,582.0,582.0,582.0,582.0,4.0
2832,581.833,581.833,581.833,581.833,4.0
2833,581.667,581.667,581.667,581.667,4.0
2834,581.5,581.5,581.5,581.5,4.0
2835,581.333,581.333,581.333,581.333,4.0
2836,581.167,581.167,581.167,581.167,4.0
2837,581.0,581.0,581.0,581.0,4.0
2838,580.833,580.833,580.833,580.833,4.0
2839,580.667,580.667,580.667,580.667,4.0
2840,580.5,580.5,580.5,580.5,4.0
2841,580.333,580.333,580.333,580.333,4.0
2842,580.167,580.167,580.167,580.167,4.0
2843,580.0,580.0,580.0,580.0,4.0
2844,579.833,579.833,579.833,579.833,4.0
2845,579.667,579.667,579.667,579.667,4.0
2846,579.5,579.5,579.5,579.5,4.0
2847,579.333,579.333,579.333,579.333,4.0
2848,579.167,579.167,579.167,579.167,4.0
2849,579.0,579.0,579.0,579.0,4.0
2850,578.833,578.833,578.833,578.833,4.0
2851,578.667,578.667,578.667,578.667,4.0
2852,578.5,578.5,578.5,578.5,4.0
2853,578.333,578.333,578.333,578.333,4.0
2854,578.167,578.167,578.167,578.167,4.0
2855,578.0,578.0,578.0,578.0,4.0
2856,577.833,577.833,577.833,577.833,4.0
2857,577.667,577.667,577.667,577.667,4.0
2858,577.5,577.5,577.5,577.5,4.0
2859,577.333,577.333,577.333,577.333,4.0
2860,577.167,577.167,577.167,577.167,4.0
2861,577.0,577.0,577.0,577.0,4.0
2862,576.833,576.833,576.833,576.833,4.0
2863,576.667,576.667,576.667,576.667,4.0
2864,576.5,576.5,576.5,576.5,4.0
2865,576.333,576.333,576.333,576.333,4.0
2866,576.167,576.167,576.167,576.167,4.0
2867,576.0,576.0,576.0,576.0,4.0
2868,575.833,575.833,575.833,575.833,4.0
2869,575.667,575.667,575.667,575.667,4.0
2870,575.5,575.5,575.5,575.5,4.0
2871,575.333,575.333,575.333,575.333,4.0
2872,575.167,575.167,575.167,575.167,4.0
2873,575.0,575.0,575.0,575.0,4.0
2874,574.833,574.833,574.833,574.833,4.0
2875,574.667,574.667,574.667,574.667,4.0
2876,574.5,574.5,574.5,574.5,4.0
2877,574.333,574.333,574.333,574.333,4.0
2878,574.167,574.167,574.167,574.167,4.0
2879,574.0,574.0,574.0,574.0,4.0
2880,573.833,573.833,573.833,573.833,4.0
2881,573.667,573.667,573.667,573.667,4.0
2882,573.5,573.5,573.5,573.5,4.0
2883,573.333,573.333,573.333,573.333,4.0
2884,573.167,573.167,573.167,573.167,4.0
2885,573.0,573.0,573.0,573.0,4.0
2886,572.833,572.833,572.833,572.833,4.0
2887,572.667,572.667,572.667,572.667,4.0
2888,572.5,572.5,572.5,572.5,4.0
2889,572.333,572.333,572.333,572.333,4.0
2890,572.167,572.167,572.167,572.167,4.0
2891,572.0,572.0,572.0,572.0,4.0
2892,571.833,571.833,571.833,571.833,4.0
2893,571.667,571.667,571.667,571.667,4.0
2894,571.5,571.5,571.5,571.5,4.0
2895,571.333,571.333,571.333,571.333,4.0
2896,571.167,571.167,571.167,571.167,4.0
2897,571.0,571.0,571.0,571.0,4.0
2898,570.833,570.833,570.833,570.833,4.0
2899,570.667,570.667,570.667,570.667,4.0
2900,570.5,570.5,570.5,570.5,4.0
2901,570.333,570.333,570.333,570.333,4.0
2902,570.167,570.167,570.167,570.167,4.0
2903,570.0,570.0,570.0,570.0,4.0
2904,569.833,569.833,569.833,569.833,4.0
2905,569.667,569.667,569.667,569.667,4.0
2906,569.5,569.5,569.5,569.5,4.0
2907,569.333,569.333,569.333,569.333,4.0
2908,569.167,569.167,569.167,569.167,4.0
2909,569.0,569.0,569.0,569.0,4.0
2910,568.833,568.833,568.833,568.833,4.0
2911,568.667,568.667,568.667,568.667,4.0
2912,568.5,568.5,568.5,568.5,4.0
2913,568.333,568.333,568.333,568.333,4.0
2914,568.167,568.167,568.167,568.167,4.0
2915,568.0,568.0,568.0,568.0,4.0
2916,567.833,567.833,567.833,567.833,4.0
2917,567.667,567.667,567.667,567.667,4.0
2918,567.5,567.5,567.5,567.5,4.0
2919,567.333,567.333,567.333,567.333,4.0
2920,567.167,567.167,567.167,567.167,4.0
2921,567.0,567.0,567.0,567.0,4.0
2922,566.833,566.833,566.833,566.833,4.0
2923,566.667,566.667,566.667,566.667,4.0
2924,566.5,566.5,566.5,566.5,4.0
2925,566.333,566.333,566.333,566.333,4.0
2926,566.167,566.167,566.167,566.167,4.0
2927,566.0,566.0,566.0,566.0,4.0
2928,565.833,565.833,565.833,565.833,4.0
2929,565.667,565.667,565.667,565.667,4.0
2930,565.5,565.5,565.5,565.5,4.0
2931,565.333,565.333,565.333,565.333,4.0
2932,565.167,565.167,565.167,565.167,4.0
2933,565.0,565.0,565.0,565.0,4.0
2934,564.833,564.833,564.833,564.833,4.0
2935,564.667,564.667,564.667,564.667,4.0
2936,564.5,564.5,564.5,564.5,4.0
2937,564.333,564.333,564.333,564.333,4.0
2938,564.167,564.167,564.167,564.167,4.0
2939,564.0,564.0,564.0,564.0,4.0
2940,563.833,563.833,563.833,563.833,4.0
2941,563.667,563.667,563.667,563.667,4.0
2942,563.5,563.5,563.5,563.5,4.0
2943,563.333,563.333,563.333,563.333,4.0
2944,563.167,563.167,563.167,563.167,4.0
2945,563.0,563.0,563.0,563.0,4.0
2946,562.833,562.833,562.833,562.833,4.0
2947,562.667,562.667,562.667,562.667,4.0
2948,562.5,562.5,562.5,562.5,4.0
2949,562.333,562.333,562.333,562.333,4.0
2950,562.167,562.167,562.167,562.167,4.0
2951,562.0,562.0,562.0,562.0,4.0
2952,561.833,561.833,561.833,561.833,4.0
2953,561.667,561.667,561.667,561.667,4.0
2954,561.5,561.5,561.5,561.5,4.0
2955,561.333,561.333,561.333,561.333,4.0
2956,561.167,561.167,561.167,561.167,4.0
2957,561.0,561.0,561.0,561.0,4.0
2958,560.833,560.833,560.833,560.833,4.0
2959,560.667,560.667,560.667,560.667,4.0
2960,560.5,560.5,560.5,560.5,4.0
2961,560.333,560.333,560.333,560.333,4.0
2962,560.167,560.167,560.167,560.167,4.0
2963,560.0,560.0,560.0,560.0,4.0
2964,559.833,559.833,559.833,559.833,4.0
2965,559.667,559.667,559.667,559.667,4.0
2966,559.5,559.5,559.5,559.5,4.0
2967,559.333,559.333,559.333,559.333,4.0
2968,559.167,559.167,559.167,559.167,4.0
2969,559.0,559.0,559.0,559.0,4.0
2970,558.833,558.833,558.833,558.833,4.0
2971,558.667,558.667,558.667,558.667,4.0
2972,558.5,558.5,558.5,558.5,4.0
2973,558.333,558.333,558.333,558.333,4.0
2974,558.167,558.167,558.167,558.167,4.0
2975,558.0,558.0,558.0,558.0,4.0
2976,557.833,557.833,557.833,557.833,4.0
2977,557.667,557.667,557.667,557.667,4.0
2978,557.5,557.5,557.5,557.5,4.0
2979,557.333,557.333,557.333,557.333,4.0
2980,557.167,557.167,557.167,557.167,4.0
2981,557.0,557.0,557.0,557.0,4.0
2982,556.833,556.833,556.833,556.833,4.0
2983,556.667,556.667,556.667,556.667,4.0
2984,556.5,556.5,556.5,556.5,4.0
2985,556.333,556.333,556.333,556.333,4.0
2986,556.167,556.167,556.167,556.167,4.0
2987,556.0,556.0,556.0,556.0,4.0
2988,555.833,555.833,555.833,555.833,4.0
2989,555.667,555.667,555.667,555.667,4.0
2990,555.5,555.5,555.5,555.5,4.0
2991,555.333,555.333,555.333,555.333,4.0
2992,555.167,555.167,555.167,555.167,4.0
2993,555.0,555.0,555.0,555.0,4.0
2994,554.833,554.833,554.833,554.833,4.0
2995,554.667,554.667,554.667,554.667,4.0
2996,554.5,554.5,554.5,554.5,4.0
2997,554.333,554.333,554.333,554.333,4.0
2998,554.167,554.167,554.167,554.167,4.0
2999,554.0,554.0,554.0,554.0,4.0
3000,553.833,553.833,553.833,553.833,4.0
3001,553.667,553.667,553.667,553.667,4.0
3002,553.5,553.5,553.5,553.5,4.0
3003,553.333,553.333,553.333,553.333,4.0
3004,553.167,553.167,553.167,553.167,4.0
3005,553.0,553.0,553.0,553.0,4.0
3006,552.833,552.833,552.833,552.833,4.0
3007,552.667,552.667,552.667,552.667,4.0
3008,552.5,552.5,552.5,552.5,4.0
3009,552.333,552.333,552.333,552.333,4.0
3010,552.167,552.167,552.167,552.167,4.0
3011,552.0,552.0,552.0,552.0,4.0
3012,551.833,551.833,551.833,551.833,4.0
3013,551.667,551.667,551.667,551.667,4.0
3014,551.5,551.5,551.5,551.5,4.0
3015,551.333,551.333,551.333,551.333,4.0
3016,551.167,551.167,551.167,551.167,4.0
3017,551.0,551.0,551.0,551.0,4.0
3018,550.833,550.833,550.833,550.833,4.0
3019,550.667,550.667,550.667,550.667,4.0
3020,550.5,550.5,550.5,550.5,4.0
3021,550.333,550.333,550.333,550.333,4.0
3022,550.167,550.167,550.167,550.167,4.0
3023,550.0,550.0,550.0,550.0,4.0
3024,549.833,549.833,549.833,549.833,4.0
3025,549.667,549.667,549.667,549.667,4.0
3026,549.5,549.5,549.5,549.5,4.0
3027,549.333,549.333,549.333,549.333,4.0
3028,549.167,549.167,549.167,549.167,4.0
3029,549.0,549.0,549.0,549.0,4.0
3030,548.833,548.833,548.833,548.833,4.0
3031,548.667,548.667,548.667,548.667,4.0
3032,548.5,548.5,548.5,548.5,4.0
3033,548.333,548.333,548.333,548.333,4.0
3034,548.167,548.167,548.167,548.167,4.0
3035,548.0,548.0,548.0,548.0,4.0
3036,547.833,547.833,547.833,547.833,4.0
3037,547.667,547.667,547.667,547.667,4.0
3038,547.5,547.5,547.5,547.5,4.0
3039,547.333,547.333,547.333,547.333,4.0
3040,547.167,547.167,547.167,547.167,4.0
3041,547.0,547.0,547.0,547.0,4.0
3042,546.833,546.833,546.833,546.833,4.0
3043,546.667,546.667,546.667,546.667,4.0
3044,546.5,546.5,546.5,546.5,4.0
3045,546.333,546.333,546.333,546.333,4.0
3046,546.167,546.167,546.167,546.167,4.0
3047,546.0,546.0,546.0,546.0,4.0
3048,545.833,545.833,545.833,545.833,4.0
3049,545.667,545.667,545.667,545.667,4.0
3050,545.5,545.5,545.5,545.5,4.0
3051,545.333,545.333,545.333,545.333,4.0
3052,545.167,545.167,545.167,545.167,4.0
3053,545.0,545.0,545.0,545.0,4.0
3054,544.833,544.833,544.833,544.833,4.0
3055,544.667,544.667,544.667,544.667,4.0
3056,544.5,544.5,544.5,544.5,4.0
3057,544.333,544.333,544.333,544.333,4.0
3058,544.167,544.167,544.167,544.167,4.0
3059,544.0,544.0,544.0,544.0,4.0
3060,543.833,543.833,543.833,543.833,4.0
3061,543.667,543.667,543.667,543.667,4.0
3062,543.5,543.5,543.5,543.5,4.0
3063,543.333,543.333,543.333,543.333,4.0
3064,543.167,543.167,543.167,543.167,4.0
3065,543.0,543.0,543.0,543.0,4.0
3066,542.833,542.833,542.833,542.833,4.0
3067,542.667,542.667,542.667,542.667,4.0
3068,542.5,542.5,542.5,542.5,4.0
3069,542.333,542.333,542.333,542.333,4.0
3070,542.167,542.167,542.167,542.167,4.0
3071,542.0,542.0,542.0,542.0,4.0
3072,541.833,541.833,541.833,541.833,4.0
3073,541.667,541.667,541.667,541.667,4.0
3074,541.5,541.5,541.5,541.5,4.0
3075,541.333,541.333,541.333,541.333,4.0
3076,541.167,541.167,541.167,541.167,4.0
3077,541.0,541.0,541.0,541.0,4.0
3078,540.833,540.833,540.833,540.833,4.0
3079,540.667,540.667,540.667,540.667,4.0
3080,540.5,540.5,540.5,540.5,4.0
3081,540.333,540.333,540.333,540.333,4.0
3082,540.167,540.167,540.167,540.167,4.0
3083,540.0,540.0,540.0,540.0,4.0
3084,539.833,539.833,539.833,539.833,4.0
3085,539.667,539.667,539.667,539.667,4.0
3086,539.5,539.5,539.5,539.5,4.0
3087,539.333,539.333,539.333,539.333,4.0
3088,539.167,539.167,539.167,539.167,4.0
3089,539.0,539.0,539.0,539.0,4.0
3090,538.833,538.833,538.833,538.833,4.0
3091,538.667,538.667,538.667,538.667,4.0
3092,538.5,538.5,538.5,538.5,4.0
3093,538.333,538.333,538.333,538.333,4.0
3094,538.167,538.167,538.167,538.167,4.0
3095,538.0,538.0,538.0,538.0,4.0
3096,537.833,537.833,537.833,537.833,4.0
3097,537.667,537.667,537.667,537.667,4.0
3098,537.5,537.5,537.5,537.5,4.0
3099,537.333,537.333,537.333,537.333,4.0
3100,537.167,537.167,537.167,537.167,4.0
3101,537.0,537.0,537.0,537.0,4.0
3102,536.833,536.833,536.833,536.833,4.0
3103,536.667,536.667,536.667,536.667,4.0
3104,536.5,536.5,536.5,536.5,4.0
3105,536.333,536.333,536.333,536.333,4.0
3106,536.167,536.167,536.167,536.167,4.0
3107,536.0,536.0,536.0,536.0,4.0
3108,535.833,535.833,535.833,535.833,4.0
3109,535.667,535.667,535.667,535.667,4.0
3110,535.5,535.5,535.5,535.5,4.0
3111,535.333,535.333,535.333,535.333,4.0
3112,535.167,535.167,535.167,535.167,4.0
3113,535.0,535.0,535.0,535.0,4.0
3114,534.833,534.833,534.833,534.833,4.0
3115,534.667,534.667,534.667,534.667,4.0
3116,534.5,534.5,534.5,534.5,4.0
3117,534.333,534.333,534.333,534.333,4.0
3118,534.167,534.167,534.167,534.167,4.0
3119,534.0,534.0,534.0,534.0,4.0
3120,533.833,533.833,533.833,533.833,4.0
3121,533.667,533.667,533.667,533.667,4.0
3122,533.5,533.5,533.5,533.5,4.0
3123,533.333,533.333,533.333,533.333,4.0
3124,533.167,533.167,533.167,533.167,4.0
3125,533.0,533.0,533.0,533.0,4.0
3126,532.833,532.833,532.833,532.833,4.0
3127,532.667,532.667,532.667,532.667,4.0
3128,532.5,532.5,532.5,532.5,4.0
3129,532.333,532.333,532.333,532.333,4.0
3130,532.167,532.167,532.167,532.167,4.0
3131,532.0,532.0,532.0,532.0,4.0
3132,531.833,531.833,531.833,531.833,4.0
3133,531.667,531.667,531.667,531.667,4.0
3134,531.5,531.5,531.5,531.5,4.0
3135,531.333,531.333,531.333,531.333,4.0
3136,531.167,531.167,531.167,531.167,4.0
3137,531.0,531.0,531.0,531.0,4.0
3138,530.833,530.833,530.833,530.833,4.0
3139,530.667,530.667,530.667,530.667,4.0
3140,530.5,530.5,530.5,530.5,4.0
3141,530.333,530.333,530.333,530.333,4.0
3142,530.167,530.167,530.167,530.167,4.0
3143,530.0,530.0,530.0,530.0,4.0
3144,529.833,529.833,529.833,529.833,4.0
3145,529.667,529.667,529.667,529.667,4.0
3146,529.5,529.5,529.5,529.5,4.0
3147,529.333,529.333,529.333,529.333,4.0
3148,529.167,529.167,529.167,529.167,4.0
3149,529.0,529.0,529.0,529.0,4.0
3150,528.833,528.833,528.833,528.833,4.0
3151,528.667,528.667,528.667,528.667,4.0
3152,528.5,528.5,528.5,528.5,4.0
3153,528.333,528.333,528.333,528.333,4.0
3154,528.167,528.167,528.167,528.167,4.0
3155,528.0,528.0,528.0,528.0,4.0
3156,527.833,527.833,527.833,527.833,4.0
3157,527.667,527.667,527.667,527.667,4.0
3158,527.5,527.5,527.5,527.5,4.0
3159,527.333,527.333,527.333,527.333,4.0
3160,527.167,527.167,527.167,527.167,4.0
3161,527.0,527.0,527.0,527.0,4.0
3162,526.833,526.833,526.833,526.833,4.0
3163,526.667,526.667,526.667,526.667,4.0
3164,526.5,526.5,526.5,526.5,4.0
3165,526.333,526.333,526.333,526.333,4.0
3166,526.167,526.167,526.167,526.167,4.0
3167,526.0,526.0,526.0,526.0,4.0
3168,525.833,525.833,525.833,525.833,4.0
3169,525.667,525.667,525.667,525.667,4.0
3170,525.5,525.5,525.5,525.5,4.0
3171,525.333,525.333,525.333,525.333,4.0
3172,525.167,525.167,525.167,525.167,4.0
3173,525.0,525.0,525.0,525.0,4.0
3174,524.833,524.833,524.833,524.833,4.0
3175,524.667,524.667,524.667,524.667,4.0
3176,524.5,524.5,524.5,524.5,4.0
3177,524.333,524.333,524.333,524.333,4.0
3178,524.167,524.167,524.167,524.167,4.0
3179,524.0,524.0,524.0,524.0,4.0
3180,523.833,523.833,523.833,523.833,4.0
3181,523.667,523.667,523.667,523.667,4.0
3182,523.5,523.5,523.5,523.5,4.0
3183,523.333,523.333,523.333,523.333,4.0
3184,523.167,523.167,523.167,523.167,4.0
3185,523.0,523.0,523.0,523.0,4.0
3186,522.833,522.833,522.833,522.833,4.0
3187,522.667,522.667,522.667,522.667,4.0
3188,522.5,522.5,522.5,522.5,4.0
3189,522.333,522.333,522.333,522.333,4.0
3190,522.167,522.167,522.167,522.167,4.0
3191,522.0,522.0,522.0,522.0,4.0
3192,521.833,521.833,521.833,521.833,4.0
3193,521.667,521.667,521.667,521.667,4.0
3194,521.5,521.5,521.5,521.5,4.0
3195,521.333,521.333,521.333,521.333,4.0
3196,521.167,521.167,521.167,521.167,4.0
3197,521.0,521.0,521.0,521.0,4.0
3198,520.833,520.833,520.833,520.833,4.0
3199,520.667,520.667,520.667,520.667,4.0
3200,520.5,520.5,520.5,520.5,4.0
3201,520.333,520.333,520.333,520.333,4.0
3202,520.167,520.167,520.167,520.167,4.0
3203,520.0,520.0,520.0,520.0,4.0
3204,519.833,519.833,519.833,519.833,4.0
3205,519.667,519.667,519.667,519.667,4.0
3206,519.5,519.5,519.5,519.5,4.0
3207,519.333,519.333,519.333,519.333,4.0
3208,519.167,519.167,519.167,519.167,4.0
3209,519.0,519.0,519.0,519.0,4.0
3210,518.833,518.833,518.833,518.833,4.0
3211,518.667,518.667,518.667,518.667,4.0
3212,518.5,518.5,518.5,518.5,4.0
3213,518.333,518.333,518.333,518.333,4.0
3214,518.167,518.167,518.167,518.167,4.0
3215,518.0,518.0,518.0,518.0,4.0
3216,517.833,517.833,517.833,517.833,4.0
3217,517.667,517.667,517.667,517.667,4.0
3218,517.5,517.5,517.5,517.5,4.0
3219,517.333,517.333,517.333,517.333,4.0
3220,517.167,517.167,517.167,517.167,4.0
3221,517.0,517.0,517.0,517.0,4.0
3222,516.833,516.833,516.833,516.833,4.0
3223,516.667,516.667,516.667,516.667,4.0
3224,516.5,516.5,516.5,516.5,4.0
3225,516.333,516.333,516.333,516.333,4.0
3226,516.167,516.167,516.167,516.167,4.0
3227,516.0,516.0,516.0,516.0,4.0
3228,515.833,515.833,515.833,515.833,4.0
3229,515.667,515.667,515.667,515.667,4.0
3230,515.5,515.5,515.5,515.5,4.0
3231,515.333,515.333,515.333,515.333,4.0
3232,515.167,515.167,515.167,515.167,4.0
3233,515.0,515.0,515.0,515.0,4.0
3234,514.833,514.833,514.833,514.833,4.0
3235,514.667,514.667,514.667,514.667,4.0
3236,514.5,514.5,514.5,514.5,4.0
3237,514.333,514.333,514.333,514.333,4.0
3238,514.167,514.167,514.167,514.167,4.0
3239,514.0,514.0,514.0,514.0,4.0
3240,513.833,513.833,513.833,513.833,4.0
3241,513.667,513.667,513.667,513.667,4.0
3242,513.5,513.5,513.5,513.5,4.0
3243,513.333,513.333,513.333,513.333,4.0
3244,513.167,513.167,513.167,513.167,4.0
3245,513.0,513.0,513.0,513.0,4.0
3246,512.833,512.833,512.833,512.833,4.0
3247,512.667,512.667,512.667,512.667,4.0
3248,512.5,512.5,512.5,512.5,4.0
3249,512.333,512.333,512.333,512.333,4.0
3250,512.167,512.167,512.167,512.167,4.0
3251,512.0,512.0,512.0,512.0,4.0
3252,511.833,511.833,511.833,511.833,4.0
3253,511.667,511.667,511.667,511.667,4.0
3254,511.5,511.5,511.5,511.5,4.0
3255,511.333,511.333,511.333,511.333,4.0
3256,511.167,511.167,511.167,511.167,4.0
3257,511.0,511.0,511.0,511.0,4.0
3258,510.833,510.833,510.833,510.833,4.0
3259,510.667,510.667,510.667,510.667,4.0
3260,510.5,510.5,510.5,510.5,4.0
3261,510.333,510.333,510.333,510.333,4.0
3262,510.167,510.167,510.167,510.167,4.0
3263,510.0,510.0,510.0,510.0,4.0
3264,509.833,509.833,509.833,509.833,4.0
3265,509.667,509.667,509.667,509.667,4.0
3266,509.5,509.5,509.5,509.5,4.0
3267,509.333,509.333,509.333,509.333,4.0
3268,509.167,509.167,509.167,509.167,4.0
3269,509.0,509.0,509.0,509.0,4.0
3270,508.833,508.833,508.833,508.833,4.0
3271,508.667,508.667,508.667,508.667,4.0
3272,508.5,508.5,508.5,508.5,4.0
3273,508.333,508.333,508.333,508.333,4.0
3274,508.167,508.167,508.167,508.167,4.0
3275,508.0,508.0,508.0,508.0,4.0
3276,507.833,507.833,507.833,507.833,4.0
3277,507.667,507.667,507.667,507.667,4.0
3278,507.5,507.5,507.5,507.5,4.0
3279,507.333,507.333,507.333,507.333,4.0
3280,507.167,507.167,507.167,507.167,4.0
3281,507.0,507.0,507.0,507.0,4.0
3282,506.833,506.833,506.833,506.833,4.0
3283,506.667,506.667,506.667,506.667,4.0
3284,506.5,506.5,506.5,506.5,4.0
3285,506.333,506.333,506.333,506.333,4.0
3286,506.167,506.167,506.167,506.167,4.0
3287,506.0,506.0,506.0,506.0,4.0
3288,505.833,505.833,505.833,505.833,4.0
3289,505.667,505.667,505.667,505.667,4.0
3290,505.5,505.5,505.5,505.5,4.0
3291,505.333,505.333,505.333,505.333,4.0
3292,505.167,505.167,505.167,505.167,4.0
3293,505.0,505.0,505.0,505.0,4.0
3294,504.833,504.833,504.833,504.833,4.0
3295,504.667,504.667,504.667,504.667,4.0
3296,504.5,504.5,504.5,504.5,4.0
3297,504.333,504.333,504.333,504.333,4.0
3298,504.167,504.167,504.167,504.167,4.0
3299,504.0,504.0,504.0,504.0,4.0
3300,503.833,503.833,503.833,503.833,4.0
3301,503.667,503.667,503.667,503.667,4.0
3302,503.5,503.5,503.5,503.5,4.0
3303,503.333,503.333,503.333,503.333,4.0
3304,503.167,503.167,503.167,503.167,4.0
3305,503.0,503.0,503.0,503.0,4.0
3306,502.833,502.833,502.833,502.833,4.0
3307,502.667,502.667,502.667,502.667,4.0
3308,502.5,502.5,502.5,502.5,4.0
3309,502.333,502.333,502.333,502.333,4.0
3310,502.167,502.167,502.167,502.167,4.0
3311,502.0,502.0,502.0,502.0,4.0
3312,501.833,501.833,501.833,501.833,4.0
3313,501.667,501.667,501.667,501.667,4.0
3314,501.5,501.5,501.5,501.5,4.0
3315,501.333,501.333,501.333,501.333,4.0
3316,501.167,501.167,501.167,501.167,4.0
3317,501.0,501.0,501.0,501.0,4.0
3318,500.833,500.833,500.833,500.833,4.0
3319,500.667,500.667,500.667,500.667,4.0
3320,500.5,500.5,500.5,500.5,4.0
3321,500.333,500.333,500.333,500.333,4.0
3322,500.167,500.167,500.167,500.167,4.0
3323,500.0,500.0,500.0,500.0,4.0
3324,499.833,499.833,499.833,499.833,4.0
3325,499.667,499.667,499.667,499.667,4.0
3326,499.5,499.5,499.5,499.5,4.0
3327,499.333,499.333,499.333,499.333,4.0
3328,499.167,499.167,499.167,499.167,4.0
3329,499.0,499.0,499.0,499.0,4.0
3330,498.833,498.833,498.833,498.833,4.0
3331,498.667,498.667,498.667,498.667,4.0
3332,498.5,498.5,498.5,498.5,4.0
3333,498.333,498.333,498.333,498.333,4.0
3334,498.167,498.167,498.167,498.167,4.0
3335,498.0,498.0,498.0,498.0,4.0
3336,497.833,497.833,497.833,497.833,4.0
3337,497.667,497.667,497.667,497.667,4.0
3338,497.5,497.5,497.5,497.5,4.0
3339,497.333,497.333,497.333,497.333,4.0
3340,497.167,497.167,497.167,497.167,4.0
3341,497.0,497.0,497.0,497.0,4.0
3342,496.833,496.833,496.833,496.833,4.0
3343,496.667,496.667,496.667,496.667,4.0
3344,496.5,496.5,496.5,496.5,4.0
3345,496.333,496.333,496.333,496.333,4.0
3346,496.167,496.167,496.167,496.167,4.0
3347,496.0,496.0,496.0,496.0,4.0
3348,495.833,495.833,495.833,495.833,4.0
3349,495.667,495.667,495.667,495.667,4.0
3350,495.5,495.5,495.5,495.5,4.0
3351,495.333,495.333,495.333,495.333,4.0
3352,495.167,495.167,495.167,495.167,4.0
3353,495.0,495.0,495.0,495.0,4.0
3354,494.833,494.833,494.833,494.833,4.0
3355,494.667,494.667,494.667,494.667,4.0
3356,494.5,494.5,494.5,494.5,4.0
3357,494.333,494.333,494.333,494.333,4.0
3358,494.167,494.167,494.167,494.167,4.0
3359,494.0,494.0,494.0,494.0,4.0
3360,493.833,493.833,493.833,493.833,4.0
3361,493.667,493.667,493.667,493.667,4.0
3362,493.5,493.5,493.5,493.5,4.0
3363,493.333,493.333,493.333,493.333,4.0
3364,493.167,493.167,493.167,493.167,4.0
3365,493.0,493.0,493.0,493.0,4.0
3366,492.833,492.833,492.833,492.833,4.0
3367,492.667,492.667,492.667,492.667,4.0
3368,492.5,492.5,492.5,492.5,4.0
3369,492.333,492.333,492.333,492.333,4.0
3370,492.167,492.167,492.167,492.167,4.0
3371,492.0,492.0,492.0,492.0,4.0
3372,491.833,491.833,491.833,491.833,4.0
3373,491.667,491.667,491.667,491.667,4.0
3374,491.5,491.5,491.5,491.5,4.0
3375,491.333,491.333,491.333,491.333,4.0
3376,491.167,491.167,491.167,491.167,4.0
3377,491.0,491.0,491.0,491.0,4.0
3378,490.833,490.833,490.833,490.833,4.0
3379,490.667,490.667,490.667,490.667,4.0
3380,490.5,490.5,490.5,490.5,4.0
3381,490.333,490.333,490.333,490.333,4.0
3382,490.167,490.167,490.167,490.167,4.0
3383,490.0,490.0,490.0,490.0,4.0
3384,489.833,489.833,489.833,489.833,4.0
3385,489.667,489.667,489.667,489.667,4.0
3386,489.5,489.5,489.5,489.5,4.0
3387,489.333,489.333,489.333,489.333,4.0
3388,489.167,489.167,489.167,489.167,4.0
3389,489.0,489.0,489.0,489.0,4.0
3390,488.833,488.833,488.833,488.833,4.0
3391,488.667,488.667,488.667,488.667,4.0
3392,488.5,488.5,488.5,488.5,4.0
3393,488.333,488.333,488.333,488.333,4.0
3394,488.167,488.167,488.167,488.167,4.0
3395,488.0,488.0,488.0,488.0,4.0
3396,487.833,487.833,487.833,487.833,4.0
3397,487.667,487.667,487.667,487.667,4.0
3398,487.5,487.5,487.5,487.5,4.0
3399,487.333,487.333,487.333,487.333,4.0
3400,487.167,487.167,487.167,487.167,4.0
3401,487.0,487.0,487.0,487.0,4.0
3402,486.833,486.833,486.833,486.833,4.0
3403,486.667,486.667,486.667,486.667,4.0
3404,486.5,486.5,486.5,486.5,4.0
3405,486.333,486.333,486.333,486.333,4.0
3406,486.167,486.167,486.167,486.167,4.0
3407,486.0,486.0,486.0,486.0,4.0
3408,485.833,485.833,485.833,485.833,4.0
3409,485.667,485.667,485.667,485.667,4.0
3410,485.5,485.5,485.5,485.5,4.0
3411,485.333,485.333,485.333,485.333,4.0
3412,485.167,485.167,485.167,485.167,4.0
3413,485.0,485.0,485.0,485.0,4.0
3414,484.833,484.833,484.833,484.833,4.0
3415,484.667,484.667,484.667,484.667,4.0
3416,484.5,484.5,484.5,484.5,4.0
3417,484.333,484.333,484.333,484.333,4.0
3418,484.167,484.167,484.167,484.167,4.0
3419,484.0,484.0,484.0,484.0,4.0
3420,483.833,483.833,483.833,483.833,4.0
3421,483.667,483.667,483.667,483.667,4.0
3422,483.5,483.5,483.5,483.5,4.0
3423,483.333,483.333,483.333,483.333,4.0
3424,483.167,483.167,483.167,483.167,4.0
3425,483.0,483.0,483.0,483.0,4.0
3426,482.833,482.833,482.833,482.833,4.0
3427,482.667,482.667,482.667,482.667,4.0
3428,482.5,482.5,482.5,482.5,4.0
3429,482.333,482.333,482.333,482.333,4.0
3430,482.167,482.167,482.167,482.167,4.0
3431,482.0,482.0,482.0,482.0,4.0
3432,481.833,481.833,481.833,481.833,4.0
3433,481.667,481.667,481.667,481.667,4.0
3434,481.5,481.5,481.5,481.5,4.0
3435,481.333,481.333,481.333,481.333,4.0
3436,481.167,481.167,481.167,481.167,4.0
3437,481.0,481.0,481.0,481.0,4.0
3438,480.833,480.833,480.833,480.833,4.0
3439,480.667,480.667,480.667,480.667,4.0
3440,480.5,480.5,480.5,480.5,4.0
3441,480.333,480.333,480.333,480.333,4.0
3442,480.167,480.167,480.167,480.167,4.0
3443,480.0,480.0,480.0,480.0,4.0
3444,479.833,479.833,479.833,479.833,4.0
3445,479.667,479.667,479.667,479.667,4.0
3446,479.5,479.5,479.5,479.5,4.0
3447,479.333,479.333,479.333,479.333,4.0
3448,479.167,479.167,479.167,479.167,4.0
3449,479.0,479.0,479.0,479.0,4.0
3450,478.833,478.833,478.833,478.833,4.0
3451,478.667,478.667,478.667,478.667,4.0
3452,478.5,478.5,478.5,478.5,4.0
3453,478.333,478.333,478.333,478.333,4.0
3454,478.167,478.167,478.167,478.167,4.0
3455,478.0,478.0,478.0,478.0,4.0
3456,477.833,477.833,477.833,477.833,4.0
3457,477.667,477.667,477.667,477.667,4.0
3458,477.5,477.5,477.5,477.5,4.0
3459,477.333,477.333,477.333,477.333,4.0
3460,477.167,477.167,477.167,477.167,4.0
3461,477.0,477.0,477.0,477.0,4.0
3462,476.833,476.833,476.833,476.833,4.0
3463,476.667,476.667,476.667,476.667,4.0
3464,476.5,476.5,476.5,476.5,4.0
3465,476.333,476.333,476.333,476.333,4.0
3466,476.167,476.167,476.167,476.167,4.0
3467,476.0,476.0,476.0,476.0,4.0
3468,475.833,475.833,475.833,475.833,4.0
3469,475.667,475.667,475.667,475.667,4.0
3470,475.5,475.5,475.5,475.5,4.0
3471,475.333,475.333,475.333,475.333,4.0
3472,475.167,475.167,475.167,475.167,4.0
3473,475.0,475.0,475.0,475.0,4.0
3474,474.833,474.833,474.833,474.833,4.0
3475,474.667,474.667,474.667,474.667,4.0
3476,474.5,474.5,474.5,474.5,4.0
3477,474.333,474.333,474.333,474.333,4.0
3478,474.167,474.167,474.167,474.167,4.0
3479,474.0,474.0,474.0,474.0,4.0
3480,473.833,473.833,473.833,473.833,4.0
3481,473.667,473.667,473.667,473.667,4.0
3482,473.5,473.5,473.5,473.5,4.0
3483,473.333,473.333,473.333,473.333,4.0
3484,473.167,473.167,473.167,473.167,4.0
3485,473.0,473.0,473.0,473.0,4.0
3486,472.833,472.833,472.833,472.833,4.0
3487,472.667,472.667,472.667,472.667,4.0
3488,472.5,472.5,472.5,472.5,4.0
3489,472.333,472.333,472.333,472.333,4.0
3490,472.167,472.167,472.167,472.167,4.0
3491,472.0,472.0,472.0,472.0,4.0
3492,471.833,471.833,471.833,471.833,4.0
3493,471.667,471.667,471.667,471.667,4.0
3494,471.5,471.5,471.5,471.5,4.0
3495,471.333,471.333,471.333,471.333,4.0
3496,471.167,471.167,471.167,471.167,4.0
3497,471.0,471.0,471.0,471.0,4.0
3498,470.833,470.833,470.833,470.833,4.0
3499,470.667,470.667,470.667,470.667,4.0
3500,470.5,470.5,470.5,470.5,4.0
3501,470.333,470.333,470.333,470.333,4.0
3502,470.167,470.167,470.167,470.167,4.0
3503,470.0,470.0,470.0,470.0,4.0
3504,469.833,469.833,469.833,469.833,4.0
3505,469.667,469.667,469.667,469.667,4.0
3506,469.5,469.5,469.5,469.5,4.0
3507,469.333,469.333,469.333,469.333,4.0
3508,469.167,469.167,469.167,469.167,4.0
3509,469.0,469.0,469.0,469.0,4.0
3510,468.833,468.833,468.833,468.833,4.0
3511,468.667,468.667,468.667,468.667,4.0
3512,468.5,468.5,468.5,468.5,4.0
3513,468.333,468.333,468.333,468.333,4.0
3514,468.167,468.167,468.167,468.167,4.0
3515,468.0,468.0,468.0,468.0,4.0
3516,467.833,467.833,467.833,467.833,4.0
3517,467.667,467.667,467.667,467.667,4.0
3518,467.5,467.5,467.5,467.5,4.0
3519,467.333,467.333,467.333,467.333,4.0
3520,467.167,467.167,467.167,467.167,4.0
3521,467.0,467.0,467.0,467.0,4.0
3522,466.833,466.833,466.833,466.833,4.0
3523,466.667,466.667,466.667,466.667,4.0
3524,466.5,466.5,466.5,466.5,4.0
3525,466.333,466.333,466.333,466.333,4.0
3526,466.167,466.167,466.167,466.167,4.0
3527,466.0,466.0,466.0,466.0,4.0
3528,465.833,465.833,465.833,465.833,4.0
3529,465.667,465.667,465.667,465.667,4.0
3530,465.5,465.5,465.5,465.5,4.0
3531,465.333,465.333,465.333,465.333,4.0
3532,465.167,465.167,465.167,465.167,4.0
3533,465.0,465.0,465.0,465.0,4.0
3534,464.833,464.833,464.833,464.833,4.0
3535,464.667,464.667,464.667,464.667,4.0
3536,464.5,464.5,464.5,464.5,4.0
3537,464.333,464.333,464.333,464.333,4.0
3538,464.167,464.167,464.167,464.167,4.0
3539,464.0,464.0,464.0,464.0,4.0
3540,463.833,463.833,463.833,463.833,4.0
3541,463.667,463.667,463.667,463.667,4.0
3542,463.5,463.5,463.5,463.5,4.0
3543,463.333,463.333,463.333,463.333,4.0
3544,463.167,463.167,463.167,463.167,4.0
3545,463.0,463.0,463.0,463.0,4.0
3546,462.833,462.833,462.833,462.833,4.0
3547,462.667,462.667,462.667,462.667,4.0
3548,462.5,462.5,462.5,462.5,4.0
3549,462.333,462.333,462.333,462.333,4.0
3550,462.167,462.167,462.167,462.167,4.0
3551,462.0,462.0,462.0,462.0,4.0
3552,461.833,461.833,461.833,461.833,4.0
3553,461.667,461.667,461.667,461.667,4.0
3554,461.5,461.5,461.5,461.5,4.0
3555,461.333,461.333,461.333,461.333,4.0
3556,461.167,461.167,461.167,461.167,4.0
3557,461.0,461.0,461.0,461.0,4.0
3558,460.833,460.833,460.833,460.833,4.0
3559,460.667,460.667,460.667,460.667,4.0
3560,460.5,460.5,460.5,460.5,4.0
3561,460.333,460.333,460.333,460.333,4.0
3562,460.167,460.167,460.167,460.167,4.0
3563,460.0,460.0,460.0,460.0,4.0
3564,459.833,459.833,459.833,459.833,4.0
3565,459.667,459.667,459.667,459.667,4.0
3566,459.5,459.5,459.5,459.5,4.0
3567,459.333,459.333,459.333,459.333,4.0
3568,459.167,459.167,459.167,459.167,4.0
3569,459.0,459.0,459.0,459.0,4.0
3570,458.833,458.833,458.833,458.833,4.0
3571,458.667,458.667,458.667,458.667,4.0
3572,458.5,458.5,458.5,458.5,4.0
3573,458.333,458.333,458.333,458.333,4.0
3574,458.167,458.167,458.167,458.167,4.0
3575,458.0,458.0,458.0,458.0,4.0
3576,457.833,457.833,457.833,457.833,4.0
3577,457.667,457.667,457.667,457.667,4.0
3578,457.5,457.5,457.5,457.5,4.0
3579,457.333,457.333,457.333,457.333,4.0
3580,457.167,457.167,457.167,457.167,4.0
3581,457.0,457.0,457.0,457.0,4.0
3582,456.833,456.833,456.833,456.833,4.0
3583,456.667,456.667,456.667,456.667,4.0
3584,456.5,456.5,456.5,456.5,4.0
3585,456.333,456.333,456.333,456.333,4.0
3586,456.167,456.167,456.167,456.167,4.0
3587,456.0,456.0,456.0,456.0,4.0
3588,455.833,455.833,455.833,455.833,4.0
3589,455.667,455.667,455.667,455.667,4.0
3590,455.5,455.5,455.5,455.5,4.0
3591,455.333,455.333,455.333,455.333,4.0
3592,455.167,455.167,455.167,455.167,4.0
3593,455.0,455.0,455.0,455.0,4.0
3594,454.833,454.833,454.833,454.833,4.0
3595,454.667,454.667,454.667,454.667,4.0
3596,454.5,454.5,454.5,454.5,4.0
3597,454.333,454.333,454.333,454.333,4.0
3598,454.167,454.167,454.167,454.167,4.0
3599,454.0,454.0,454.0,454.0,4.0
3600,453.833,453.833,453.833,453.833,4.0
3601,453.667,453.667,453.667,453.667,4.0
3602,453.5,453.5,453.5,453.5,4.0
3603,453.333,453.333,453.333,453.333,4.0
3604,453.167,453.167,453.167,453.167,4.0
3605,453.0,453.0,453.0,453.0,4.0
3606,452.833,452.833,452.833,452.833,4.0
3607,452.667,452.667,452.667,452.667,4.0
3608,452.5,452.5,452.5,452.5,4.0
3609,452.333,452.333,452.333,452.333,4.0
3610,452.167,452.167,452.167,452.167,4.0
3611,452.0,452.0,452.0,452.0,4.0
3612,451.833,451.833,451.833,451.833,4.0
3613,451.667,451.667,451.667,451.667,4.0
3614,451.5,451.5,451.5,451.5,4.0
3615,451.333,451.333,451.333,451.333,4.0
3616,451.167,451.167,451.167,451.167,4.0
3617,451.0,451.0,451.0,451.0,4.0
3618,450.833,450.833,450.833,450.833,4.0
3619,450.667,450.667,450.667,450.667,4.0
3620,450.5,450.5,450.5,450.5,4.0
3621,450.333,450.333,450.333,450.333,4.0
3622,450.167,450.167,450.167,450.167,4.0
3623,450.0,450.0,450.0,450.0,4.0
3624,449.833,449.833,449.833,449.833,4.0
3625,449.667,449.667,449.667,449.667,4.0
3626,449.5,449.5,449.5,449.5,4.0
3627,449.333,449.333,449.333,449.333,4.0
3628,449.167,449.167,449.167,449.167,4.0
3629,449.0,449.0,449.0,449.0,4.0
3630,448.833,448.833,448.833,448.833,4.0
3631,448.667,448.667,448.667,448.667,4.0
3632,448.5,448.5,448.5,448.5,4.0
3633,448.333,448.333,448.333,448.333,4.0
3634,448.167,448.167,448.167,448.167,4.0
3635,448.0,448.0,448.0,448.0,4.0
3636,447.833,447.833,447.833,447.833,4.0
3637,447.667,447.667,447.667,447.667,4.0
3638,447.5,447.5,447.5,447.5,4.0
3639,447.333,447.333,447.333,447.333,4.0
3640,447.167,447.167,447.167,447.167,4.0
3641,447.0,447.0,447.0,447.0,4.0
3642,446.833,446.833,446.833,446.833,4.0
3643,446.667,446.667,446.667,446.667,4.0
3644,446.5,446.5,446.5,446.5,4.0
3645,446.333,446.333,446.333,446.333,4.0
3646,446.167,446.167,446.167,446.167,4.0
3647,446.0,446.0,446.0,446.0,4.0
3648,445.833,445.833,445.833,445.833,4.0
3649,445.667,445.667,445.667,445.667,4.0
3650,445.5,445.5,445.5,445.5,4.0
3651,445.333,445.333,445.333,445.333,4.0
3652,445.167,445.167,445.167,445.167,4.0
3653,445.0,445.0,445.0,445.0,4.0
3654,444.833,444.833,444.833,444.833,4.0
3655,444.667,444.667,444.667,444.667,4.0
3656,444.5,444.5,444.5,444.5,4.0
3657,444.333,444.333,444.333,444.333,4.0
3658,444.167,444.167,444.167,444.167,4.0
3659,444.0,444.0,444.0,444.0,4.0
3660,443.833,443.833,443.833,443.833,4.0
3661,443.667,443.667,443.667,443.667,4.0
3662,443.5,443.5,443.5,443.5,4.0
3663,443.333,443.333,443.333,443.333,4.0
3664,443.167,443.167,443.167,443.167,4.0
3665,443.0,443.0,443.0,443.0,4.0
3666,442.833,442.833,442.833,442.833,4.0
3667,442.667,442.667,442.667,442.667,4.0
3668,442.5,442.5,442.5,442.5,4.0
3669,442.333,442.333,442.333,442.333,4.0
3670,442.167,442.167,442.167,442.167,4.0
3671,442.0,442.0,442.0,442.0,4.0
3672,441.833,441.833,441.833,441.833,4.0
3673,441.667,441.667,441.667,441.667,4.0
3674,441.5,441.5,441.5,441.5,4.0
3675,441.333,441.333,441.333,441.333,4.0
3676,441.167,441.167,441.167,441.167,4.0
3677,441.0,441.0,441.0,441.0,4.0
3678,440.833,440.833,440.833,440.833,4.0
3679,440.667,440.667,440.667,440.667,4.0
3680,440.5,440.5,440.5,440.5,4.0
3681,440.333,440.333,440.333,440.333,4.0
3682,440.167,440.167,440.167,440.167,4.0
3683,440.0,440.0,440.0,440.0,4.0
3684,439.833,439.833,439.833,439.833,4.0
3685,439.667,439.667,439.667,439.667,4.0
3686,439.5,439.5,439.5,439.5,4.0
3687,439.333,439.333,439.333,439.333,4.0
3688,439.167,439.167,439.167,439.167,4.0
3689,439.0,439.0,439.0,439.0,4.0
3690,438.833,438.833,438.833,438.833,4.0
3691,438.667,438.667,438.667,438.667,4.0
3692,438.5,438.5,438.5,438.5,4.0
3693,438.333,438.333,438.333,438.333,4.0
3694,438.167,438.167,438.167,438.167,4.0
3695,438.0,438.0,438.0,438.0,4.0
3696,437.833,437.833,437.833,437.833,4.0
3697,437.667,437.667,437.667,437.667,4.0
3698,437.5,437.5,437.5,437.5,4.0
3699,437.333,437.333,437.333,437.333,4.0
3700,437.167,437.167,437.167,437.167,4.0
3701,437.0,437.0,437.0,437.0,4.0
3702,436.833,436.833,436.833,436.833,4.0
3703,436.667,436.667,436.667,436.667,4.0
3704,436.5,436.5,436.5,436.5,4.0
3705,436.333,436.333,436.333,436.333,4.0
3706,436.167,436.167,436.167,436.167,4.0
3707,436.0,436.0,436.0,436.0,4.0
3708,435.833,435.833,435.833,435.833,4.0
3709,435.667,435.667,435.667,435.667,4.0
3710,435.5,435.5,435.5,435.5,4.0
3711,435.333,435.333,435.333,435.333,4.0
3712,435.167,435.167,435.167,435.167,4.0
3713,435.0,435.0,435.0,435.0,4.0
3714,434.833,434.833,434.833,434.833,4.0
3715,434.667,434.667,434.667,434.667,4.0
3716,434.5,434.5,434.5,434.5,4.0
3717,434.333,434.333,434.333,434.333,4.0
3718,434.167,434.167,434.167,434.167,4.0
3719,434.0,434.0,434.0,434.0,4.0
3720,433.833,433.833,433.833,433.833,4.0
3721,433.667,433.667,433.667,433.667,4.0
3722,433.5,433.5,433.5,433.5,4.0
3723,433.333,433.333,433.333,433.333,4.0
3724,433.167,433.167,433.167,433.167,4.0
3725,433.0,433.0,433.0,433.0,4.0
3726,432.833,432.833,432.833,432.833,4.0
3727,432.667,432.667,432.667,432.667,4.0
3728,432.5,432.5,432.5,432.5,4.0
3729,432.333,432.333,432.333,432.333,4.0
3730,432.167,432.167,432.167,432.167,4.0
3731,432.0,432.0,432.0,432.0,4.0
3732,431.833,431.833,431.833,431.833,4.0
3733,431.667,431.667,431.667,431.667,4.0
3734,431.5,431.5,431.5,431.5,4.0
3735,431.333,431.333,431.333,431.333,4.0
3736,431.167,431.167,431.167,431.167,4.0
3737,431.0,431.0,431.0,431.0,4.0
3738,430.833,430.833,430.833,430.833,4.0
3739,430.667,430.667,430.667,430.667,4.0
3740,430.5,430.5,430.5,430.5,4.0
3741,430.333,430.333,430.333,430.333,4.0
3742,430.167,430.167,430.167,430.167,4.0
3743,430.0,430.0,430.0,430.0,4.0
3744,429.833,429.833,429.833,429.833,4.0
3745,429.667,429.667,429.667,429.667,4.0
3746,429.5,429.5,429.5,429.5,4.0
3747,429.333,429.333,429.333,429.333,4.0
3748,429.167,429.167,429.167,429.167,4.0
3749,429.0,429.0,429.0,429.0,4.0
3750,428.833,428.833,428.833,428.833,4.0
3751,428.667,428.667,428.667,428.667,4.0
3752,428.5,428.5,428.5,428.5,4.0
3753,428.333,428.333,428.333,428.333,4.0
3754,428.167,428.167,428.167,428.167,4.0
3755,428.0,428.0,428.0,428.0,4.0
3756,427.833,427.833,427.833,427.833,4.0
3757,427.667,427.667,427.667,427.667,4.0
3758,427.5,427.5,427.5,427.5,4.0
3759,427.333,427.333,427.333,427.333,4.0
3760,427.167,427.167,427.167,427.167,4.0
3761,427.0,427.0,427.0,427.0,4.0
3762,426.833,426.833,426.833,426.833,4.0
3763,426.667,426.667,426.667,426.667,4.0
3764,426.5,426.5,426.5,426.5,4.0
3765,426.333,426.333,426.333,426.333,4.0
3766,426.167,426.167,426.167,426.167,4.0
3767,426.0,426.0,426.0,426.0,4.0
3768,425.833,425.833,425.833,425.833,4.0
3769,425.667,425.667,425.667,425.667,4.0
3770,425.5,425.5,425.5,425.5,4.0
3771,425.333,425.333,425.333,425.333,4.0
3772,425.167,425.167,425.167,425.167,4.0
3773,425.0,425.0,425.0,425.0,4.0
3774,424.833,424.833,424.833,424.833,4.0
3775,424.667,424.667,424.667,424.667,4.0
3776,424.5,424.5,424.5,424.5,4.0
3777,424.333,424.333,424.333,424.333,4.0
3778,424.167,424.167,424.167,424.167,4.0
3779,424.0,424.0,424.0,424.0,4.0
3780,423.833,423.833,423.833,423.833,4.0
3781,423.667,423.667,423.667,423.667,4.0
3782,423.5,423.5,423.5,423.5,4.0
3783,423.333,423.333,423.333,423.333,4.0
3784,423.167,423.167,423.167,423.167,4.0
3785,423.0,423.0,423.0,423.0,4.0
3786,422.833,422.833,422.833,422.833,4.0
3787,422.667,422.667,422.667,422.667,4.0
3788,422.5,422.5,422.5,422.5,4.0
3789,422.333,422.333,422.333,422.333,4.0
3790,422.167,422.167,422.167,422.167,4.0
3791,422.0,422.0,422.0,422.0,4.0
3792,421.833,421.833,421.833,421.833,4.0
3793,421.667,421.667,421.667,421.667,4.0
3794,421.5,421.5,421.5,421.5,4.0
3795,421.333,421.333,421.333,421.333,4.0
3796,421.167,421.167,421.167,421.167,4.0
3797,421.0,421.0,421.0,421.0,4.0
3798,420.833,420.833,420.833,420.833,4.0
3799,420.667,420.667,420.667,420.667,4.0
3800,420.5,420.5,420.5,420.5,4.0
3801,420.333,420.333,420.333,420.333,4.0
3802,420.167,420.167,420.167,420.167,4.0
3803,420.0,420.0,420.0,420.0,4.0
3804,419.833,419.833,419.833,419.833,4.0
3805,419.667,419.667,419.667,419.667,4.0
3806,419.5,419.5,419.5,419.5,4.0
3807,419.333,419.333,419.333,419.333,4.0
3808,419.167,419.167,419.167,419.167,4.0
3809,419.0,419.0,419.0,419.0,4.0
3810,418.833,418.833,418.833,418.833,4.0
3811,418.667,418.667,418.667,418.667,4.0
3812,418.5,418.5,418.5,418.5,4.0
3813,418.333,418.333,418.333,418.333,4.0
3814,418.167,418.167,418.167,418.167,4.0
3815,418.0,418.0,418.0,418.0,4.0
3816,417.833,417.833,417.833,417.833,4.0
3817,417.667,417.667,417.667,417.667,4.0
3818,417.5,417.5,417.5,417.5,4.0
3819,417.333,417.333,417.333,417.333,4.0
3820,417.167,417.167,417.167,417.167,4.0
3821,417.0,417.0,417.0,417.0,4.0
3822,416.833,416.833,416.833,416.833,4.0
3823,416.667,416.667,416.667,416.667,4.0
3824,416.5,416.5,416.5,416.5,4.0
3825,416.333,416.333,416.333,416.333,4.0
3826,416.167,416.167,416.167,416.167,4.0
3827,416.0,416.0,416.0,416.0,4.0
3828,415.833,415.833,415.833,415.833,4.0
3829,415.667,415.667,415.667,415.667,4.0
3830,415.5,415.5,415.5,415.5,4.0
3831,415.333,415.333,415.333,415.333,4.0
3832,415.167,415.167,415.167,415.167,4.0
3833,415.0,415.0,415.0,415.0,4.0
3834,414.833,414.833,414.833,414.833,4.0
3835,414.667,414.667,414.667,414.667,4.0
3836,414.5,414.5,414.5,414.5,4.0
3837,414.333,414.333,414.333,414.333,4.0
3838,414.167,414.167,414.167,414.167,4.0
3839,414.0,414.0,414.0,414.0,4.0
3840,413.833,413.833,413.833,413.833,4.0
3841,413.667,413.667,413.667,413.667,4.0
3842,413.5,413.5,413.5,413.5,4.0
3843,413.333,413.333,413.333,413.333,4.0
3844,413.167,413.167,413.167,413.167,4.0
3845,413.0,413.0,413.0,413.0,4.0
3846,412.833,412.833,412.833,412.833,4.0
3847,412.667,412.667,412.667,412.667,4.0
3848,412.5,412.5,412.5,412.5,4.0
3849,412.333,412.333,412.333,412.333,4.0
3850,412.167,412.167,412.167,412.167,4.0
3851,412.0,412.0,412.0,412.0,4.0
3852,411.833,411.833,411.833,411.833,4.0
3853,411.667,411.667,411.667,411.667,4.0
3854,411.5,411.5,411.5,411.5,4.0
3855,411.333,411.333,411.333,411.333,4.0
3856,411.167,411.167,411.167,411.167,4.0
3857,411.0,411.0,411.0,411.0,4.0
3858,410.833,410.833,410.833,410.833,4.0
3859,410.667,410.667,410.667,410.667,4.0
3860,410.5,410.5,410.5,410.5,4.0
3861,410.333,410.333,410.333,410.333,4.0
3862,410.167,410.167,410.167,410.167,4.0
3863,410.0,410.0,410.0,410.0,4.0
3864,409.833,409.833,409.833,409.833,4.0
3865,409.667,409.667,409.667,409.667,4.0
3866,409.5,409.5,409.5,409.5,4.0
3867,409.333,409.333,409.333,409.333,4.0
3868,409.167,409.167,409.167,409.167,4.0
3869,409.0,409.0,409.0,409.0,4.0
3870,408.833,408.833,408.833,408.833,4.0
3871,408.667,408.667,408.667,408.667,4.0
3872,408.5,408.5,408.5,408.5,4.0
3873,408.333,408.333,408.333,408.333,4.0
3874,408.167,408.167,408.167,408.167,4.0
3875,408.0,408.0,408.0,408.0,4.0
3876,407.833,407.833,407.833,407.833,4.0
3877,407.667,407.667,407.667,407.667,4.0
3878,407.5,407.5,407.5,407.5,4.0
3879,407.333,407.333,407.333,407.333,4.0
3880,407.167,407.167,407.167,407.167,4.0
3881,407.0,407.0,407.0,407.0,4.0
3882,406.833,406.833,406.833,406.833,4.0
3883,406.667,406.667,406.667,406.667,4.0
3884,406.5,406.5,406.5,406.5,4.0
3885,406.333,406.333,406.333,406.333,4.0
3886,406.167,406.167,406.167,406.167,4.0
3887,406.0,406.0,406.0,406.0,4.0
3888,405.833,405.833,405.833,405.833,4.0
3889,405.667,405.667,405.667,405.667,4.0
3890,405.5,405.5,405.5,405.5,4.0
3891,405.333,405.333,405.333,405.333,4.0
3892,405.167,405.167,405.167,405.167,4.0
3893,405.0,405.0,405.0,405.0,4.0
3894,404.833,404.833,404.833,404.833,4.0
3895,404.667,404.667,404.667,404.667,4.0
3896,404.5,404.5,404.5,404.5,4.0
3897,404.333,404.333,404.333,404.333,4.0
3898,404.167,404.167,404.167,404.167,4.0
3899,404.0,404.0,404.0,404.0,4.0
3900,403.833,403.833,403.833,403.833,4.0
3901,403.667,403.667,403.667,403.667,4.0
3902,403.5,403.5,403.5,403.5,4.0
3903,403.333,403.333,403.333,403.333,4.0
3904,403.167,403.167,403.167,403.167,4.0
3905,403.0,403.0,403.0,403.0,4.0
3906,402.833,402.833,402.833,402.833,4.0
3907,402.667,402.667,402.667,402.667,4.0
3908,402.5,402.5,402.5,402.5,4.0
3909,402.333,402.333,402.333,402.333,4.0
3910,402.167,402.167,402.167,402.167,4.0
3911,402.0,402.0,402.0,402.0,4.0
3912,401.833,401.833,401.833,401.833,4.0
3913,401.667,401.667,401.667,401.667,4.0
3914,401.5,401.5,401.5,401.5,4.0
3915,401.333,401.333,401.333,401.333,4.0
3916,401.167,401.167,401.167,401.167,4.0
3917,401.0,401.0,401.0,401.0,4.0
3918,400.833,400.833,400.833,400.833,4.0
3919,400.667,400.667,400.667,400.667,4.0
3920,400.5,400.5,400.5,400.5,4.0
3921,400.333,400.333,400.333,400.333,4.0
3922,400.167,400.167,400.167,400.167,4.0
3923,400.0,400.0,400.0,400.0,4.0
3924,399.833,399.833,399.833,399.833,4.0
3925,399.667,399.667,399.667,399.667,4.0
3926,399.5,399.5,399.5,399.5,4.0
3927,399.333,399.333,399.333,399.333,4.0
3928,399.167,399.167,399.167,399.167,4.0
3929,399.0,399.0,399.0,399.0,4.0
3930,398.833,398.833,398.833,398.833,4.0
3931,398.667,398.667,398.667,398.667,4.0
3932,398.5,398.5,398.5,398.5,4.0
3933,398.333,398.333,398.333,398.333,4.0
3934,398.167,398.167,398.167,398.167,4.0
3935,398.0,398.0,398.0,398.0,4.0
3936,397.833,397.833,397.833,397.833,4.0
3937,397.667,397.667,397.667,397.667,4.0
3938,397.5,397.5,397.5,397.5,4.0
3939,397.333,397.333,397.333,397.333,4.0
3940,397.167,397.167,397.167,397.167,4.0
3941,397.0,397.0,397.0,397.0,4.0
3942,396.833,396.833,396.833,396.833,4.0
3943,396.667,396.667,396.667,396.667,4.0
3944,396.5,396.5,396.5,396.5,4.0
3945,396.333,396.333,396.333,396.333,4.0
3946,396.167,396.167,396.167,396.167,4.0
3947,396.0,396.0,396.0,396.0,4.0
3948,395.833,395.833,395.833,395.833,4.0
3949,395.667,395.667,395.667,395.667,4.0
3950,395.5,395.5,395.5,395.5,4.0
3951,395.333,395.333,395.333,395.333,4.0
3952,395.167,395.167,395.167,395.167,4.0
3953,395.0,395.0,395.0,395.0,4.0
3954,394.833,394.833,394.833,394.833,4.0
3955,394.667,394.667,394.667,394.667,4.0
3956,394.5,394.5,394.5,394.5,4.0
3957,394.333,394.333,394.333,394.333,4.0
3958,394.167,394.167,394.167,394.167,4.0
3959,394.0,394.0,394.0,394.0,4.0
3960,393.833,393.833,393.833,393.833,4.0
3961,393.667,393.667,393.667,393.667,4.0
3962,393.5,393.5,393.5,393.5,4.0
3963,393.333,393.333,393.333,393.333,4.0
3964,393.167,393.167,393.167,393.167,4.0
3965,393.0,393.0,393.0,393.0,4.0
3966,392.833,392.833,392.833,392.833,4.0
3967,392.667,392.667,392.667,392.667,4.0
3968,392.5,392.5,392.5,392.5,4.0
3969,392.333,392.333,392.333,392.333,4.0
3970,392.167,392.167,392.167,392.167,4.0
3971,392.0,392.0,392.0,392.0,4.0
3972,391.833,391.833,391.833,391.833,4.0
3973,391.667,391.667,391.667,391.667,4.0
3974,391.5,391.5,391.5,391.5,4.0
3975,391.333,391.333,391.333,391.333,4.0
3976,391.167,391.167,391.167,391.167,4.0
3977,391.0,391.0,391.0,391.0,4.0
3978,390.833,390.833,390.833,390.833,4.0
3979,390.667,390.667,390.667,390.667,4.0
3980,390.5,390.5,390.5,390.5,4.0
3981,390.333,390.333,390.333,390.333,4.0
3982,390.167,390.167,390.167,390.167,4.0
3983,390.0,390.0,390.0,390.0,4.0
3984,389.833,389.833,389.833,389.833,4.0
3985,389.667,389.667,389.667,389.667,4.0
3986,389.5,389.5,389.5,389.5,4.0
3987,389.333,389.333,389.333,389.333,4.0
3988,389.167,389.167,389.167,389.167,4.0
3989,389.0,389.0,389.0,389.0,4.0
3990,388.833,388.833,388.833,388.833,4.0
3991,388.667,388.667,388.667,388.667,4.0
3992,388.5,388.5,388.5,388.5,4.0
3993,388.333,388.333,388.333,388.333,4.0
3994,388.167,388.167,388.167,388.167,4.0
3995,388.0,388.0,388.0,388.0,4.0
3996,387.833,387.833,387.833,387.833,4.0
3997,387.667,387.667,387.667,387.667,4.0
3998,387.5,387.5,387.5,387.5,4.0
3999,387.333,387.333,387.333,387.333,4.0
4000,387.167,387.167,387.167,387.167,4.0
4001,387.0,387.0,387.0,387.0,4.0
4002,386.833,386.833,386.833,386.833,4.0
4003,386.667,386.667,386.667,386.667,4.0
4004,386.5,386.5,386.5,386.5,4.0
4005,386.333,386.333,386.333,386.333,4.0
4006,386.167,386.167,386.167,386.167,4.0
4007,386.0,386.0,386.0,386.0,4.0
4008,385.833,385.833,385.833,385.833,4.0
4009,385.667,385.667,385.667,385.667,4.0
4010,385.5,385.5,385.5,385.5,4.0
4011,385.333,385.333,385.333,385.333,4.0
4012,385.167,385.167,385.167,385.167,4.0
4013,385.0,385.0,385.0,385.0,4.0
4014,384.833,384.833,384.833,384.833,4.0
4015,384.667,384.667,384.667,384.667,4.0
4016,384.5,384.5,384.5,384.5,4.0
4017,384.333,384.333,384.333,384.333,4.0
4018,384.167,384.167,384.167,384.167,4.0
4019,384.0,384.0,384.0,384.0,4.0
4020,383.833,383.833,383.833,383.833,4.0
4021,383.667,383.667,383.667,383.667,4.0
4022,383.5,383.5,383.5,383.5,4.0
4023,383.333,383.333,383.333,383.333,4.0
4024,383.167,383.167,383.167,383.167,4.0
4025,383.0,383.0,383.0,383.0,4.0
4026,382.833,382.833,382.833,382.833,4.0
4027,382.667,382.667,382.667,382.667,4.0
4028,382.5,382.5,382.5,382.5,4.0
4029,382.333,382.333,382.333,382.333,4.0
4030,382.167,382.167,382.167,382.167,4.0
4031,382.0,382.0,382.0,382.0,4.0
4032,381.833,381.833,381.833,381.833,4.0
4033,381.667,381.667,381.667,381.667,4.0
4034,381.5,381.5,381.5,381.5,4.0
4035,381.333,381.333,381.333,381.333,4.0
4036,381.167,381.167,381.167,381.167,4.0
4037,381.0,381.0,381.0,381.0,4.0
4038,380.833,380.833,380.833,380.833,4.0
4039,380.667,380.667,380.667,380.667,4.0
4040,380.5,380.5,380.5,380.5,4.0
4041,380.333,380.333,380.333,380.333,4.0
4042,380.167,380.167,380.167,380.167,4.0
4043,380.0,380.0,380.0,380.0,4.0
4044,379.833,379.833,379.833,379.833,4.0
4045,379.667,379.667,379.667,379.667,4.0
4046,379.5,379.5,379.5,379.5,4.0
4047,379.333,379.333,379.333,379.333,4.0
4048,379.167,379.167,379.167,379.167,4.0
4049,379.0,379.0,379.0,379.0,4.0
4050,378.833,378.833,378.833,378.833,4.0
4051,378.667,378.667,378.667,378.667,4.0
4052,378.5,378.5,378.5,378.5,4.0
4053,378.333,378.333,378.333,378.333,4.0
4054,378.167,378.167,378.167,378.167,4.0
4055,378.0,378.0,378.0,378.0,4.0
4056,377.833,377.833,377.833,377.833,4.0
4057,377.667,377.667,377.667,377.667,4.0
4058,377.5,377.5,377.5,377.5,4.0
4059,377.333,377.333,377.333,377.333,4.0
4060,377.167,377.167,377.167,377.167,4.0
4061,377.0,377.0,377.0,377.0,4.0
4062,376.833,376.833,376.833,376.833,4.0
4063,376.667,376.667,376.667,376.667,4.0
4064,376.5,376.5,376.5,376.5,4.0
4065,376.333,376.333,376.333,376.333,4.0
4066,376.167,376.167,376.167,376.167,4.0
4067,376.0,376.0,376.0,376.0,4.0
4068,375.833,375.833,375.833,375.833,4.0
4069,375.667,375.667,375.667,375.667,4.0
4070,375.5,375.5,375.5,375.5,4.0
4071,375.333,375.333,375.333,375.333,4.0
4072,375.167,375.167,375.167,375.167,4.0
4073,375.0,375.0,375.0,375.0,4.0
4074,374.833,374.833,374.833,374.833,4.0
4075,374.667,374.667,374.667,374.667,4.0
4076,374.5,374.5,374.5,374.5,4.0
4077,374.333,374.333,374.333,374.333,4.0
4078,374.167,374.167,374.167,374.167,4.0
4079,374.0,374.0,374.0,374.0,4.0
4080,373.833,373.833,373.833,373.833,4.0
4081,373.667,373.667,373.667,373.667,4.0
4082,373.5,373.5,373.5,373.5,4.0
4083,373.333,373.333,373.333,373.333,4.0
4084,373.167,373.167,373.167,373.167,4.0
4085,373.0,373.0,373.0,373.0,4.0
4086,372.833,372.833,372.833,372.833,4.0
4087,372.667,372.667,372.667,372.667,4.0
4088,372.5,372.5,372.5,372.5,4.0
4089,372.333,372.333,372.333,372.333,4.0
4090,372.167,372.167,372.167,372.167,4.0
4091,372.0,372.0,372.0,372.0,4.0
4092,371.833,371.833,371.833,371.833,4.0
4093,371.667,371.667,371.667,371.667,4.0
4094,371.5,371.5,371.5,371.5,4.0
4095,371.333,371.333,371.333,371.333,4.0
4096,371.167,371.167,371.167,371.167,4.0
4097,371.0,371.0,371.0,371.0,4.0
4098,370.833,370.833,370.833,370.833,4.0
4099,370.667,370.667,370.667,370.667,4.0
4100,370.5,370.5,370.5,370.5,4.0
4101,370.333,370.333,370.333,370.333,4.0
4102,370.167,370.167,370.167,370.167,4.0
4103,370.0,370.0,370.0,370.0,4.0
4104,369.833,369.833,369.833,369.833,4.0
4105,369.667,369.667,369.667,369.667,4.0
4106,369.5,369.5,369.5,369.5,4.0
4107,369.333,369.333,369.333,369.333,4.0
4108,369.167,369.167,369.167,369.167,4.0
4109,369.0,369.0,369.0,369.0,4.0
4110,368.833,368.833,368.833,368.833,4.0
4111,368.667,368.667,368.667,368.667,4.0
4112,368.5,368.5,368.5,368.5,4.0
4113,368.333,368.333,368.333,368.333,4.0
4114,368.167,368.167,368.167,368.167,4.0
4115,368.0,368.0,368.0,368.0,4.0
4116,367.833,367.833,367.833,367.833,4.0
4117,367.667,367.667,367.667,367.667,4.0
4118,367.5,367.5,367.5,367.5,4.0
4119,367.333,367.333,367.333,367.333,4.0
4120,367.167,367.167,367.167,367.167,4.0
4121,367.0,367.0,367.0,367.0,4.0
4122,366.833,366.833,366.833,366.833,4.0
4123,366.667,366.667,366.667,366.667,4.0
4124,366.5,366.5,366.5,366.5,4.0
4125,366.333,366.333,366.333,366.333,4.0
4126,366.167,366.167,366.167,366.167,4.0
4127,366.0,366.0,366.0,366.0,4.0
4128,365.833,365.833,365.833,365.833,4.0
4129,365.667,365.667,365.667,365.667,4.0
4130,365.5,365.5,365.5,365.5,4.0
4131,365.333,365.333,365.333,365.333,4.0
4132,365.167,365.167,365.167,365.167,4.0
4133,365.0,365.0,365.0,365.0,4.0
4134,364.833,364.833,364.833,364.833,4.0
4135,364.667,364.667,364.667,364.667,4.0
4136,364.5,364.5,364.5,364.5,4.0
4137,364.333,364.333,364.333,364.333,4.0
4138,364.167,364.167,364.167,364.167,4.0
4139,364.0,364.0,364.0,364.0,4.0
4140,363.833,363.833,363.833,363.833,4.0
4141,363.667,363.667,363.667,363.667,4.0
4142,363.5,363.5,363.5,363.5,4.0
4143,363.333,363.333,363.333,363.333,4.0
4144,363.167,363.167,363.167,363.167,4.0
4145,363.0,363.0,363.0,363.0,4.0
4146,362.833,362.833,362.833,362.833,4.0
4147,362.667,362.667,362.667,362.667,4.0
4148,362.5,362.5,362.5,362.5,4.0
4149,362.333,362.333,362.333,362.333,4.0
4150,362.167,362.167,362.167,362.167,4.0
4151,362.0,362.0,362.0,362.0,4.0
4152,361.833,361.833,361.833,361.833,4.0
4153,361.667,361.667,361.667,361.667,4.0
4154,361.5,361.5,361.5,361.5,4.0
4155,361.333,361.333,361.333,361.333,4.0
4156,361.167,361.167,361.167,361.167,4.0
4157,361.0,361.0,361.0,361.0,4.0
4158,360.833,360.833,360.833,360.833,4.0
4159,360.667,360.667,360.667,360.667,4.0
4160,360.5,360.5,360.5,360.5,4.0
4161,360.333,360.333,360.333,360.333,4.0
4162,360.167,360.167,360.167,360.167,4.0
4163,360.0,360.0,360.0,360.0,4.0
4164,359.833,359.833,359.833,359.833,4.0
4165,359.667,359.667,359.667,359.667,4.0
4166,359.5,359.5,359.5,359.5,4.0
4167,359.333,359.333,359.333,359.333,4.0
4168,359.167,359.167,359.167,359.167,4.0
4169,359.0,359.0,359.0,359.0,4.0
4170,358.833,358.833,358.833,358.833,4.0
4171,358.667,358.667,358.667,358.667,4.0
4172,358.5,358.5,358.5,358.5,4.0
4173,358.333,358.333,358.333,358.333,4.0
4174,358.167,358.167,358.167,358.167,4.0
4175,358.0,358.0,358.0,358.0,4.0
4176,357.833,357.833,357.833,357.833,4.0
4177,357.667,357.667,357.667,357.667,4.0
4178,357.5,357.5,357.5,357.5,4.0
4179,357.333,357.333,357.333,357.333,4.0
4180,357.167,357.167,357.167,357.167,4.0
4181,357.0,357.0,357.0,357.0,4.0
4182,356.833,356.833,356.833,356.833,4.0
4183,356.667,356.667,356.667,356.667,4.0
4184,356.5,356.5,356.5,356.5,4.0
4185,356.333,356.333,356.333,356.333,4.0
4186,356.167,356.167,356.167,356.167,4.0
4187,356.0,356.0,356.0,356.0,4.0
4188,355.833,355.833,355.833,355.833,4.0
4189,355.667,355.667,355.667,355.667,4.0
4190,355.5,355.5,355.5,355.5,4.0
4191,355.333,355.333,355.333,355.333,4.0
4192,355.167,355.167,355.167,355.167,4.0
4193,355.0,355.0,355.0,355.0,4.0
4194,354.833,354.833,354.833,354.833,4.0
4195,354.667,354.667,354.667,354.667,4.0
4196,354.5,354.5,354.5,354.5,4.0
4197,354.333,354.333,354.333,354.333,4.0
4198,354.167,354.167,354.167,354.167,4.0
4199,354.0,354.0,354.0,354.0,4.0
4200,353.833,353.833,353.833,353.833,4.0
4201,353.667,353.667,353.667,353.667,4.0
4202,353.5,353.5,353.5,353.5,4.0
4203,353.333,353.333,353.333,353.333,4.0
4204,353.167,353.167,353.167,353.167,4.0
4205,353.0,353.0,353.0,353.0,4.0
4206,352.833,352.833,352.833,352.833,4.0
4207,352.667,352.667,352.667,352.667,4.0
4208,352.5,352.5,352.5,352.5,4.0
4209,352.333,352.333,352.333,352.333,4.0
4210,352.167,352.167,352.167,352.167,4.0
4211,352.0,352.0,352.0,352.0,4.0
4212,351.833,351.833,351.833,351.833,4.0
4213,351.667,351.667,351.667,351.667,4.0
4214,351.5,351.5,351.5,351.5,4.0
4215,351.333,351.333,351.333,351.333,4.0
4216,351.167,351.167,351.167,351.167,4.0
4217,351.0,351.0,351.0,351.0,4.0
4218,350.833,350.833,350.833,350.833,4.0
4219,350.667,350.667,350.667,350.667,4.0
4220,350.5,350.5,350.5,350.5,4.0
4221,350.333,350.333,350.333,350.333,4.0
4222,350.167,350.167,350.167,350.167,4.0
4223,350.0,350.0,350.0,350.0,4.0
4224,349.833,349.833,349.833,349.833,4.0
4225,349.667,349.667,349.667,349.667,4.0
4226,349.5,349.5,349.5,349.5,4.0
4227,349.333,349.333,349.333,349.333,4.0
4228,349.167,349.167,349.167,349.167,4.0
4229,349.0,349.0,349.0,349.0,4.0
4230,348.833,348.833,348.833,348.833,4.0
4231,348.667,348.667,348.667,348.667,4.0
4232,348.5,348.5,348.5,348.5,4.0
4233,348.333,348.333,348.333,348.333,4.0
4234,348.167,348.167,348.167,348.167,4.0
4235,348.0,348.0,348.0,348.0,4.0
4236,347.833,347.833,347.833,347.833,4.0
4237,347.667,347.667,347.667,347.667,4.0
4238,347.5,347.5,347.5,347.5,4.0
4239,347.333,347.333,347.333,347.333,4.0
4240,347.167,347.167,347.167,347.167,4.0
4241,347.0,347.0,347.0,347.0,4.0
4242,346.833,346.833,346.833,346.833,4.0
4243,346.667,346.667,346.667,346.667,4.0
4244,346.5,346.5,346.5,346.5,4.0
4245,346.333,346.333,346.333,346.333,4.0
4246,346.167,346.167,346.167,346.167,4.0
4247,346.0,346.0,346.0,346.0,4.0
4248,345.833,345.833,345.833,345.833,4.0
4249,345.667,345.667,345.667,345.667,4.0
4250,345.5,345.5,345.5,345.5,4.0
4251,345.333,345.333,345.333,345.333,4.0
4252,345.167,345.167,345.167,345.167,4.0
4253,345.0,345.0,345.0,345.0,4.0
4254,344.833,344.833,344.833,344.833,4.0
4255,344.667,344.667,344.667,344.667,4.0
4256,344.5,344.5,344.5,344.5,4.0
4257,344.333,344.333,344.333,344.333,4.0
4258,344.167,344.167,344.167,344.167,4.0
4259,344.0,344.0,344.0,344.0,4.0
4260,343.833,343.833,343.833,343.833,4.0
4261,343.667,343.667,343.667,343.667,4.0
4262,343.5,343.5,343.5,343.5,4.0
4263,343.333,343.333,343.333,343.333,4.0
4264,343.167,343.167,343.167,343.167,4.0
4265,343.0,343.0,343.0,343.0,4.0
4266,342.833,342.833,342.833,342.833,4.0
4267,342.667,342.667,342.667,342.667,4.0
4268,342.5,342.5,342.5,342.5,4.0
4269,342.333,342.333,342.333,342.333,4.0
4270,342.167,342.167,342.167,342.167,4.0
4271,342.0,342.0,342.0,342.0,4.0
4272,341.833,341.833,341.833,341.833,4.0
4273,341.667,341.667,341.667,341.667,4.0
4274,341.5,341.5,341.5,341.5,4.0
4275,341.333,341.333,341.333,341.333,4.0
4276,341.167,341.167,341.167,341.167,4.0
4277,341.0,341.0,341.0,341.0,4.0
4278,340.833,340.833,340.833,340.833,4.0
4279,340.667,340.667,340.667,340.667,4.0
4280,340.5,340.5,340.5,340.5,4.0
4281,340.333,340.333,340.333,340.333,4.0
4282,340.167,340.167,340.167,340.167,4.0
4283,340.0,340.0,340.0,340.0,4.0
4284,339.833,339.833,339.833,339.833,4.0
4285,339.667,339.667,339.667,339.667,4.0
4286,339.5,339.5,339.5,339.5,4.0
4287,339.333,339.333,339.333,339.333,4.0
4288,339.167,339.167,339.167,339.167,4.0
4289,339.0,339.0,339.0,339.0,4.0
4290,338.833,338.833,338.833,338.833,4.0
4291,338.667,338.667,338.667,338.667,4.0
4292,338.5,338.5,338.5,338.5,4.0
4293,338.333,338.333,338.333,338.333,4.0
4294,338.167,338.167,338.167,338.167,4.0
4295,338.0,338.0,338.0,338.0,4.0
4296,337.833,337.833,337.833,337.833,4.0
4297,337.667,337.667,337.667,337.667,4.0
4298,337.5,337.5,337.5,337.5,4.0
4299,337.333,337.333,337.333,337.333,4.0
4300,337.167,337.167,337.167,337.167,4.0
4301,337.0,337.0,337.0,337.0,4.0
4302,336.833,336.833,336.833,336.833,4.0
4303,336.667,336.667,336.667,336.667,4.0
4304,336.5,336.5,336.5,336.5,4.0
4305,336.333,336.333,336.333,336.333,4.0
4306,336.167,336.167,336.167,336.167,4.0
4307,336.0,336.0,336.0,336.0,4.0
4308,335.833,335.833,335.833,335.833,4.0
4309,335.667,335.667,335.667,335.667,4.0
4310,335.5,335.5,335.5,335.5,4.0
4311,335.333,335.333,335.333,335.333,4.0
4312,335.167,335.167,335.167,335.167,4.0
4313,335.0,335.0,335.0,335.0,4.0
4314,334.833,334.833,334.833,334.833,4.0
4315,334.667,334.667,334.667,334.667,4.0
4316,334.5,334.5,334.5,334.5,4.0
4317,334.333,334.333,334.333,334.333,4.0
4318,334.167,334.167,334.167,334.167,4.0
4319,334.0,334.0,334.0,334.0,4.0
4320,333.833,333.833,333.833,333.833,4.0
4321,333.667,333.667,333.667,333.667,4.0
4322,333.5,333.5,333.5,333.5,4.0
4323,333.333,333.333,333.333,333.333,4.0
4324,333.167,333.167,333.167,333.167,4.0
4325,333.0,333.0,333.0,333.0,4.0
4326,332.833,332.833,332.833,332.833,4.0
4327,332.667,332.667,332.667,332.667,4.0
4328,332.5,332.5,332.5,332.5,4.0
4329,332.333,332.333,332.333,332.333,4.0
4330,332.167,332.167,332.167,332.167,4.0
4331,332.0,332.0,332.0,332.0,4.0
4332,331.833,331.833,331.833,331.833,4.0
4333,331.667,331.667,331.667,331.667,4.0
4334,331.5,331.5,331.5,331.5,4.0
4335,331.333,331.333,331.333,331.333,4.0
4336,331.167,331.167,331.167,331.167,4.0
4337,331.0,331.0,331.0,331.0,4.0
4338,330.833,330.833,330.833,330.833,4.0
4339,330.667,330.667,330.667,330.667,4.0
4340,330.5,330.5,330.5,330.5,4.0
4341,330.333,330.333,330.333,330.333,4.0
4342,330.167,330.167,330.167,330.167,4.0
4343,330.0,330.0,330.0,330.0,4.0
4344,329.833,329.833,329.833,329.833,4.0
4345,329.667,329.667,329.667,329.667,4.0
4346,329.5,329.5,329.5,329.5,4.0
4347,329.333,329.333,329.333,329.333,4.0
4348,329.167,329.167,329.167,329.167,4.0
4349,329.0,329.0,329.0,329.0,4.0
4350,328.833,328.833,328.833,328.833,4.0
4351,328.667,328.667,328.667,328.667,4.0
4352,328.5,328.5,328.5,328.5,4.0
4353,328.333,328.333,328.333,328.333,4.0
4354,328.167,328.167,328.167,328.167,4.0
4355,328.0,328.0,328.0,328.0,4.0
4356,327.833,327.833,327.833,327.833,4.0
4357,327.667,327.667,327.667,327.667,4.0
4358,327.5,327.5,327.5,327.5,4.0
4359,327.333,327.333,327.333,327.333,4.0
4360,327.167,327.167,327.167,327.167,4.0
4361,327.0,327.0,327.0,327.0,4.0
4362,326.833,326.833,326.833,326.833,4.0
4363,326.667,326.667,326.667,326.667,4.0
4364,326.5,326.5,326.5,326.5,4.0
4365,326.333,326.333,326.333,326.333,4.0
4366,326.167,326.167,326.167,326.167,4.0
4367,326.0,326.0,326.0,326.0,4.0
4368,325.833,325.833,325.833,325.833,4.0
4369,325.667,325.667,325.667,325.667,4.0
4370,325.5,325.5,325.5,325.5,4.0
4371,325.333,325.333,325.333,325.333,4.0
4372,325.167,325.167,325.167,325.167,4.0
4373,325.0,325.0,325.0,325.0,4.0
4374,324.833,324.833,324.833,324.833,4.0
4375,324.667,324.667,324.667,324.667,4.0
4376,324.5,324.5,324.5,324.5,4.0
4377,324.333,324.333,324.333,324.333,4.0
4378,324.167,324.167,324.167,324.167,4.0
4379,324.0,324.0,324.0,324.0,4.0
4380,323.833,323.833,323.833,323.833,4.0
4381,323.667,323.667,323.667,323.667,4.0
4382,323.5,323.5,323.5,323.5,4.0
4383,323.333,323.333,323.333,323.333,4.0
4384,323.167,323.167,323.167,323.167,4.0
4385,323.0,323.0,323.0,323.0,4.0
4386,322.833,322.833,322.833,322.833,4.0
4387,322.667,322.667,322.667,322.667,4.0
4388,322.5,322.5,322.5,322.5,4.0
4389,322.333,322.333,322.333,322.333,4.0
4390,322.167,322.167,322.167,322.167,4.0
4391,322.0,322.0,322.0,322.0,4.0
4392,321.833,321.833,321.833,321.833,4.0
4393,321.667,321.667,321.667,321.667,4.0
4394,321.5,321.5,321.5,321.5,4.0
4395,321.333,321.333,321.333,321.333,4.0
4396,321.167,321.167,321.167,321.167,4.0
4397,321.0,321.0,321.0,321.0,4.0
4398,320.833,320.833,320.833,320.833,4.0
4399,320.667,320.667,320.667,320.667,4.0
4400,320.5,320.5,320.5,320.5,4.0
4401,320.333,320.333,320.333,320.333,4.0
4402,320.167,320.167,320.167,320.167,4.0
4403,320.0,320.0,320.0,320.0,4.0
4404,319.833,319.833,319.833,319.833,4.0
4405,319.667,319.667,319.667,319.667,4.0
4406,319.5,319.5,319.5,319.5,4.0
4407,319.333,319.333,319.333,319.333,4.0
4408,319.167,319.167,319.167,319.167,4.0
4409,319.0,319.0,319.0,319.0,4.0
4410,318.833,318.833,318.833,318.833,4.0
4411,318.667,318.667,318.667,318.667,4.0
4412,318.5,318.5,318.5,318.5,4.0
4413,318.333,318.333,318.333,318.333,4.0
4414,318.167,318.167,318.167,318.167,4.0
4415,318.0,318.0,318.0,318.0,4.0
4416,317.833,317.833,317.833,317.833,4.0
4417,317.667,317.667,317.667,317.667,4.0
4418,317.5,317.5,317.5,317.5,4.0
4419,317.333,317.333,317.333,317.333,4.0
4420,317.167,317.167,317.167,317.167,4.0
4421,317.0,317.0,317.0,317.0,4.0
4422,316.833,316.833,316.833,316.833,4.0
4423,316.667,316.667,316.667,316.667,4.0
4424,316.5,316.5,316.5,316.5,4.0
4425,316.333,316.333,316.333,316.333,4.0
4426,316.167,316.167,316.167,316.167,4.0
4427,316.0,316.0,316.0,316.0,4.0
4428,315.833,315.833,315.833,315.833,4.0
4429,315.667,315.667,315.667,315.667,4.0
4430,315.5,315.5,315.5,315.5,4.0
4431,315.333,315.333,315.333,315.333,4.0
4432,315.167,315.167,315.167,315.167,4.0
4433,315.0,315.0,315.0,315.0,4.0
4434,314.833,314.833,314.833,314.833,4.0
4435,314.667,314.667,314.667,314.667,4.0
4436,314.5,314.5,314.5,314.5,4.0
4437,314.333,314.333,314.333,314.333,4.0
4438,314.167,314.167,314.167,314.167,4.0
4439,314.0,314.0,314.0,314.0,4.0
4440,313.833,313.833,313.833,313.833,4.0
4441,313.667,313.667,313.667,313.667,4.0
4442,313.5,313.5,313.5,313.5,4.0
4443,313.333,313.333,313.333,313.333,4.0
4444,313.167,313.167,313.167,313.167,4.0
4445,313.0,313.0,313.0,313.0,4.0
4446,312.833,312.833,312.833,312.833,4.0
4447,312.667,312.667,312.667,312.667,4.0
4448,312.5,312.5,312.5,312.5,4.0
4449,312.333,312.333,312.333,312.333,4.0
4450,312.167,312.167,312.167,312.167,4.0
4451,312.0,312.0,312.0,312.0,4.0
4452,311.833,311.833,311.833,311.833,4.0
4453,311.667,311.667,311.667,311.667,4.0
4454,311.5,311.5,311.5,311.5,4.0
4455,311.333,311.333,311.333,311.333,4.0
4456,311.167,311.167,311.167,311.167,4.0
4457,311.0,311.0,311.0,311.0,4.0
4458,310.833,310.833,310.833,310.833,4.0
4459,310.667,310.667,310.667,310.667,4.0
4460,310.5,310.5,310.5,310.5,4.0
4461,310.333,310.333,310.333,310.333,4.0
4462,310.167,310.167,310.167,310.167,4.0
4463,310.0,310.0,310.0,310.0,4.0
4464,309.833,309.833,309.833,309.833,4.0
4465,309.667,309.667,309.667,309.667,4.0
4466,309.5,309.5,309.5,309.5,4.0
4467,309.333,309.333,309.333,309.333,4.0
4468,309.167,309.167,309.167,309.167,4.0
4469,309.0,309.0,309.0,309.0,4.0
4470,308.833,308.833,308.833,308.833,4.0
4471,308.667,308.667,308.667,308.667,4.0
4472,308.5,308.5,308.5,308.5,4.0
4473,308.333,308.333,308.333,308.333,4.0
4474,308.167,308.167,308.167,308.167,4.0
4475,308.0,308.0,308.0,308.0,4.0
4476,307.833,307.833,307.833,307.833,4.0
4477,307.667,307.667,307.667,307.667,4.0
4478,307.5,307.5,307.5,307.5,4.0
4479,307.333,307.333,307.333,307.333,4.0
4480,307.167,307.167,307.167,307.167,4.0
4481,307.0,307.0,307.0,307.0,4.0
4482,306.833,306.833,306.833,306.833,4.0
4483,306.667,306.667,306.667,306.667,4.0
4484,306.5,306.5,306.5,306.5,4.0
4485,306.333,306.333,306.333,306.333,4.0
4486,306.167,306.167,306.167,306.167,4.0
4487,306.0,306.0,306.0,306.0,4.0
4488,305.833,305.833,305.833,305.833,4.0
4489,305.667,305.667,305.667,305.667,4.0
4490,305.5,305.5,305.5,305.5,4.0
4491,305.333,305.333,305.333,305.333,4.0
4492,305.167,305.167,305.167,305.167,4.0
4493,305.0,305.0,305.0,305.0,4.0
4494,304.833,304.833,304.833,304.833,4.0
4495,304.667,304.667,304.667,304.667,4.0
4496,304.5,304.5,304.5,304.5,4.0
4497,304.333,304.333,304.333,304.333,4.0
4498,304.167,304.167,304.167,304.167,4.0
4499,304.0,304.0,304.0,304.0,4.0
4500,303.833,303.833,303.833,303.833,4.0
4501,303.667,303.667,303.667,303.667,4.0
4502,303.5,303.5,303.5,303.5,4.0
4503,303.333,303.333,303.333,303.333,4.0
4504,303.167,303.167,303.167,303.167,4.0
4505,303.0,303.0,303.0,303.0,4.0
4506,302.833,302.833,302.833,302.833,4.0
4507,302.667,302.667,302.667,302.667,4.0
4508,302.5,302.5,302.5,302.5,4.0
4509,302.333,302.333,302.333,302.333,4.0
4510,302.167,302.167,302.167,302.167,4.0
4511,302.0,302.0,302.0,302.0,4.0
4512,301.833,301.833,301.833,301.833,4.0
4513,301.667,301.667,301.667,301.667,4.0
4514,301.5,301.5,301.5,301.5,4.0
4515,301.333,301.333,301.333,301.333,4.0
4516,301.167,301.167,301.167,301.167,4.0
4517,301.0,301.0,301.0,301.0,4.0
4518,300.833,300.833,300.833,300.833,4.0
4519,300.667,300.667,300.667,300.667,4.0
4520,300.5,300.5,300.5,300.5,4.0
4521,300.333,300.333,300.333,300.333,4.0
4522,300.167,300.167,300.167,300.167,4.0
4523,300.0,300.0,300.0,300.0,4.0
4524,299.833,299.833,299.833,299.833,4.0
4525,299.667,299.667,299.667,299.667,4.0
4526,299.5,299.5,299.5,299.5,4.0
4527,299.333,299.333,299.333,299.333,4.0
4528,299.167,299.167,299.167,299.167,4.0
4529,299.0,299.0,299.0,299.0,4.0
4530,298.833,298.833,298.833,298.833,4.0
4531,298.667,298.667,298.667,298.667,4.0
4532,298.5,298.5,298.5,298.5,4.0
4533,298.333,298.333,298.333,298.333,4.0
4534,298.167,298.167,298.167,298.167,4.0
4535,298.0,298.0,298.0,298.0,4.0
4536,297.833,297.833,297.833,297.833,4.0
4537,297.667,297.667,297.667,297.667,4.0
4538,297.5,297.5,297.5,297.5,4.0
4539,297.333,297.333,297.333,297.333,4.0
4540,297.167,297.167,297.167,297.167,4.0
4541,297.0,297.0,297.0,297.0,4.0
4542,296.833,296.833,296.833,296.833,4.0
4543,296.667,296.667,296.667,296.667,4.0
4544,296.5,296.5,296.5,296.5,4.0
4545,296.333,296.333,296.333,296.333,4.0
4546,296.167,296.167,296.167,296.167,4.0
4547,296.0,296.0,296.0,296.0,4.0
4548,295.833,295.833,295.833,295.833,4.0
4549,295.667,295.667,295.667,295.667,4.0
4550,295.5,295.5,295.5,295.5,4.0
4551,295.333,295.333,295.333,295.333,4.0
4552,295.167,295.167,295.167,295.167,4.0
4553,295.0,295.0,295.0,295.0,4.0
4554,294.833,294.833,294.833,294.833,4.0
4555,294.667,294.667,294.667,294.667,4.0
4556,294.5,294.5,294.5,294.5,4.0
4557,294.333,294.333,294.333,294.333,4.0
4558,294.167,294.167,294.167,294.167,4.0
4559,294.0,294.0,294.0,294.0,4.0
4560,293.833,293.833,293.833,293.833,4.0
4561,293.667,293.667,293.667,293.667,4.0
4562,293.5,293.5,293.5,293.5,4.0
4563,293.333,293.333,293.333,293.333,4.0
4564,293.167,293.167,293.167,293.167,4.0
4565,293.0,293.0,293.0,293.0,4.0
4566,292.833,292.833,292.833,292.833,4.0
4567,292.667,292.667,292.667,292.667,4.0
4568,292.5,292.5,292.5,292.5,4.0
4569,292.333,292.333,292.333,292.333,4.0
4570,292.167,292.167,292.167,292.167,4.0
4571,292.0,292.0,292.0,292.0,4.0
4572,291.833,291.833,291.833,291.833,4.0
4573,291.667,291.667,291.667,291.667,4.0
4574,291.5,291.5,291.5,291.5,4.0
4575,291.333,291.333,291.333,291.333,4.0
4576,291.167,291.167,291.167,291.167,4.0
4577,291.0,291.0,291.0,291.0,4.0
4578,290.833,290.833,290.833,290.833,4.0
4579,290.667,290.667,290.667,290.667,4.0
4580,290.5,290.5,290.5,290.5,4.0
4581,290.333,290.333,290.333,290.333,4.0
4582,290.167,290.167,290.167,290.167,4.0
4583,290.0,290.0,290.0,290.0,4.0
4584,289.833,289.833,289.833,289.833,4.0
4585,289.667,289.667,289.667,289.667,4.0
4586,289.5,289.5,289.5,289.5,4.0
4587,289.333,289.333,289.333,289.333,4.0
4588,289.167,289.167,289.167,289.167,4.0
4589,289.0,289.0,289.0,289.0,4.0
4590,288.833,288.833,288.833,288.833,4.0
4591,288.667,288.667,288.667,288.667,4.0
4592,288.5,288.5,288.5,288.5,4.0
4593,288.333,288.333,288.333,288.333,4.0
4594,288.167,288.167,288.167,288.167,4.0
4595,288.0,288.0,288.0,288.0,4.0
4596,287.833,287.833,287.833,287.833,4.0
4597,287.667,287.667,287.667,287.667,4.0
4598,287.5,287.5,287.5,287.5,4.0
4599,287.333,287.333,287.333,287.333,4.0
4600,287.167,287.167,287.167,287.167,4.0
4601,287.0,287.0,287.0,287.0,4.0
4602,286.833,286.833,286.833,286.833,4.0
4603,286.667,286.667,286.667,286.667,4.0
4604,286.5,286.5,286.5,286.5,4.0
4605,286.333,286.333,286.333,286.333,4.0
4606,286.167,286.167,286.167,286.167,4.0
4607,286.0,286.0,286.0,286.0,4.0
4608,285.833,285.833,285.833,285.833,4.0
4609,285.667,285.667,285.667,285.667,4.0
4610,285.5,285.5,285.5,285.5,4.0
4611,285.333,285.333,285.333,285.333,4.0
4612,285.167,285.167,285.167,285.167,4.0
4613,285.0,285.0,285.0,285.0,4.0
4614,284.833,284.833,284.833,284.833,4.0
4615,284.667,284.667,284.667,284.667,4.0
4616,284.5,284.5,284.5,284.5,4.0
4617,284.333,284.333,284.333,284.333,4.0
4618,284.167,284.167,284.167,284.167,4.0
4619,284.0,284.0,284.0,284.0,4.0
4620,283.833,283.833,283.833,283.833,4.0
4621,283.667,283.667,283.667,283.667,4.0
4622,283.5,283.5,283.5,283.5,4.0
4623,283.333,283.333,283.333,283.333,4.0
4624,283.167,283.167,283.167,283.167,4.0
4625,283.0,283.0,283.0,283.0,4.0
4626,282.833,282.833,282.833,282.833,4.0
4627,282.667,282.667,282.667,282.667,4.0
4628,282.5,282.5,282.5,282.5,4.0
4629,282.333,282.333,282.333,282.333,4.0
4630,282.167,282.167,282.167,282.167,4.0
4631,282.0,282.0,282.0,282.0,4.0
4632,281.833,281.833,281.833,281.833,4.0
4633,281.667,281.667,281.667,281.667,4.0
4634,281.5,281.5,281.5,281.5,4.0
4635,281.333,281.333,281.333,281.333,4.0
4636,281.167,281.167,281.167,281.167,4.0
4637,281.0,281.0,281.0,281.0,4.0
4638,280.833,280.833,280.833,280.833,4.0
4639,280.667,280.667,280.667,280.667,4.0
4640,280.5,280.5,280.5,280.5,4.0
4641,280.333,280.333,280.333,280.333,4.0
4642,280.167,280.167,280.167,280.167,4.0
4643,280.0,280.0,280.0,280.0,4.0
4644,279.833,279.833,279.833,279.833,4.0
4645,279.667,279.667,279.667,279.667,4.0
4646,279.5,279.5,279.5,279.5,4.0
4647,279.333,279.333,279.333,279.333,4.0
4648,279.167,279.167,279.167,279.167,4.0
4649,279.0,279.0,279.0,279.0,4.0
4650,278.833,278.833,278.833,278.833,4.0
4651,278.667,278.667,278.667,278.667,4.0
4652,278.5,278.5,278.5,278.5,4.0
4653,278.333,278.333,278.333,278.333,4.0
4654,278.167,278.167,278.167,278.167,4.0
4655,278.0,278.0,278.0,278.0,4.0
4656,277.833,277.833,277.833,277.833,4.0
4657,277.667,277.667,277.667,277.667,4.0
4658,277.5,277.5,277.5,277.5,4.0
4659,277.333,277.333,277.333,277.333,4.0
4660,277.167,277.167,277.167,277.167,4.0
4661,277.0,277.0,277.0,277.0,4.0
4662,276.833,276.833,276.833,276.833,4.0
4663,276.667,276.667,276.667,276.667,4.0
4664,276.5,276.5,276.5,276.5,4.0
4665,276.333,276.333,276.333,276.333,4.0
4666,276.167,276.167,276.167,276.167,4.0
4667,276.0,276.0,276.0,276.0,4.0
4668,275.833,275.833,275.833,275.833,4.0
4669,275.667,275.667,275.667,275.667,4.0
4670,275.5,275.5,275.5,275.5,4.0
4671,275.333,275.333,275.333,275.333,4.0
4672,275.167,275.167,275.167,275.167,4.0
4673,275.0,275.0,275.0,275.0,4.0
4674,274.833,274.833,274.833,274.833,4.0
4675,274.667,274.667,274.667,274.667,4.0
4676,274.5,274.5,274.5,274.5,4.0
4677,274.333,274.333,274.333,274.333,4.0
4678,274.167,274.167,274.167,274.167,4.0
4679,274.0,274.0,274.0,274.0,4.0
4680,273.833,273.833,273.833,273.833,4.0
4681,273.667,273.667,273.667,273.667,4.0
4682,273.5,273.5,273.5,273.5,4.0
4683,273.333,273.333,273.333,273.333,4.0
4684,273.167,273.167,273.167,273.167,4.0
4685,273.0,273.0,273.0,273.0,4.0
4686,272.833,272.833,272.833,272.833,4.0
4687,272.667,272.667,272.667,272.667,4.0
4688,272.5,272.5,272.5,272.5,4.0
4689,272.333,272.333,272.333,272.333,4.0
4690,272.167,272.167,272.167,272.167,4.0
4691,272.0,272.0,272.0,272.0,4.0
4692,271.833,271.833,271.833,271.833,4.0
4693,271.667,271.667,271.667,271.667,4.0
4694,271.5,271.5,271.5,271.5,4.0
4695,271.333,271.333,271.333,271.333,4.0
4696,271.167,271.167,271.167,271.167,4.0
4697,271.0,271.0,271.0,271.0,4.0
4698,270.833,270.833,270.833,270.833,4.0
4699,270.667,270.667,270.667,270.667,4.0
4700,270.5,270.5,270.5,270.5,4.0
4701,270.333,270.333,270.333,270.333,4.0
4702,270.167,270.167,270.167,270.167,4.0
4703,270.0,270.0,270.0,270.0,4.0
4704,269.833,269.833,269.833,269.833,4.0
4705,269.667,269.667,269.667,269.667,4.0
4706,269.5,269.5,269.5,269.5,4.0
4707,269.333,269.333,269.333,269.333,4.0
4708,269.167,269.167,269.167,269.167,4.0
4709,269.0,269.0,269.0,269.0,4.0
4710,268.833,268.833,268.833,268.833,4.0
4711,268.667,268.667,268.667,268.667,4.0
4712,268.5,268.5,268.5,268.5,4.0
4713,268.333,268.333,268.333,268.333,4.0
4714,268.167,268.167,268.167,268.167,4.0
4715,268.0,268.0,268.0,268.0,4.0
4716,267.833,267.833,267.833,267.833,4.0
4717,267.667,267.667,267.667,267.667,4.0
4718,267.5,267.5,267.5,267.5,4.0
4719,267.333,267.333,267.333,267.333,4.0
4720,267.167,267.167,267.167,267.167,4.0
4721,267.0,267.0,267.0,267.0,4.0
4722,266.833,266.833,266.833,266.833,4.0
4723,266.667,266.667,266.667,266.667,4.0
4724,266.5,266.5,266.5,266.5,4.0
4725,266.333,266.333,266.333,266.333,4.0
4726,266.167,266.167,266.167,266.167,4.0
4727,266.0,266.0,266.0,266.0,4.0
4728,265.833,265.833,265.833,265.833,4.0
4729,265.667,265.667,265.667,265.667,4.0
4730,265.5,265.5,265.5,265.5,4.0
4731,265.333,265.333,265.333,265.333,4.0
4732,265.167,265.167,265.167,265.167,4.0
4733,265.0,265.0,265.0,265.0,4.0
4734,264.833,264.833,264.833,264.833,4.0
4735,264.667,264.667,264.667,264.667,4.0
4736,264.5,264.5,264.5,264.5,4.0
4737,264.333,264.333,264.333,264.333,4.0
4738,264.167,264.167,264.167,264.167,4.0
4739,264.0,264.0,264.0,264.0,4.0
4740,263.833,263.833,263.833,263.833,4.0
4741,263.667,263.667,263.667,263.667,4.0
4742,263.5,263.5,263.5,263.5,4.0
4743,263.333,263.333,263.333,263.333,4.0
4744,263.167,263.167,263.167,263.167,4.0
4745,263.0,263.0,263.0,263.0,4.0
4746,262.833,262.833,262.833,262.833,4.0
4747,262.667,262.667,262.667,262.667,4.0
4748,262.5,262.5,262.5,262.5,4.0
4749,262.333,262.333,262.333,262.333,4.0
4750,262.167,262.167,262.167,262.167,4.0
4751,262.0,262.0,262.0,262.0,4.0
4752,261.833,261.833,261.833,261.833,4.0
4753,261.667,261.667,261.667,261.667,4.0
4754,261.5,261.5,261.5,261.5,4.0
4755,261.333,261.333,261.333,261.333,4.0
4756,261.167,261.167,261.167,261.167,4.0
4757,261.0,261.0,261.0,261.0,4.0
4758,260.833,260.833,260.833,260.833,4.0
4759,260.667,260.667,260.667,260.667,4.0
4760,260.5,260.5,260.5,260.5,4.0
4761,260.333,260.333,260.333,260.333,4.0
4762,260.167,260.167,260.167,260.167,4.0
4763,260.0,260.0,260.0,260.0,4.0
4764,259.833,259.833,259.833,259.833,4.0
4765,259.667,259.667,259.667,259.667,4.0
4766,259.5,259.5,259.5,259.5,4.0
4767,259.333,259.333,259.333,259.333,4.0
4768,259.167,259.167,259.167,259.167,4.0
4769,259.0,259.0,259.0,259.0,4.0
4770,258.833,258.833,258.833,258.833,4.0
4771,258.667,258.667,258.667,258.667,4.0
4772,258.5,258.5,258.5,258.5,4.0
4773,258.333,258.333,258.333,258.333,4.0
4774,258.167,258.167,258.167,258.167,4.0
4775,258.0,258.0,258.0,258.0,4.0
4776,257.833,257.833,257.833,257.833,4.0
4777,257.667,257.667,257.667,257.667,4.0
4778,257.5,257.5,257.5,257.5,4.0
4779,257.333,257.333,257.333,257.333,4.0
4780,257.167,257.167,257.167,257.167,4.0
4781,257.0,257.0,257.0,257.0,4.0
4782,256.833,256.833,256.833,256.833,4.0
4783,256.667,256.667,256.667,256.667,4.0
4784,256.5,256.5,256.5,256.5,4.0
4785,256.333,256.333,256.333,256.333,4.0
4786,256.167,256.167,256.167,256.167,4.0
4787,256.0,256.0,256.0,256.0,4.0
4788,255.833,255.833,255.833,255.833,4.0
4789,255.667,255.667,255.667,255.667,4.0
4790,255.5,255.5,255.5,255.5,4.0
4791,255.333,255.333,255.333,255.333,4.0
4792,255.167,255.167,255.167,255.167,4.0
4793,255.0,255.0,255.0,255.0,4.0
4794,254.833,254.833,254.833,254.833,4.0
4795,254.667,254.667,254.667,254.667,4.0
4796,254.5,254.5,254.5,254.5,4.0
4797,254.333,254.333,254.333,254.333,4.0
4798,254.167,254.167,254.167,254.167,4.0
4799,254.0,254.0,254.0,254.0,4.0
4800,253.833,253.833,253.833,253.833,4.0
4801,253.667,253.667,253.667,253.667,4.0
4802,253.5,253.5,253.5,253.5,4.0
4803,253.333,253.333,253.333,253.333,4.0
4804,253.167,253.167,253.167,253.167,4.0
4805,253.0,253.0,253.0,253.0,4.0
4806,252.833,252.833,252.833,252.833,4.0
4807,252.667,252.667,252.667,252.667,4.0
4808,252.5,252.5,252.5,252.5,4.0
4809,252.333,252.333,252.333,252.333,4.0
4810,252.167,252.167,252.167,252.167,4.0
4811,252.0,252.0,252.0,252.0,4.0
4812,251.833,251.833,251.833,251.833,4.0
4813,251.667,251.667,251.667,251.667,4.0
4814,251.5,251.5,251.5,251.5,4.0
4815,251.333,251.333,251.333,251.333,4.0
4816,251.167,251.167,251.167,251.167,4.0
4817,251.0,251.0,251.0,251.0,4.0
4818,250.833,250.833,250.833,250.833,4.0
4819,250.667,250.667,250.667,250.667,4.0
4820,250.5,250.5,250.5,250.5,4.0
4821,250.333,250.333,250.333,250.333,4.0
4822,250.167,250.167,250.167,250.167,4.0
4823,250.0,250.0,250.0,250.0,4.0
4824,249.833,249.833,249.833,249.833,4.0
4825,249.667,249.667,249.667,249.667,4.0
4826,249.5,249.5,249.5,249.5,4.0
4827,249.333,249.333,249.333,249.333,4.0
4828,249.167,249.167,249.167,249.167,4.0
4829,249.0,249.0,249.0,249.0,4.0
4830,248.833,248.833,248.833,248.833,4.0
4831,248.667,248.667,248.667,248.667,4.0
4832,248.5,248.5,248.5,248.5,4.0
4833,248.333,248.333,248.333,248.333,4.0
4834,248.167,248.167,248.167,248.167,4.0
4835,248.0,248.0,248.0,248.0,4.0
4836,247.833,247.833,247.833,247.833,4.0
4837,247.667,247.667,247.667,247.667,4.0
4838,247.5,247.5,247.5,247.5,4.0
4839,247.333,247.333,247.333,247.333,4.0
4840,247.167,247.167,247.167,247.167,4.0
4841,247.0,247.0,247.0,247.0,4.0
4842,246.833,246.833,246.833,246.833,4.0
4843,246.667,246.667,246.667,246.667,4.0
4844,246.5,246.5,246.5,246.5,4.0
4845,246.333,246.333,246.333,246.333,4.0
4846,246.167,246.167,246.167,246.167,4.0
4847,246.0,246.0,246.0,246.0,4.0
4848,245.833,245.833,245.833,245.833,4.0
4849,245.667,245.667,245.667,245.667,4.0
4850,245.5,245.5,245.5,245.5,4.0
4851,245.333,245.333,245.333,245.333,4.0
4852,245.167,245.167,245.167,245.167,4.0
4853,245.0,245.0,245.0,245.0,4.0
4854,244.833,244.833,244.833,244.833,4.0
4855,244.667,244.667,244.667,244.667,4.0
4856,244.5,244.5,244.5,244.5,4.0
4857,244.333,244.333,244.333,244.333,4.0
4858,244.167,244.167,244.167,244.167,4.0
4859,244.0,244.0,244.0,244.0,4.0
4860,243.833,243.833,243.833,243.833,4.0
4861,243.667,243.667,243.667,243.667,4.0
4862,243.5,243.5,243.5,243.5,4.0
4863,243.333,243.333,243.333,243.333,4.0
4864,243.167,243.167,243.167,243.167,4.0
4865,243.0,243.0,243.0,243.0,4.0
4866,242.833,242.833,242.833,242.833,4.0
4867,242.667,242.667,242.667,242.667,4.0
4868,242.5,242.5,242.5,242.5,4.0
4869,242.333,242.333,242.333,242.333,4.0
4870,242.167,242.167,242.167,242.167,4.0
4871,242.0,242.0,242.0,242.0,4.0
4872,241.833,241.833,241.833,241.833,4.0
4873,241.667,241.667,241.667,241.667,4.0
4874,241.5,241.5,241.5,241.5,4.0
4875,241.333,241.333,241.333,241.333,4.0
4876,241.167,241.167,241.167,241.167,4.0
4877,241.0,241.0,241.0,241.0,4.0
4878,240.833,240.833,240.833,240.833,4.0
4879,240.667,240.667,240.667,240.667,4.0
4880,240.5,240.5,240.5,240.5,4.0
4881,240.333,240.333,240.333,240.333,4.0
4882,240.167,240.167,240.167,240.167,4.0
4883,240.0,240.0,240.0,240.0,4.0
4884,239.833,239.833,239.833,239.833,4.0
4885,239.667,239.667,239.667,239.667,4.0
4886,239.5,239.5,239.5,239.5,4.0
4887,239.333,239.333,239.333,239.333,4.0
4888,239.167,239.167,239.167,239.167,4.0
4889,239.0,239.0,239.0,239.0,4.0
4890,238.833,238.833,238.833,238.833,4.0
4891,238.667,238.667,238.667,238.667,4.0
4892,238.5,238.5,238.5,238.5,4.0
4893,238.333,238.333,238.333,238.333,4.0
4894,238.167,238.167,238.167,238.167,4.0
4895,238.0,238.0,238.0,238.0,4.0
4896,237.833,237.833,237.833,237.833,4.0
4897,237.667,237.667,237.667,237.667,4.0
4898,237.5,237.5,237.5,237.5,4.0
4899,237.333,237.333,237.333,237.333,4.0
4900,237.167,237.167,237.167,237.167,4.0
4901,237.0,237.0,237.0,237.0,4.0
4902,236.833,236.833,236.833,236.833,4.0
4903,236.667,236.667,236.667,236.667,4.0
4904,236.5,236.5,236.5,236.5,4.0
4905,236.333,236.333,236.333,236.333,4.0
4906,236.167,236.167,236.167,236.167,4.0
4907,236.0,236.0,236.0,236.0,4.0
4908,235.833,235.833,235.833,235.833,4.0
4909,235.667,235.667,235.667,235.667,4.0
4910,235.5,235.5,235.5,235.5,4.0
4911,235.333,235.333,235.333,235.333,4.0
4912,235.167,235.167,235.167,235.167,4.0
4913,235.0,235.0,235.0,235.0,4.0
4914,234.833,234.833,234.833,234.833,4.0
4915,234.667,234.667,234.667,234.667,4.0
4916,234.5,234.5,234.5,234.5,4.0
4917,234.333,234.333,234.333,234.333,4.0
4918,234.167,234.167,234.167,234.167,4.0
4919,234.0,234.0,234.0,234.0,4.0
4920,233.833,233.833,233.833,233.833,4.0
4921,233.667,233.667,233.667,233.667,4.0
4922,233.5,233.5,233.5,233.5,4.0
4923,233.333,233.333,233.333,233.333,4.0
4924,233.167,233.167,233.167,233.167,4.0
4925,233.0,233.0,233.0,233.0,4.0
4926,232.833,232.833,232.833,232.833,4.0
4927,232.667,232.667,232.667,232.667,4.0
4928,232.5,232.5,232.5,232.5,4.0
4929,232.333,232.333,232.333,232.333,4.0
4930,232.167,232.167,232.167,232.167,4.0
4931,232.0,232.0,232.0,232.0,4.0
4932,231.833,231.833,231.833,231.833,4.0
4933,231.667,231.667,231.667,231.667,4.0
4934,231.5,231.5,231.5,231.5,4.0
4935,231.333,231.333,231.333,231.333,4.0
4936,231.167,231.167,231.167,231.167,4.0
4937,231.0,231.0,231.0,231.0,4.0
4938,230.833,230.833,230.833,230.833,4.0
4939,230.667,230.667,230.667,230.667,4.0
4940,230.5,230.5,230.5,230.5,4.0
4941,230.333,230.333,230.333,230.333,4.0
4942,230.167,230.167,230.167,230.167,4.0
4943,230.0,230.0,230.0,230.0,4.0
4944,229.833,229.833,229.833,229.833,4.0
4945,229.667,229.667,229.667,229.667,4.0
4946,229.5,229.5,229.5,229.5,4.0
4947,229.333,229.333,229.333,229.333,4.0
4948,229.167,229.167,229.167,229.167,4.0
4949,229.0,229.0,229.0,229.0,4.0
4950,228.833,228.833,228.833,228.833,4.0
4951,228.667,228.667,228.667,228.667,4.0
4952,228.5,228.5,228.5,228.5,4.0
4953,228.333,228.333,228.333,228.333,4.0
4954,228.167,228.167,228.167,228.167,4.0
4955,228.0,228.0,228.0,228.0,4.0
4956,227.833,227.833,227.833,227.833,4.0
4957,227.667,227.667,227.667,227.667,4.0
4958,227.5,227.5,227.5,227.5,4.0
4959,227.333,227.333,227.333,227.333,4.0
4960,227.167,227.167,227.167,227.167,4.0
4961,227.0,227.0,227.0,227.0,4.0
4962,226.833,226.833,226.833,226.833,4.0
4963,226.667,226.667,226.667,226.667,4.0
4964,226.5,226.5,226.5,226.5,4.0
4965,226.333,226.333,226.333,226.333,4.0
4966,226.167,226.167,226.167,226.167,4.0
4967,226.0,226.0,226.0,226.0,4.0
4968,225.833,225.833,225.833,225.833,4.0
4969,225.667,225.667,225.667,225.667,4.0
4970,225.5,225.5,225.5,225.5,4.0
4971,225.333,225.333,225.333,225.333,4.0
4972,225.167,225.167,225.167,225.167,4.0
4973,225.0,225.0,225.0,225.0,4.0
4974,224.833,224.833,224.833,224.833,4.0
4975,224.667,224.667,224.667,224.667,4.0
4976,224.5,224.5,224.5,224.5,4.0
4977,224.333,224.333,224.333,224.333,4.0
4978,224.167,224.167,224.167,224.167,4.0
4979,224.0,224.0,224.0,224.0,4.0
4980,223.833,223.833,223.833,223.833,4.0
4981,223.667,223.667,223.667,223.667,4.0
4982,223.5,223.5,223.5,223.5,4.0
4983,223.333,223.333,223.333,223.333,4.0
4984,223.167,223.167,223.167,223.167,4.0
4985,223.0,223.0,223.0,223.0,4.0
4986,222.833,222.833,222.833,222.833,4.0
4987,222.667,222.667,222.667,222.667,4.0
4988,222.5,222.5,222.5,222.5,4.0
4989,222.333,222.333,222.333,222.333,4.0
4990,222.167,222.167,222.167,222.167,4.0
4991,222.0,222.0,222.0,222.0,4.0
4992,221.833,221.833,221.833,221.833,4.0
4993,221.667,221.667,221.667,221.667,4.0
4994,221.5,221.5,221.5,221.5,4.0
4995,221.333,221.333,221.333,221.333,4.0
4996,221.167,221.167,221.167,221.167,4.0
4997,221.0,221.0,221.0,221.0,4.0
4998,220.833,220.833,220.833,220.833,4.0
4999,220.667,220.667,220.667,220.667,4.0
5000,220.5,220.5,220.5,220.5,4.0
5001,220.333,220.333,220.333,220.333,4.0
5002,220.167,220.167,220.167,220.167,4.0
5003,220.0,220.0,220.0,220.0,4.0
5004,219.833,219.833,219.833,219.833,4.0
5005,219.667,219.667,219.667,219.667,4.0
5006,219.5,219.5,219.5,219.5,4.0
5007,219.333,219.333,219.333,219.333,4.0
5008,219.167,219.167,219.167,219.167,4.0
5009,219.0,219.0,219.0,219.0,4.0
5010,218.833,218.833,218.833,218.833,4.0
5011,218.667,218.667,218.667,218.667,4.0
5012,218.5,218.5,218.5,218.5,4.0
5013,218.333,218.333,218.333,218.333,4.0
5014,218.167,218.167,218.167,218.167,4.0
5015,218.0,218.0,218.0,218.0,4.0
5016,217.833,217.833,217.833,217.833,4.0
5017,217.667,217.667,217.667,217.667,4.0
5018,217.5,217.5,217.5,217.5,4.0
5019,217.333,217.333,217.333,217.333,4.0
5020,217.167,217.167,217.167,217.167,4.0
5021,217.0,217.0,217.0,217.0,4.0
5022,216.833,216.833,216.833,216.833,4.0
5023,216.667,216.667,216.667,216.667,4.0
5024,216.5,216.5,216.5,216.5,4.0
5025,216.333,216.333,216.333,216.333,4.0
5026,216.167,216.167,216.167,216.167,4.0
5027,216.0,216.0,216.0,216.0,4.0
5028,215.833,215.833,215.833,215.833,4.0
5029,215.667,215.667,215.667,215.667,4.0
5030,215.5,215.5,215.5,215.5,4.0
5031,215.333,215.333,215.333,215.333,4.0
5032,215.167,215.167,215.167,215.167,4.0
5033,215.0,215.0,215.0,215.0,4.0
5034,214.833,214.833,214.833,214.833,4.0
5035,214.667,214.667,214.667,214.667,4.0
5036,214.5,214.5,214.5,214.5,4.0
5037,214.333,214.333,214.333,214.333,4.0
5038,214.167,214.167,214.167,214.167,4.0
5039,214.0,214.0,214.0,214.0,4.0
5040,213.833,213.833,213.833,213.833,4.0
5041,213.667,213.667,213.667,213.667,4.0
5042,213.5,213.5,213.5,213.5,4.0
5043,213.333,213.333,213.333,213.333,4.0
5044,213.167,213.167,213.167,213.167,4.0
5045,213.0,213.0,213.0,213.0,4.0
5046,212.833,212.833,212.833,212.833,4.0
5047,212.667,212.667,212.667,212.667,4.0
5048,212.5,212.5,212.5,212.5,4.0
5049,212.333,212.333,212.333,212.333,4.0
5050,212.167,212.167,212.167,212.167,4.0
5051,212.0,212.0,212.0,212.0,4.0
5052,211.833,211.833,211.833,211.833,4.0
5053,211.667,211.667,211.667,211.667,4.0
5054,211.5,211.5,211.5,211.5,4.0
5055,211.333,211.333,211.333,211.333,4.0
5056,211.167,211.167,211.167,211.167,4.0
5057,211.0,211.0,211.0,211.0,4.0
5058,210.833,210.833,210.833,210.833,4.0
5059,210.667,210.667,210.667,210.667,4.0
5060,210.5,210.5,210.5,210.5,4.0
5061,210.333,210.333,210.333,210.333,4.0
5062,210.167,210.167,210.167,210.167,4.0
5063,210.0,210.0,210.0,210.0,4.0
5064,209.833,209.833,209.833,209.833,4.0
5065,209.667,209.667,209.667,209.667,4.0
5066,209.5,209.5,209.5,209.5,4.0
5067,209.333,209.333,209.333,209.333,4.0
5068,209.167,209.167,209.167,209.167,4.0
5069,209.0,209.0,209.0,209.0,4.0
5070,208.833,208.833,208.833,208.833,4.0
5071,208.667,208.667,208.667,208.667,4.0
5072,208.5,208.5,208.5,208.5,4.0
5073,208.333,208.333,208.333,208.333,4.0
5074,208.167,208.167,208.167,208.167,4.0
5075,208.0,208.0,208.0,208.0,4.0
5076,207.833,207.833,207.833,207.833,4.0
5077,207.667,207.667,207.667,207.667,4.0
5078,207.5,207.5,207.5,207.5,4.0
5079,207.333,207.333,207.333,207.333,4.0
5080,207.167,207.167,207.167,207.167,4.0
5081,207.0,207.0,207.0,207.0,4.0
5082,206.833,206.833,206.833,206.833,4.0
5083,206.667,206.667,206.667,206.667,4.0
5084,206.5,206.5,206.5,206.5,4.0
5085,206.333,206.333,206.333,206.333,4.0
5086,206.167,206.167,206.167,206.167,4.0
5087,206.0,206.0,206.0,206.0,4.0
5088,205.833,205.833,205.833,205.833,4.0
5089,205.667,205.667,205.667,205.667,4.0
5090,205.5,205.5,205.5,205.5,4.0
5091,205.333,205.333,205.333,205.333,4.0
5092,205.167,205.167,205.167,205.167,4.0
5093,205.0,205.0,205.0,205.0,4.0
5094,204.833,204.833,204.833,204.833,4.0
5095,204.667,204.667,204.667,204.667,4.0
5096,204.5,204.5,204.5,204.5,4.0
5097,204.333,204.333,204.333,204.333,4.0
5098,204.167,204.167,204.167,204.167,4.0
5099,204.0,204.0,204.0,204.0,4.0
5100,203.833,203.833,203.833,203.833,4.0
5101,203.667,203.667,203.667,203.667,4.0
5102,203.5,203.5,203.5,203.5,4.0
5103,203.333,203.333,203.333,203.333,4.0
5104,203.167,203.167,203.167,203.167,4.0
5105,203.0,203.0,203.0,203.0,4.0
5106,202.833,202.833,202.833,202.833,4.0
5107,202.667,202.667,202.667,202.667,4.0
5108,202.5,202.5,202.5,202.5,4.0
5109,202.333,202.333,202.333,202.333,4.0
5110,202.167,202.167,202.167,202.167,4.0
5111,202.0,202.0,202.0,202.0,4.0
5112,201.833,201.833,201.833,201.833,4.0
5113,201.667,201.667,201.667,201.667,4.0
5114,201.5,201.5,201.5,201.5,4.0
5115,201.333,201.333,201.333,201.333,4.0
5116,201.167,201.167,201.167,201.167,4.0
5117,201.0,201.0,201.0,201.0,4.0
5118,200.833,200.833,200.833,200.833,4.0
5119,200.667,200.667,200.667,200.667,4.0
5120,200.5,200.5,200.5,200.5,4.0
5121,200.333,200.333,200.333,200.333,4.0
5122,200.167,200.167,200.167,200.167,4.0
5123,200.0,200.0,200.0,200.0,4.0
5124,199.833,199.833,199.833,199.833,4.0
5125,199.667,199.667,199.667,199.667,4.0
5126,199.5,199.5,199.5,199.5,4.0
5127,199.333,199.333,199.333,199.333,4.0
5128,199.167,199.167,199.167,199.167,4.0
5129,199.0,199.0,199.0,199.0,4.0
5130,198.833,198.833,198.833,198.833,4.0
5131,198.667,198.667,198.667,198.667,4.0
5132,198.5,198.5,198.5,198.5,4.0
5133,198.333,198.333,198.333,198.333,4.0
5134,198.167,198.167,198.167,198.167,4.0
5135,198.0,198.0,198.0,198.0,4.0
5136,197.833,197.833,197.833,197.833,4.0
5137,197.667,197.667,197.667,197.667,4.0
5138,197.5,197.5,197.5,197.5,4.0
5139,197.333,197.333,197.333,197.333,4.0
5140,197.167,197.167,197.167,197.167,4.0
5141,197.0,197.0,197.0,197.0,4.0
5142,196.833,196.833,196.833,196.833,4.0
5143,196.667,196.667,196.667,196.667,4.0
5144,196.5,196.5,196.5,196.5,4.0
5145,196.333,196.333,196.333,196.333,4.0
5146,196.167,196.167,196.167,196.167,4.0
5147,196.0,196.0,196.0,196.0,4.0
5148,195.833,195.833,195.833,195.833,4.0
5149,195.667,195.667,195.667,195.667,4.0
5150,195.5,195.5,195.5,195.5,4.0
5151,195.333,195.333,195.333,195.333,4.0
5152,195.167,195.167,195.167,195.167,4.0
5153,195.0,195.0,195.0,195.0,4.0
5154,194.833,194.833,194.833,194.833,4.0
5155,194.667,194.667,194.667,194.667,4.0
5156,194.5,194.5,194.5,194.5,4.0
5157,194.333,194.333,194.333,194.333,4.0
5158,194.167,194.167,194.167,194.167,4.0
5159,194.0,194.0,194.0,194.0,4.0
5160,193.833,193.833,193.833,193.833,4.0
5161,193.667,193.667,193.667,193.667,4.0
5162,193.5,193.5,193.5,193.5,4.0
5163,193.333,193.333,193.333,193.333,4.0
5164,193.167,193.167,193.167,193.167,4.0
5165,193.0,193.0,193.0,193.0,4.0
5166,192.833,192.833,192.833,192.833,4.0
5167,192.667,192.667,192.667,192.667,4.0
5168,192.5,192.5,192.5,192.5,4.0
5169,192.333,192.333,192.333,192.333,4.0
5170,192.167,192.167,192.167,192.167,4.0
5171,192.0,192.0,192.0,192.0,4.0
5172,191.833,191.833,191.833,191.833,4.0
5173,191.667,191.667,191.667,191.667,4.0
5174,191.5,191.5,191.5,191.5,4.0
5175,191.333,191.333,191.333,191.333,4.0
5176,191.167,191.167,191.167,191.167,4.0
5177,191.0,191.0,191.0,191.0,4.0
5178,190.833,190.833,190.833,190.833,4.0
5179,190.667,190.667,190.667,190.667,4.0
5180,190.5,190.5,190.5,190.5,4.0
5181,190.333,190.333,190.333,190.333,4.0
5182,190.167,190.167,190.167,190.167,4.0
5183,190.0,190.0,190.0,190.0,4.0
5184,189.833,189.833,189.833,189.833,4.0
5185,189.667,189.667,189.667,189.667,4.0
5186,189.5,189.5,189.5,189.5,4.0
5187,189.333,189.333,189.333,189.333,4.0
5188,189.167,189.167,189.167,189.167,4.0
5189,189.0,189.0,189.0,189.0,4.0
5190,188.833,188.833,188.833,188.833,4.0
5191,188.667,188.667,188.667,188.667,4.0
5192,188.5,188.5,188.5,188.5,4.0
5193,188.333,188.333,188.333,188.333,4.0
5194,188.167,188.167,188.167,188.167,4.0
5195,188.0,188.0,188.0,188.0,4.0
5196,187.833,187.833,187.833,187.833,4.0
5197,187.667,187.667,187.667,187.667,4.0
5198,187.5,187.5,187.5,187.5,4.0
5199,187.333,187.333,187.333,187.333,4.0
5200,187.167,187.167,187.167,187.167,4.0
5201,187.0,187.0,187.0,187.0,4.0
5202,186.833,186.833,186.833,186.833,4.0
5203,186.667,186.667,186.667,186.667,4.0
5204,186.5,186.5,186.5,186.5,4.0
5205,186.333,186.333,186.333,186.333,4.0
5206,186.167,186.167,186.167,186.167,4.0
5207,186.0,186.0,186.0,186.0,4.0
5208,185.833,185.833,185.833,185.833,4.0
5209,185.667,185.667,185.667,185.667,4.0
5210,185.5,185.5,185.5,185.5,4.0
5211,185.333,185.333,185.333,185.333,4.0
5212,185.167,185.167,185.167,185.167,4.0
5213,185.0,185.0,185.0,185.0,4.0
5214,184.833,184.833,184.833,184.833,4.0
5215,184.667,184.667,184.667,184.667,4.0
5216,184.5,184.5,184.5,184.5,4.0
5217,184.333,184.333,184.333,184.333,4.0
5218,184.167,184.167,184.167,184.167,4.0
5219,184.0,184.0,184.0,184.0,4.0
5220,183.833,183.833,183.833,183.833,4.0
5221,183.667,183.667,183.667,183.667,4.0
5222,183.5,183.5,183.5,183.5,4.0
5223,183.333,183.333,183.333,183.333,4.0
5224,183.167,183.167,183.167,183.167,4.0
5225,183.0,183.0,183.0,183.0,4.0
5226,182.833,182.833,182.833,182.833,4.0
5227,182.667,182.667,182.667,182.667,4.0
5228,182.5,182.5,182.5,182.5,4.0
5229,182.333,182.333,182.333,182.333,4.0
5230,182.167,182.167,182.167,182.167,4.0
5231,182.0,182.0,182.0,182.0,4.0
5232,181.833,181.833,181.833,181.833,4.0
5233,181.667,181.667,181.667,181.667,4.0
5234,181.5,181.5,181.5,181.5,4.0
5235,181.333,181.333,181.333,181.333,4.0
5236,181.167,181.167,181.167,181.167,4.0
5237,181.0,181.0,181.0,181.0,4.0
5238,180.833,180.833,180.833,180.833,4.0
5239,180.667,180.667,180.667,180.667,4.0
5240,180.5,180.5,180.5,180.5,4.0
5241,180.333,180.333,180.333,180.333,4.0
5242,180.167,180.167,180.167,180.167,4.0
5243,180.0,180.0,180.0,180.0,4.0
5244,179.833,179.833,179.833,179.833,4.0
5245,179.667,179.667,179.667,179.667,4.0
5246,179.5,179.5,179.5,179.5,4.0
5247,179.333,179.333,179.333,179.333,4.0
5248,179.167,179.167,179.167,179.167,4.0
5249,179.0,179.0,179.0,179.0,4.0
5250,178.833,178.833,178.833,178.833,4.0
5251,178.667,178.667,178.667,178.667,4.0
5252,178.5,178.5,178.5,178.5,4.0
5253,178.333,178.333,178.333,178.333,4.0
5254,178.167,178.167,178.167,178.167,4.0
5255,178.0,178.0,178.0,178.0,4.0
5256,177.833,177.833,177.833,177.833,4.0
5257,177.667,177.667,177.667,177.667,4.0
5258,177.5,177.5,177.5,177.5,4.0
5259,177.333,177.333,177.333,177.333,4.0
5260,177.167,177.167,177.167,177.167,4.0
5261,177.0,177.0,177.0,177.0,4.0
5262,176.833,176.833,176.833,176.833,4.0
5263,176.667,176.667,176.667,176.667,4.0
5264,176.5,176.5,176.5,176.5,4.0
5265,176.333,176.333,176.333,176.333,4.0
5266,176.167,176.167,176.167,176.167,4.0
5267,176.0,176.0,176.0,176.0,4.0
5268,175.833,175.833,175.833,175.833,4.0
5269,175.667,175.667,175.667,175.667,4.0
5270,175.5,175.5,175.5,175.5,4.0
5271,175.333,175.333,175.333,175.333,4.0
5272,175.167,175.167,175.167,175.167,4.0
5273,175.0,175.0,175.0,175.0,4.0
5274,174.833,174.833,174.833,174.833,4.0
5275,174.667,174.667,174.667,174.667,4.0
5276,174.5,174.5,174.5,174.5,4.0
5277,174.333,174.333,174.333,174.333,4.0
5278,174.167,174.167,174.167,174.167,4.0
5279,174.0,174.0,174.0,174.0,4.0
5280,173.833,173.833,173.833,173.833,4.0
5281,173.667,173.667,173.667,173.667,4.0
5282,173.5,173.5,173.5,173.5,4.0
5283,173.333,173.333,173.333,173.333,4.0
5284,173.167,173.167,173.167,173.167,4.0
5285,173.0,173.0,173.0,173.0,4.0
5286,172.833,172.833,172.833,172.833,4.0
5287,172.667,172.667,172.667,172.667,4.0
5288,172.5,172.5,172.5,172.5,4.0
5289,172.333,172.333,172.333,172.333,4.0
5290,172.167,172.167,172.167,172.167,4.0
5291,172.0,172.0,172.0,172.0,4.0
5292,171.833,171.833,171.833,171.833,4.0
5293,171.667,171.667,171.667,171.667,4.0
5294,171.5,171.5,171.5,171.5,4.0
5295,171.333,171.333,171.333,171.333,4.0
5296,171.167,171.167,171.167,171.167,4.0
5297,171.0,171.0,171.0,171.0,4.0
5298,170.833,170.833,170.833,170.833,4.0
5299,170.667,170.667,170.667,170.667,4.0
5300,170.5,170.5,170.5,170.5,4.0
5301,170.333,170.333,170.333,170.333,4.0
5302,170.167,170.167,170.167,170.167,4.0
5303,170.0,170.0,170.0,170.0,4.0
5304,169.833,169.833,169.833,169.833,4.0
5305,169.667,169.667,169.667,169.667,4.0
5306,169.5,169.5,169.5,169.5,4.0
5307,169.333,169.333,169.333,169.333,4.0
5308,169.167,169.167,169.167,169.167,4.0
5309,169.0,169.0,169.0,169.0,4.0
5310,168.833,168.833,168.833,168.833,4.0
5311,168.667,168.667,168.667,168.667,4.0
5312,168.5,168.5,168.5,168.5,4.0
5313,168.333,168.333,168.333,168.333,4.0
5314,168.167,168.167,168.167,168.167,4.0
5315,168.0,168.0,168.0,168.0,4.0
5316,167.833,167.833,167.833,167.833,4.0
5317,167.667,167.667,167.667,167.667,4.0
5318,167.5,167.5,167.5,167.5,4.0
5319,167.333,167.333,167.333,167.333,4.0
5320,167.167,167.167,167.167,167.167,4.0
5321,167.0,167.0,167.0,167.0,4.0
5322,166.833,166.833,166.833,166.833,4.0
5323,166.667,166.667,166.667,166.667,4.0
5324,166.5,166.5,166.5,166.5,4.0
5325,166.333,166.333,166.333,166.333,4.0
5326,166.167,166.167,166.167,166.167,4.0
5327,166.0,166.0,166.0,166.0,4.0
5328,165.833,165.833,165.833,165.833,4.0
5329,165.667,165.667,165.667,165.667,4.0
5330,165.5,165.5,165.5,165.5,4.0
5331,165.333,165.333,165.333,165.333,4.0
5332,165.167,165.167,165.167,165.167,4.0
5333,165.0,165.0,165.0,165.0,4.0
5334,164.833,164.833,164.833,164.833,4.0
5335,164.667,164.667,164.667,164.667,4.0
5336,164.5,164.5,164.5,164.5,4.0
5337,164.333,164.333,164.333,164.333,4.0
5338,164.167,164.167,164.167,164.167,4.0
5339,164.0,164.0,164.0,164.0,4.0
5340,163.833,163.833,163.833,163.833,4.0
5341,163.667,163.667,163.667,163.667,4.0
5342,163.5,163.5,163.5,163.5,4.0
5343,163.333,163.333,163.333,163.333,4.0
5344,163.167,163.167,163.167,163.167,4.0
5345,163.0,163.0,163.0,163.0,4.0
5346,162.833,162.833,162.833,162.833,4.0
5347,162.667,162.667,162.667,162.667,4.0
5348,162.5,162.5,162.5,162.5,4.0
5349,162.333,162.333,162.333,162.333,4.0
5350,162.167,162.167,162.167,162.167,4.0
5351,162.0,162.0,162.0,162.0,4.0
5352,161.833,161.833,161.833,161.833,4.0
5353,161.667,161.667,161.667,161.667,4.0
5354,161.5,161.5,161.5,161.5,4.0
5355,161.333,161.333,161.333,161.333,4.0
5356,161.167,161.167,161.167,161.167,4.0
5357,161.0,161.0,161.0,161.0,4.0
5358,160.833,160.833,160.833,160.833,4.0
5359,160.667,160.667,160.667,160.667,4.0
5360,160.5,160.5,160.5,160.5,4.0
5361,160.333,160.333,160.333,160.333,4.0
5362,160.167,160.167,160.167,160.167,4.0
5363,160.0,160.0,160.0,160.0,4.0
5364,159.833,159.833,159.833,159.833,4.0
5365,159.667,159.667,159.667,159.667,4.0
5366,159.5,159.5,159.5,159.5,4.0
5367,159.333,159.333,159.333,159.333,4.0
5368,159.167,159.167,159.167,159.167,4.0
5369,159.0,159.0,159.0,159.0,4.0
5370,158.833,158.833,158.833,158.833,4.0
5371,158.667,158.667,158.667,158.667,4.0
5372,158.5,158.5,158.5,158.5,4.0
5373,158.333,158.333,158.333,158.333,4.0
5374,158.167,158.167,158.167,158.167,4.0
5375,158.0,158.0,158.0,158.0,4.0
5376,157.833,157.833,157.833,157.833,4.0
5377,157.667,157.667,157.667,157.667,4.0
5378,157.5,157.5,157.5,157.5,4.0
5379,157.333,157.333,157.333,157.333,4.0
5380,157.167,157.167,157.167,157.167,4.0
5381,157.0,157.0,157.0,157.0,4.0
5382,156.833,156.833,156.833,156.833,4.0
5383,156.667,156.667,156.667,156.667,4.0
5384,156.5,156.5,156.5,156.5,4.0
5385,156.333,156.333,156.333,156.333,4.0
5386,156.167,156.167,156.167,156.167,4.0
5387,156.0,156.0,156.0,156.0,4.0
5388,155.833,155.833,155.833,155.833,4.0
5389,155.667,155.667,155.667,155.667,4.0
5390,155.5,155.5,155.5,155.5,4.0
5391,155.333,155.333,155.333,155.333,4.0
5392,155.167,155.167,155.167,155.167,4.0
5393,155.0,155.0,155.0,155.0,4.0
5394,154.833,154.833,154.833,154.833,4.0
5395,154.667,154.667,154.667,154.667,4.0
5396,154.5,154.5,154.5,154.5,4.0
5397,154.333,154.333,154.333,154.333,4.0
5398,154.167,154.167,154.167,154.167,4.0
5399,154.0,154.0,154.0,154.0,4.0
5400,153.833,153.833,153.833,153.833,4.0
5401,153.667,153.667,153.667,153.667,4.0
5402,153.5,153.5,153.5,153.5,4.0
5403,153.333,153.333,153.333,153.333,4.0
5404,153.167,153.167,153.167,153.167,4.0
5405,153.0,153.0,153.0,153.0,4.0
5406,152.833,152.833,152.833,152.833,4.0
5407,152.667,152.667,152.667,152.667,4.0
5408,152.5,152.5,152.5,152.5,4.0
5409,152.333,152.333,152.333,152.333,4.0
5410,152.167,152.167,152.167,152.167,4.0
5411,152.0,152.0,152.0,152.0,4.0
5412,151.833,151.833,151.833,151.833,4.0
5413,151.667,151.667,151.667,151.667,4.0
5414,151.5,151.5,151.5,151.5,4.0
5415,151.333,151.333,151.333,151.333,4.0
5416,151.167,151.167,151.167,151.167,4.0
5417,151.0,151.0,151.0,151.0,4.0
5418,150.833,150.833,150.833,150.833,4.0
5419,150.667,150.667,150.667,150.667,4.0
5420,150.5,150.5,150.5,150.5,4.0
5421,150.333,150.333,150.333,150.333,4.0
5422,150.167,150.167,150.167,150.167,4.0
5423,150.0,150.0,150.0,150.0,4.0
5424,149.833,149.833,149.833,149.833,4.0
5425,149.667,149.667,149.667,149.667,4.0
5426,149.5,149.5,149.5,149.5,4.0
5427,149.333,149.333,149.333,149.333,4.0
5428,149.167,149.167,149.167,149.167,4.0
5429,149.0,149.0,149.0,149.0,4.0
5430,148.833,148.833,148.833,148.833,4.0
5431,148.667,148.667,148.667,148.667,4.0
5432,148.5,148.5,148.5,148.5,4.0
5433,148.333,148.333,148.333,148.333,4.0
5434,148.167,148.167,148.167,148.167,4.0
5435,148.0,148.0,148.0,148.0,4.0
5436,147.833,147.833,147.833,147.833,4.0
5437,147.667,147.667,147.667,147.667,4.0
5438,147.5,147.5,147.5,147.5,4.0
5439,147.333,147.333,147.333,147.333,4.0
5440,147.167,147.167,147.167,147.167,4.0
5441,147.0,147.0,147.0,147.0,4.0
5442,146.833,146.833,146.833,146.833,4.0
5443,146.667,146.667,146.667,146.667,4.0
5444,146.5,146.5,146.5,146.5,4.0
5445,146.333,146.333,146.333,146.333,4.0
5446,146.167,146.167,146.167,146.167,4.0
5447,146.0,146.0,146.0,146.0,4.0
5448,145.833,145.833,145.833,145.833,4.0
5449,145.667,145.667,145.667,145.667,4.0
5450,145.5,145.5,145.5,145.5,4.0
5451,145.333,145.333,145.333,145.333,4.0
5452,145.167,145.167,145.167,145.167,4.0
5453,145.0,145.0,145.0,145.0,4.0
5454,144.833,144.833,144.833,144.833,4.0
5455,144.667,144.667,144.667,144.667,4.0
5456,144.5,144.5,144.5,144.5,4.0
5457,144.333,144.333,144.333,144.333,4.0
5458,144.167,144.167,144.167,144.167,4.0
5459,144.0,144.0,144.0,144.0,4.0
5460,143.833,143.833,143.833,143.833,4.0
5461,143.667,143.667,143.667,143.667,4.0
5462,143.5,143.5,143.5,143.5,4.0
5463,143.333,143.333,143.333,143.333,4.0
5464,143.167,143.167,143.167,143.167,4.0
5465,143.0,143.0,143.0,143.0,4.0
5466,142.833,142.833,142.833,142.833,4.0
5467,142.667,142.667,142.667,142.667,4.0
5468,142.5,142.5,142.5,142.5,4.0
5469,142.333,142.333,142.333,142.333,4.0
5470,142.167,142.167,142.167,142.167,4.0
5471,142.0,142.0,142.0,142.0,4.0
5472,141.833,141.833,141.833,141.833,4.0
5473,141.667,141.667,141.667,141.667,4.0
5474,141.5,141.5,141.5,141.5,4.0
5475,141.333,141.333,141.333,141.333,4.0
5476,141.167,141.167,141.167,141.167,4.0
5477,141.0,141.0,141.0,141.0,4.0
5478,140.833,140.833,140.833,140.833,4.0
5479,140.667,140.667,140.667,140.667,4.0
5480,140.5,140.5,140.5,140.5,4.0
5481,140.333,140.333,140.333,140.333,4.0
5482,140.167,140.167,140.167,140.167,4.0
5483,140.0,140.0,140.0,140.0,4.0
5484,139.833,139.833,139.833,139.833,4.0
5485,139.667,139.667,139.667,139.667,4.0
5486,139.5,139.5,139.5,139.5,4.0
5487,139.333,139.333,139.333,139.333,4.0
5488,139.167,139.167,139.167,139.167,4.0
5489,139.0,139.0,139.0,139.0,4.0
5490,138.833,138.833,138.833,138.833,4.0
5491,138.667,138.667,138.667,138.667,4.0
5492,138.5,138.5,138.5,138.5,4.0
5493,138.333,138.333,138.333,138.333,4.0
5494,138.167,138.167,138.167,138.167,4.0
5495,138.0,138.0,138.0,138.0,4.0
5496,137.833,137.833,137.833,137.833,4.0
5497,137.667,137.667,137.667,137.667,4.0
5498,137.5,137.5,137.5,137.5,4.0
5499,137.333,137.333,137.333,137.333,4.0
5500,137.167,137.167,137.167,137.167,4.0
5501,137.0,137.0,137.0,137.0,4.0
5502,136.833,136.833,136.833,136.833,4.0
5503,136.667,136.667,136.667,136.667,4.0
5504,136.5,136.5,136.5,136.5,4.0
5505,136.333,136.333,136.333,136.333,4.0
5506,136.167,136.167,136.167,136.167,4.0
5507,136.0,136.0,136.0,136.0,4.0
5508,135.833,135.833,135.833,135.833,4.0
5509,135.667,135.667,135.667,135.667,4.0
5510,135.5,135.5,135.5,135.5,4.0
5511,135.333,135.333,135.333,135.333,4.0
5512,135.167,135.167,135.167,135.167,4.0
5513,135.0,135.0,135.0,135.0,4.0
5514,134.833,134.833,134.833,134.833,4.0
5515,134.667,134.667,134.667,134.667,4.0
5516,134.5,134.5,134.5,134.5,4.0
5517,134.333,134.333,134.333,134.333,4.0
5518,134.167,134.167,134.167,134.167,4.0
5519,134.0,134.0,134.0,134.0,4.0
5520,133.833,133.833,133.833,133.833,4.0
5521,133.667,133.667,133.667,133.667,4.0
5522,133.5,133.5,133.5,133.5,4.0
5523,133.333,133.333,133.333,133.333,4.0
5524,133.167,133.167,133.167,133.167,4.0
5525,133.0,133.0,133.0,133.0,4.0
5526,132.833,132.833,132.833,132.833,4.0
5527,132.667,132.667,132.667,132.667,4.0
5528,132.5,132.5,132.5,132.5,4.0
5529,132.333,132.333,132.333,132.333,4.0
5530,132.167,132.167,132.167,132.167,4.0
5531,132.0,132.0,132.0,132.0,4.0
5532,131.833,131.833,131.833,131.833,4.0
5533,131.667,131.667,131.667,131.667,4.0
5534,131.5,131.5,131.5,131.5,4.0
5535,131.333,131.333,131.333,131.333,4.0
5536,131.167,131.167,131.167,131.167,4.0
5537,131.0,131.0,131.0,131.0,4.0
5538,130.833,130.833,130.833,130.833,4.0
5539,130.667,130.667,130.667,130.667,4.0
5540,130.5,130.5,130.5,130.5,4.0
5541,130.333,130.333,130.333,130.333,4.0
5542,130.167,130.167,130.167,130.167,4.0
5543,130.0,130.0,130.0,130.0,4.0
5544,129.833,129.833,129.833,129.833,4.0
5545,129.667,129.667,129.667,129.667,4.0
5546,129.5,129.5,129.5,129.5,4.0
5547,129.333,129.333,129.333,129.333,4.0
5548,129.167,129.167,129.167,129.167,4.0
5549,129.0,129.0,129.0,129.0,4.0
5550,128.833,128.833,128.833,128.833,4.0
5551,128.667,128.667,128.667,128.667,4.0
5552,128.5,128.5,128.5,128.5,4.0
5553,128.333,128.333,128.333,128.333,4.0
5554,128.167,128.167,128.167,128.167,4.0
5555,128.0,128.0,128.0,128.0,4.0
5556,127.833,127.833,127.833,127.833,4.0
5557,127.667,127.667,127.667,127.667,4.0
5558,127.5,127.5,127.5,127.5,4.0
5559,127.333,127.333,127.333,127.333,4.0
5560,127.167,127.167,127.167,127.167,4.0
5561,127.0,127.0,127.0,127.0,4.0
5562,126.833,126.833,126.833,126.833,4.0
5563,126.667,126.667,126.667,126.667,4.0
5564,126.5,126.5,126.5,126.5,4.0
5565,126.333,126.333,126.333,126.333,4.0
5566,126.167,126.167,126.167,126.167,4.0
5567,126.0,126.0,126.0,126.0,4.0
5568,125.833,125.833,125.833,125.833,4.0
5569,125.667,125.667,125.667,125.667,4.0
5570,125.5,125.5,125.5,125.5,4.0
5571,125.333,125.333,125.333,125.333,4.0
5572,125.167,125.167,125.167,125.167,4.0
5573,125.0,125.0,125.0,125.0,4.0
5574,124.833,124.833,124.833,124.833,4.0
5575,124.667,124.667,124.667,124.667,4.0
5576,124.5,124.5,124.5,124.5,4.0
5577,124.333,124.333,124.333,124.333,4.0
5578,124.167,124.167,124.167,124.167,4.0
5579,124.0,124.0,124.0,124.0,4.0
5580,123.833,123.833,123.833,123.833,4.0
5581,123.667,123.667,123.667,123.667,4.0
5582,123.5,123.5,123.5,123.5,4.0
5583,123.333,123.333,123.333,123.333,4.0
5584,123.167,123.167,123.167,123.167,4.0
5585,123.0,123.0,123.0,123.0,4.0
5586,122.833,122.833,122.833,122.833,4.0
5587,122.667,122.667,122.667,122.667,4.0
5588,122.5,122.5,122.5,122.5,4.0
5589,122.333,122.333,122.333,122.333,4.0
5590,122.167,122.167,122.167,122.167,4.0
5591,122.0,122.0,122.0,122.0,4.0
5592,121.833,121.833,121.833,121.833,4.0
5593,121.667,121.667,121.667,121.667,4.0
5594,121.5,121.5,121.5,121.5,4.0
5595,121.333,121.333,121.333,121.333,4.0
5596,121.167,121.167,121.167,121.167,4.0
5597,121.0,121.0,121.0,121.0,4.0
5598,120.833,120.833,120.833,120.833,4.0
5599,120.667,120.667,120.667,120.667,4.0
5600,120.5,120.5,120.5,120.5,4.0
5601,120.333,120.333,120.333,120.333,4.0
5602,120.167,120.167,120.167,120.167,4.0
5603,120.0,120.0,120.0,120.0,4.0
5604,119.833,119.833,119.833,119.833,4.0
5605,119.667,119.667,119.667,119.667,4.0
5606,119.5,119.5,119.5,119.5,4.0
5607,119.333,119.333,119.333,119.333,4.0
5608,119.167,119.167,119.167,119.167,4.0
5609,119.0,119.0,119.0,119.0,4.0
5610,118.833,118.833,118.833,118.833,4.0
5611,118.667,118.667,118.667,118.667,4.0
5612,118.5,118.5,118.5,118.5,4.0
5613,118.333,118.333,118.333,118.333,4.0
5614,118.167,118.167,118.167,118.167,4.0
5615,118.0,118.0,118.0,118.0,4.0
5616,117.833,117.833,117.833,117.833,4.0
5617,117.667,117.667,117.667,117.667,4.0
5618,117.5,117.5,117.5,117.5,4.0
5619,117.333,117.333,117.333,117.333,4.0
5620,117.167,117.167,117.167,117.167,4.0
5621,117.0,117.0,117.0,117.0,4.0
5622,116.833,116.833,116.833,116.833,4.0
5623,116.667,116.667,116.667,116.667,4.0
5624,116.5,116.5,116.5,116.5,4.0
5625,116.333,116.333,116.333,116.333,4.0
5626,116.167,116.167,116.167,116.167,4.0
5627,116.0,116.0,116.0,116.0,4.0
5628,115.833,115.833,115.833,115.833,4.0
5629,115.667,115.667,115.667,115.667,4.0
5630,115.5,115.5,115.5,115.5,4.0
5631,115.333,115.333,115.333,115.333,4.0
5632,115.167,115.167,115.167,115.167,4.0
5633,115.0,115.0,115.0,115.0,4.0
5634,114.833,114.833,114.833,114.833,4.0
5635,114.667,114.667,114.667,114.667,4.0
5636,114.5,114.5,114.5,114.5,4.0
5637,114.333,114.333,114.333,114.333,4.0
5638,114.167,114.167,114.167,114.167,4.0
5639,114.0,114.0,114.0,114.0,4.0
5640,113.833,113.833,113.833,113.833,4.0
5641,113.667,113.667,113.667,113.667,4.0
5642,113.5,113.5,113.5,113.5,4.0
5643,113.333,113.333,113.333,113.333,4.0
5644,113.167,113.167,113.167,113.167,4.0
5645,113.0,113.0,113.0,113.0,4.0
5646,112.833,112.833,112.833,112.833,4.0
5647,112.667,112.667,112.667,112.667,4.0
5648,112.5,112.5,112.5,112.5,4.0
5649,112.333,112.333,112.333,112.333,4.0
5650,112.167,112.167,112.167,112.167,4.0
5651,112.0,112.0,112.0,112.0,4.0
5652,111.833,111.833,111.833,111.833,4.0
5653,111.667,111.667,111.667,111.667,4.0
5654,111.5,111.5,111.5,111.5,4.0
5655,111.333,111.333,111.333,111.333,4.0
5656,111.167,111.167,111.167,111.167,4.0
5657,111.0,111.0,111.0,111.0,4.0
5658,110.833,110.833,110.833,110.833,4.0
5659,110.667,110.667,110.667,110.667,4.0
5660,110.5,110.5,110.5,110.5,4.0
5661,110.333,110.333,110.333,110.333,4.0
5662,110.167,110.167,110.167,110.167,4.0
5663,110.0,110.0,110.0,110.0,4.0
5664,109.833,109.833,109.833,109.833,4.0
5665,109.667,109.667,109.667,109.667,4.0
5666,109.5,109.5,109.5,109.5,4.0
5667,109.333,109.333,109.333,109.333,4.0
5668,109.167,109.167,109.167,109.167,4.0
5669,109.0,109.0,109.0,109.0,4.0
5670,108.833,108.833,108.833,108.833,4.0
5671,108.667,108.667,108.667,108.667,4.0
5672,108.5,108.5,108.5,108.5,4.0
5673,108.333,108.333,108.333,108.333,4.0
5674,108.167,108.167,108.167,108.167,4.0
5675,108.0,108.0,108.0,108.0,4.0
5676,107.833,107.833,107.833,107.833,4.0
5677,107.667,107.667,107.667,107.667,4.0
5678,107.5,107.5,107.5,107.5,4.0
5679,107.333,107.333,107.333,107.333,4.0
5680,107.167,107.167,107.167,107.167,4.0
5681,107.0,107.0,107.0,107.0,4.0
5682,106.833,106.833,106.833,106.833,4.0
5683,106.667,106.667,106.667,106.667,4.0
5684,106.5,106.5,106.5,106.5,4.0
5685,106.333,106.333,106.333,106.333,4.0
5686,106.167,106.167,106.167,106.167,4.0
5687,106.0,106.0,106.0,106.0,4.0
5688,105.833,105.833,105.833,105.833,4.0
5689,105.667,105.667,105.667,105.667,4.0
5690,105.5,105.5,105.5,105.5,4.0
5691,105.333,105.333,105.333,105.333,4.0
5692,105.167,105.167,105.167,105.167,4.0
5693,105.0,105.0,105.0,105.0,4.0
5694,104.833,104.833,104.833,104.833,4.0
5695,104.667,104.667,104.667,104.667,4.0
5696,104.5,104.5,104.5,104.5,4.0
5697,104.333,104.333,104.333,104.333,4.0
5698,104.167,104.167,104.167,104.167,4.0
5699,104.0,104.0,104.0,104.0,4.0
5700,103.833,103.833,103.833,103.833,4.0
5701,103.667,103.667,103.667,103.667,4.0
5702,103.5,103.5,103.5,103.5,4.0
5703,103.333,103.333,103.333,103.333,4.0
5704,103.167,103.167,103.167,103.167,4.0
5705,103.0,103.0,103.0,103.0,4.0
5706,102.833,102.833,102.833,102.833,4.0
5707,102.667,102.667,102.667,102.667,4.0
5708,102.5,102.5,102.5,102.5,4.0
5709,102.333,102.333,102.333,102.333,4.0
5710,102.167,102.167,102.167,102.167,4.0
5711,102.0,102.0,102.0,102.0,4.0
5712,101.833,101.833,101.833,101.833,4.0
5713,101.667,101.667,101.667,101.667,4.0
5714,101.5,101.5,101.5,101.5,4.0
5715,101.333,101.333,101.333,101.333,4.0
5716,101.167,101.167,101.167,101.167,4.0
5717,101.0,101.0,101.0,101.0,4.0
5718,100.833,100.833,100.833,100.833,4.0
5719,100.667,100.667,100.667,100.667,4.0
5720,100.5,100.5,100.5,100.5,4.0
5721,100.333,100.333,100.333,100.333,4.0
5722,100.167,100.167,100.167,100.167,4.0
5723,100.0,100.0,100.0,100.0,4.0
5724,99.833,99.833,99.833,99.833,4.0
5725,99.667,99.667,99.667,99.667,4.0
5726,99.5,99.5,99.5,99.5,4.0
5727,99.333,99.333,99.333,99.333,4.0
5728,99.167,99.167,99.167,99.167,4.0
5729,99.0,99.0,99.0,99.0,4.0
5730,98.833,98.833,98.833,98.833,4.0
5731,98.667,98.667,98.667,98.667,4.0
5732,98.5,98.5,98.5,98.5,4.0
5733,98.333,98.333,98.333,98.333,4.0
5734,98.167,98.167,98.167,98.167,4.0
5735,98.0,98.0,98.0,98.0,4.0
5736,97.833,97.833,97.833,97.833,4.0
5737,97.667,97.667,97.667,97.667,4.0
5738,97.5,97.5,97.5,97.5,4.0
5739,97.333,97.333,97.333,97.333,4.0
5740,97.167,97.167,97.167,97.167,4.0
5741,97.0,97.0,97.0,97.0,4.0
5742,96.833,96.833,96.833,96.833,4.0
5743,96.667,96.667,96.667,96.667,4.0
5744,96.5,96.5,96.5,96.5,4.0
5745,96.333,96.333,96.333,96.333,4.0
5746,96.167,96.167,96.167,96.167,4.0
5747,96.0,96.0,96.0,96.0,4.0
5748,95.833,95.833,95.833,95.833,4.0
5749,95.667,95.667,95.667,95.667,4.0
5750,95.5,95.5,95.5,95.5,4.0
5751,95.333,95.333,95.333,95.333,4.0
5752,95.167,95.167,95.167,95.167,4.0
5753,95.0,95.0,95.0,95.0,4.0
5754,94.833,94.833,94.833,94.833,4.0
5755,94.667,94.667,94.667,94.667,4.0
5756,94.5,94.5,94.5,94.5,4.0
5757,94.333,94.333,94.333,94.333,4.0
5758,94.167,94.167,94.167,94.167,4.0
5759,94.0,94.0,94.0,94.0,4.0
5760,93.833,93.833,93.833,93.833,4.0
5761,93.667,93.667,93.667,93.667,4.0
5762,93.5,93.5,93.5,93.5,4.0
5763,93.333,93.333,93.333,93.333,4.0
5764,93.167,93.167,93.167,93.167,4.0
5765,93.0,93.0,93.0,93.0,4.0
5766,92.833,92.833,92.833,92.833,4.0
5767,92.667,92.667,92.667,92.667,4.0
5768,92.5,92.5,92.5,92.5,4.0
5769,92.333,92.333,92.333,92.333,4.0
5770,92.167,92.167,92.167,92.167,4.0
5771,92.0,92.0,92.0,92.0,4.0
5772,91.833,91.833,91.833,91.833,4.0
5773,91.667,91.667,91.667,91.667,4.0
5774,91.5,91.5,91.5,91.5,4.0
5775,91.333,91.333,91.333,91.333,4.0
5776,91.167,91.167,91.167,91.167,4.0
5777,91.0,91.0,91.0,91.0,4.0
5778,90.833,90.833,90.833,90.833,4.0
5779,90.667,90.667,90.667,90.667,4.0
5780,90.5,90.5,90.5,90.5,4.0
5781,90.333,90.333,90.333,90.333,4.0
5782,90.167,90.167,90.167,90.167,4.0
5783,90.0,90.0,90.0,90.0,4.0
5784,89.833,89.833,89.833,89.833,4.0
5785,89.667,89.667,89.667,89.667,4.0
5786,89.5,89.5,89.5,89.5,4.0
5787,89.333,89.333,89.333,89.333,4.0
5788,89.167,89.167,89.167,89.167,4.0
5789,89.0,89.0,89.0,89.0,4.0
5790,88.833,88.833,88.833,88.833,4.0
5791,88.667,88.667,88.667,88.667,4.0
5792,88.5,88.5,88.5,88.5,4.0
5793,88.333,88.333,88.333,88.333,4.0
5794,88.167,88.167,88.167,88.167,4.0
5795,88.0,88.0,88.0,88.0,4.0
5796,87.833,87.833,87.833,87.833,4.0
5797,87.667,87.667,87.667,87.667,4.0
5798,87.5,87.5,87.5,87.5,4.0
5799,87.333,87.333,87.333,87.333,4.0
5800,87.167,87.167,87.167,87.167,4.0
5801,87.0,87.0,87.0,87.0,4.0
5802,86.833,86.833,86.833,86.833,4.0
5803,86.667,86.667,86.667,86.667,4.0
5804,86.5,86.5,86.5,86.5,4.0
5805,86.333,86.333,86.333,86.333,4.0
5806,86.167,86.167,86.167,86.167,4.0
5807,86.0,86.0,86.0,86.0,4.0
5808,85.833,85.833,85.833,85.833,4.0
5809,85.667,85.667,85.667,85.667,4.0
5810,85.5,85.5,85.5,85.5,4.0
5811,85.333,85.333,85.333,85.333,4.0
5812,85.167,85.167,85.167,85.167,4.0
5813,85.0,85.0,85.0,85.0,4.0
5814,84.833,84.833,84.833,84.833,4.0
5815,84.667,84.667,84.667,84.667,4.0
5816,84.5,84.5,84.5,84.5,4.0
5817,84.333,84.333,84.333,84.333,4.0
5818,84.167,84.167,84.167,84.167,4.0
5819,84.0,84.0,84.0,84.0,4.0
5820,83.833,83.833,83.833,83.833,4.0
5821,83.667,83.667,83.667,83.667,4.0
5822,83.5,83.5,83.5,83.5,4.0
5823,83.333,83.333,83.333,83.333,4.0
5824,83.167,83.167,83.167,83.167,4.0
5825,83.0,83.0,83.0,83.0,4.0
5826,82.833,82.833,82.833,82.833,4.0
5827,82.667,82.667,82.667,82.667,4.0
5828,82.5,82.5,82.5,82.5,4.0
5829,82.333,82.333,82.333,82.333,4.0
5830,82.167,82.167,82.167,82.167,4.0
5831,82.0,82.0,82.0,82.0,4.0
5832,81.833,81.833,81.833,81.833,4.0
5833,81.667,81.667,81.667,81.667,4.0
5834,81.5,81.5,81.5,81.5,4.0
5835,81.333,81.333,81.333,81.333,4.0
5836,81.167,81.167,81.167,81.167,4.0
5837,81.0,81.0,81.0,81.0,4.0
5838,80.833,80.833,80.833,80.833,4.0
5839,80.667,80.667,80.667,80.667,4.0
5840,80.5,80.5,80.5,80.5,4.0
5841,80.333,80.333,80.333,80.333,4.0
5842,80.167,80.167,80.167,80.167,4.0
5843,80.0,80.0,80.0,80.0,4.0
5844,79.833,79.833,79.833,79.833,4.0
5845,79.667,79.667,79.667,79.667,4.0
5846,79.5,79.5,79.5,79.5,4.0
5847,79.333,79.333,79.333,79.333,4.0
5848,79.167,79.167,79.167,79.167,4.0
5849,79.0,79.0,79.0,79.0,4.0
5850,78.833,78.833,78.833,78.833,4.0
5851,78.667,78.667,78.667,78.667,4.0
5852,78.5,78.5,78.5,78.5,4.0
5853,78.333,78.333,78.333,78.333,4.0
5854,78.167,78.167,78.167,78.167,4.0
5855,78.0,78.0,78.0,78.0,4.0
5856,77.833,77.833,77.833,77.833,4.0
5857,77.667,77.667,77.667,77.667,4.0
5858,77.5,77.5,77.5,77.5,4.0
5859,77.333,77.333,77.333,77.333,4.0
5860,77.167,77.167,77.167,77.167,4.0
5861,77.0,77.0,77.0,77.0,4.0
5862,76.833,76.833,76.833,76.833,4.0
5863,76.667,76.667,76.667,76.667,4.0
5864,76.5,76.5,76.5,76.5,4.0
5865,76.333,76.333,76.333,76.333,4.0
5866,76.167,76.167,76.167,76.167,4.0
5867,76.0,76.0,76.0,76.0,4.0
5868,75.833,75.833,75.833,75.833,4.0
5869,75.667,75.667,75.667,75.667,4.0
5870,75.5,75.5,75.5,75.5,4.0
5871,75.333,75.333,75.333,75.333,4.0
5872,75.167,75.167,75.167,75.167,4.0
5873,75.0,75.0,75.0,75.0,4.0
5874,74.833,74.833,74.833,74.833,4.0
5875,74.667,74.667,74.667,74.667,4.0
5876,74.5,74.5,74.5,74.5,4.0
5877,74.333,74.333,74.333,74.333,4.0
5878,74.167,74.167,74.167,74.167,4.0
5879,74.0,74.0,74.0,74.0,4.0
5880,73.833,73.833,73.833,73.833,4.0
5881,73.667,73.667,73.667,73.667,4.0
5882,73.5,73.5,73.5,73.5,4.0
5883,73.333,73.333,73.333,73.333,4.0
5884,73.167,73.167,73.167,73.167,4.0
5885,73.0,73.0,73.0,73.0,4.0
5886,72.833,72.833,72.833,72.833,4.0
5887,72.667,72.667,72.667,72.667,4.0
5888,72.5,72.5,72.5,72.5,4.0
5889,72.333,72.333,72.333,72.333,4.0
5890,72.167,72.167,72.167,72.167,4.0
5891,72.0,72.0,72.0,72.0,4.0
5892,71.833,71.833,71.833,71.833,4.0
5893,71.667,71.667,71.667,71.667,4.0
5894,71.5,71.5,71.5,71.5,4.0
5895,71.333,71.333,71.333,71.333,4.0
5896,71.167,71.167,71.167,71.167,4.0
5897,71.0,71.0,71.0,71.0,4.0
5898,70.833,70.833,70.833,70.833,4.0
5899,70.667,70.667,70.667,70.667,4.0
5900,70.5,70.5,70.5,70.5,4.0
5901,70.333,70.333,70.333,70.333,4.0
5902,70.167,70.167,70.167,70.167,4.0
5903,70.0,70.0,70.0,70.0,4.0
5904,69.833,69.833,69.833,69.833,4.0
5905,69.667,69.667,69.667,69.667,4.0
5906,69.5,69.5,69.5,69.5,4.0
5907,69.333,69.333,69.333,69.333,4.0
5908,69.167,69.167,69.167,69.167,4.0
5909,69.0,69.0,69.0,69.0,4.0
5910,68.833,68.833,68.833,68.833,4.0
5911,68.667,68.667,68.667,68.667,4.0
5912,68.5,68.5,68.5,68.5,4.0
5913,68.333,68.333,68.333,68.333,4.0
5914,68.167,68.167,68.167,68.167,4.0
5915,68.0,68.0,68.0,68.0,4.0
5916,67.833,67.833,67.833,67.833,4.0
5917,67.667,67.667,67.667,67.667,4.0
5918,67.5,67.5,67.5,67.5,4.0
5919,67.333,67.333,67.333,67.333,4.0
5920,67.167,67.167,67.167,67.167,4.0
5921,67.0,67.0,67.0,67.0,4.0
5922,66.833,66.833,66.833,66.833,4.0
5923,66.667,66.667,66.667,66.667,4.0
5924,66.5,66.5,66.5,66.5,4.0
5925,66.333,66.333,66.333,66.333,4.0
5926,66.167,66.167,66.167,66.167,4.0
5927,66.0,66.0,66.0,66.0,4.0
5928,65.833,65.833,65.833,65.833,4.0
5929,65.667,65.667,65.667,65.667,4.0
5930,65.5,65.5,65.5,65.5,4.0
5931,65.333,65.333,65.333,65.333,4.0
5932,65.167,65.167,65.167,65.167,4.0
5933,65.0,65.0,65.0,65.0,4.0
5934,64.833,64.833,64.833,64.833,4.0
5935,64.667,64.667,64.667,64.667,4.0
5936,64.5,64.5,64.5,64.5,4.0
5937,64.333,64.333,64.333,64.333,4.0
5938,64.167,64.167,64.167,64.167,4.0
5939,64.0,64.0,64.0,64.0,4.0
5940,63.833,63.833,63.833,63.833,4.0
5941,63.667,63.667,63.667,63.667,4.0
5942,63.5,63.5,63.5,63.5,4.0
5943,63.333,63.333,63.333,63.333,4.0
5944,63.167,63.167,63.167,63.167,4.0
5945,63.0,63.0,63.0,63.0,4.0
5946,62.833,62.833,62.833,62.833,4.0
5947,62.667,62.667,62.667,62.667,4.0
5948,62.5,62.5,62.5,62.5,4.0
5949,62.333,62.333,62.333,62.333,4.0
5950,62.167,62.167,62.167,62.167,4.0
5951,62.0,62.0,62.0,62.0,4.0
5952,61.833,61.833,61.833,61.833,4.0
5953,61.667,61.667,61.667,61.667,4.0
5954,61.5,61.5,61.5,61.5,4.0
5955,61.333,61.333,61.333,61.333,4.0
5956,61.167,61.167,61.167,61.167,4.0
5957,61.0,61.0,61.0,61.0,4.0
5958,60.833,60.833,60.833,60.833,4.0
5959,60.667,60.667,60.667,60.667,4.0
5960,60.5,60.5,60.5,60.5,4.0
5961,60.333,60.333,60.333,60.333,4.0
5962,60.167,60.167,60.167,60.167,4.0
5963,60.0,60.0,60.0,60.0,4.0
5964,59.833,59.833,59.833,59.833,4.0
5965,59.667,59.667,59.667,59.667,4.0
5966,59.5,59.5,59.5,59.5,4.0
5967,59.333,59.333,59.333,59.333,4.0
5968,59.167,59.167,59.167,59.167,4.0
5969,59.0,59.0,59.0,59.0,4.0
5970,58.833,58.833,58.833,58.833,4.0
5971,58.667,58.667,58.667,58.667,4.0
5972,58.5,58.5,58.5,58.5,4.0
5973,58.333,58.333,58.333,58.333,4.0
5974,58.167,58.167,58.167,58.167,4.0
5975,58.0,58.0,58.0,58.0,4.0
5976,57.833,57.833,57.833,57.833,4.0
5977,57.667,57.667,57.667,57.667,4.0
5978,57.5,57.5,57.5,57.5,4.0
5979,57.333,57.333,57.333,57.333,4.0
5980,57.167,57.167,57.167,57.167,4.0
5981,57.0,57.0,57.0,57.0,4.0
5982,56.833,56.833,56.833,56.833,4.0
5983,56.667,56.667,56.667,56.667,4.0
5984,56.5,56.5,56.5,56.5,4.0
5985,56.333,56.333,56.333,56.333,4.0
5986,56.167,56.167,56.167,56.167,4.0
5987,56.0,56.0,56.0,56.0,4.0
5988,55.833,55.833,55.833,55.833,4.0
5989,55.667,55.667,55.667,55.667,4.0
5990,55.5,55.5,55.5,55.5,4.0
5991,55.333,55.333,55.333,55.333,4.0
5992,55.167,55.167,55.167,55.167,4.0
5993,55.0,55.0,55.0,55.0,4.0
5994,54.833,54.833,54.833,54.833,4.0
5995,54.667,54.667,54.667,54.667,4.0
5996,54.5,54.5,54.5,54.5,4.0
5997,54.333,54.333,54.333,54.333,4.0
5998,54.167,54.167,54.167,54.167,4.0
5999,54.0,54.0,54.0,54.0,4.0
6000,53.833,53.833,53.833,53.833,4.0
6001,53.667,53.667,53.667,53.667,4.0
6002,53.5,53.5,53.5,53.5,4.0
6003,53.333,53.333,53.333,53.333,4.0
6004,53.167,53.167,53.167,53.167,4.0
6005,53.0,53.0,53.0,53.0,4.0
6006,52.833,52.833,52.833,52.833,4.0
6007,52.667,52.667,52.667,52.667,4.0
6008,52.5,52.5,52.5,52.5,4.0
6009,52.333,52.333,52.333,52.333,4.0
6010,52.167,52.167,52.167,52.167,4.0
6011,52.0,52.0,52.0,52.0,4.0
6012,51.833,51.833,51.833,51.833,4.0
6013,51.667,51.667,51.667,51.667,4.0
6014,51.5,51.5,51.5,51.5,4.0
6015,51.333,51.333,51.333,51.333,4.0
6016,51.167,51.167,51.167,51.167,4.0
6017,51.0,51.0,51.0,51.0,4.0
6018,50.833,50.833,50.833,50.833,4.0
6019,50.667,50.667,50.667,50.667,4.0
6020,50.5,50.5,50.5,50.5,4.0
6021,50.333,50.333,50.333,50.333,4.0
6022,50.167,50.167,50.167,50.167,4.0
6023,50.0,50.0,50.0,50.0,4.0
6024,49.833,49.833,49.833,49.833,4.0
6025,49.667,49.667,49.667,49.667,4.0
6026,49.5,49.5,49.5,49.5,4.0
6027,49.333,49.333,49.333,49.333,4.0
6028,49.167,49.167,49.167,49.167,4.0
6029,49.0,49.0,49.0,49.0,4.0
6030,48.833,48.833,48.833,48.833,4.0
6031,48.667,48.667,48.667,48.667,4.0
6032,48.5,48.5,48.5,48.5,4.0
6033,48.333,48.333,48.333,48.333,4.0
6034,48.167,48.167,48.167,48.167,4.0
6035,48.0,48.0,48.0,48.0,4.0
6036,47.833,47.833,47.833,47.833,4.0
6037,47.667,47.667,47.667,47.667,4.0
6038,47.5,47.5,47.5,47.5,4.0
6039,47.333,47.333,47.333,47.333,4.0
6040,47.167,47.167,47.167,47.167,4.0
6041,47.0,47.0,47.0,47.0,4.0
6042,46.833,46.833,46.833,46.833,4.0
6043,46.667,46.667,46.667,46.667,4.0
6044,46.5,46.5,46.5,46.5,4.0
6045,46.333,46.333,46.333,46.333,4.0
6046,46.167,46.167,46.167,46.167,4.0
6047,46.0,46.0,46.0,46.0,4.0
6048,45.833,45.833,45.833,45.833,4.0
6049,45.667,45.667,45.667,45.667,4.0
6050,45.5,45.5,45.5,45.5,4.0
6051,45.333,45.333,45.333,45.333,4.0
6052,45.167,45.167,45.167,45.167,4.0
6053,45.0,45.0,45.0,45.0,4.0
6054,44.833,44.833,44.833,44.833,4.0
6055,44.667,44.667,44.667,44.667,4.0
6056,44.5,44.5,44.5,44.5,4.0
6057,44.333,44.333,44.333,44.333,4.0
6058,44.167,44.167,44.167,44.167,4.0
6059,44.0,44.0,44.0,44.0,4.0
6060,43.833,43.833,43.833,43.833,4.0
6061,43.667,43.667,43.667,43.667,4.0
6062,43.5,43.5,43.5,43.5,4.0
6063,43.333,43.333,43.333,43.333,4.0
6064,43.167,43.167,43.167,43.167,4.0
6065,43.0,43.0,43.0,43.0,4.0
6066,42.833,42.833,42.833,42.833,4.0
6067,42.667,42.667,42.667,42.667,4.0
6068,42.5,42.5,42.5,42.5,4.0
6069,42.333,42.333,42.333,42.333,4.0
6070,42.167,42.167,42.167,42.167,4.0
6071,42.0,42.0,42.0,42.0,4.0
6072,41.833,41.833,41.833,41.833,4.0
6073,41.667,41.667,41.667,41.667,4.0
6074,41.5,41.5,41.5,41.5,4.0
6075,41.333,41.333,41.333,41.333,4.0
6076,41.167,41.167,41.167,41.167,4.0
6077,41.0,41.0,41.0,41.0,4.0
6078,40.833,40.833,40.833,40.833,4.0
6079,40.667,40.667,40.667,40.667,4.0
6080,40.5,40.5,40.5,40.5,4.0
6081,40.333,40.333,40.333,40.333,4.0
6082,40.167,40.167,40.167,40.167,4.0
6083,40.0,40.0,40.0,40.0,4.0
6084,39.833,39.833,39.833,39.833,4.0
6085,39.667,39.667,39.667,39.667,4.0
6086,39.5,39.5,39.5,39.5,4.0
6087,39.333,39.333,39.333,39.333,4.0
6088,39.167,39.167,39.167,39.167,4.0
6089,39.0,39.0,39.0,39.0,4.0
6090,38.833,38.833,38.833,38.833,4.0
6091,38.667,38.667,38.667,38.667,4.0
6092,38.5,38.5,38.5,38.5,4.0
6093,38.333,38.333,38.333,38.333,4.0
6094,38.167,38.167,38.167,38.167,4.0
6095,38.0,38.0,38.0,38.0,4.0
6096,37.833,37.833,37.833,37.833,4.0
6097,37.667,37.667,37.667,37.667,4.0
6098,37.5,37.5,37.5,37.5,4.0
6099,37.333,37.333,37.333,37.333,4.0
6100,37.167,37.167,37.167,37.167,4.0
6101,37.0,37.0,37.0,37.0,4.0
6102,36.833,36.833,36.833,36.833,4.0
6103,36.667,36.667,36.667,36.667,4.0
6104,36.5,36.5,36.5,36.5,4.0
6105,36.333,36.333,36.333,36.333,4.0
6106,36.167,36.167,36.167,36.167,4.0
6107,36.0,36.0,36.0,36.0,4.0
6108,35.833,35.833,35.833,35.833,4.0
6109,35.667,35.667,35.667,35.667,4.0
6110,35.5,35.5,35.5,35.5,4.0
6111,35.333,35.333,35.333,35.333,4.0
6112,35.167,35.167,35.167,35.167,4.0
6113,35.0,35.0,35.0,35.0,4.0
6114,34.833,34.833,34.833,34.833,4.0
6115,34.667,34.667,34.667,34.667,4.0
6116,34.5,34.5,34.5,34.5,4.0
6117,34.333,34.333,34.333,34.333,4.0
6118,34.167,34.167,34.167,34.167,4.0
6119,34.0,34.0,34.0,34.0,4.0
6120,33.833,33.833,33.833,33.833,4.0
6121,33.667,33.667,33.667,33.667,4.0
6122,33.5,33.5,33.5,33.5,4.0
6123,33.333,33.333,33.333,33.333,4.0
6124,33.167,33.167,33.167,33.167,4.0
6125,33.0,33.0,33.0,33.0,4.0
6126,32.833,32.833,32.833,32.833,4.0
6127,32.667,32.667,32.667,32.667,4.0
6128,32.5,32.5,32.5,32.5,4.0
6129,32.333,32.333,32.333,32.333,4.0
6130,32.167,32.167,32.167,32.167,4.0
6131,32.0,32.0,32.0,32.0,4.0
6132,31.833,31.833,31.833,31.833,4.0
6133,31.667,31.667,31.667,31.667,4.0
6134,31.5,31.5,31.5,31.5,4.0
6135,31.333,31.333,31.333,31.333,4.0
6136,31.167,31.167,31.167,31.167,4.0
6137,31.0,31.0,31.0,31.0,4.0
6138,30.833,30.833,30.833,30.833,4.0
6139,30.667,30.667,30.667,30.667,4.0
6140,30.5,30.5,30.5,30.5,4.0
6141,30.333,30.333,30.333,30.333,4.0
6142,30.167,30.167,30.167,30.167,4.0
6143,30.0,30.0,30.0,30.0,4.0
6144,29.833,29.833,29.833,29.833,4.0
6145,29.667,29.667,29.667,29.667,4.0
6146,29.5,29.5,29.5,29.5,4.0
6147,29.333,29.333,29.333,29.333,4.0
6148,29.167,29.167,29.167,29.167,4.0
6149,29.0,29.0,29.0,29.0,4.0
6150,28.833,28.833,28.833,28.833,4.0
6151,28.667,28.667,28.667,28.667,4.0
6152,28.5,28.5,28.5,28.5,4.0
6153,28.333,28.333,28.333,28.333,4.0
6154,28.167,28.167,28.167,28.167,4.0
6155,28.0,28.0,28.0,28.0,4.0
6156,27.833,27.833,27.833,27.833,4.0
6157,27.667,27.667,27.667,27.667,4.0
6158,27.5,27.5,27.5,27.5,4.0
6159,27.333,27.333,27.333,27.333,4.0
6160,27.167,27.167,27.167,27.167,4.0
6161,27.0,27.0,27.0,27.0,4.0
6162,26.833,26.833,26.833,26.833,4.0
6163,26.667,26.667,26.667,26.667,4.0
6164,26.5,26.5,26.5,26.5,4.0
6165,26.333,26.333,26.333,26.333,4.0
6166,26.167,26.167,26.167,26.167,4.0
6167,26.0,26.0,26.0,26.0,4.0
6168,25.833,25.833,25.833,25.833,4.0
6169,25.667,25.667,25.667,25.667,4.0
6170,25.5,25.5,25.5,25.5,4.0
6171,25.333,25.333,25.333,25.333,4.0
6172,25.167,25.167,25.167,25.167,4.0
6173,25.0,25.0,25.0,25.0,4.0
6174,24.833,24.833,24.833,24.833,4.0
6175,24.667,24.667,24.667,24.667,4.0
6176,24.5,24.5,24.5,24.5,4.0
6177,24.333,24.333,24.333,24.333,4.0
6178,24.167,24.167,24.167,24.167,4.0
6179,24.0,24.0,24.0,24.0,4.0
6180,23.833,23.833,23.833,23.833,4.0
6181,23.667,23.667,23.667,23.667,4.0
6182,23.5,23.5,23.5,23.5,4.0
6183,23.333,23.333,23.333,23.333,4.0
6184,23.167,23.167,23.167,23.167,4.0
6185,23.0,23.0,23.0,23.0,4.0
6186,22.833,22.833,22.833,22.833,4.0
6187,22.667,22.667,22.667,22.667,4.0
6188,22.5,22.5,22.5,22.5,4.0
6189,22.333,22.333,22.333,22.333,4.0
6190,22.167,22.167,22.167,22.167,4.0
6191,22.0,22.0,22.0,22.0,4.0
6192,21.833,21.833,21.833,21.833,4.0
6193,21.667,21.667,21.667,21.667,4.0
6194,21.5,21.5,21.5,21.5,4.0
6195,21.333,21.333,21.333,21.333,4.0
6196,21.167,21.167,21.167,21.167,4.0
6197,21.0,21.0,21.0,21.0,4.0
6198,20.833,20.833,20.833,20.833,4.0
6199,20.667,20.667,20.667,20.667,4.0
6200,20.5,20.5,20.5,20.5,4.0
6201,20.333,20.333,20.333,20.333,4.0
6202,20.167,20.167,20.167,20.167,4.0
6203,20.0,20.0,20.0,20.0,4.0
6204,19.833,19.833,19.833,19.833,4.0
6205,19.667,19.667,19.667,19.667,4.0
6206,19.5,19.5,19.5,19.5,4.0
6207,19.333,19.333,19.333,19.333,4.0
6208,19.167,19.167,19.167,19.167,4.0
6209,19.0,19.0,19.0,19.0,4.0
6210,18.833,18.833,18.833,18.833,4.0
6211,18.667,18.667,18.667,18.667,4.0
6212,18.5,18.5,18.5,18.5,4.0
6213,18.333,18.333,18.333,18.333,4.0
6214,18.167,18.167,18.167,18.167,4.0
6215,18.0,18.0,18.0,18.0,4.0
6216,17.833,17.833,17.833,17.833,4.0
6217,17.667,17.667,17.667,17.667,4.0
6218,17.5,17.5,17.5,17.5,4.0
6219,17.333,17.333,17.333,17.333,4.0
6220,17.167,17.167,17.167,17.167,4.0
6221,17.0,17.0,17.0,17.0,4.0
6222,16.833,16.833,16.833,16.833,4.0
6223,16.667,16.667,16.667,16.667,4.0
6224,16.5,16.5,16.5,16.5,4.0
6225,16.333,16.333,16.333,16.333,4.0
6226,16.167,16.167,16.167,16.167,4.0
6227,16.0,16.0,16.0,16.0,4.0
6228,15.833,15.833,15.833,15.833,4.0
6229,15.667,15.667,15.667,15.667,4.0
6230,15.5,15.5,15.5,15.5,4.0
6231,15.333,15.333,15.333,15.333,4.0
6232,15.167,15.167,15.167,15.167,4.0
6233,15.0,15.0,15.0,15.0,4.0
6234,14.833,14.833,14.833,14.833,4.0
6235,14.667,14.667,14.667,14.667,4.0
6236,14.5,14.5,14.5,14.5,4.0
6237,14.333,14.333,14.333,14.333,4.0
6238,14.167,14.167,14.167,14.167,4.0
6239,14.0,14.0,14.0,14.0,4.0
6240,13.833,13.833,13.833,13.833,4.0
6241,13.667,13.667,13.667,13.667,4.0
6242,13.5,13.5,13.5,13.5,4.0
6243,13.333,13.333,13.333,13.333,4.0
6244,13.167,13.167,13.167,13.167,4.0
6245,13.0,13.0,13.0,13.0,4.0
6246,12.833,12.833,12.833,12.833,4.0
6247,12.667,12.667,12.667,12.667,4.0
6248,12.5,12.5,12.5,12.5,4.0
6249,12.333,12.333,12.333,12.333,4.0
6250,12.167,12.167,12.167,12.167,4.0
6251,12.0,12.0,12.0,12.0,4.0
6252,11.833,11.833,11.833,11.833,4.0
6253,11.667,11.667,11.667,11.667,4.0
6254,11.5,11.5,11.5,11.5,4.0
6255,11.333,11.333,11.333,11.333,4.0
6256,11.167,11.167,11.167,11.167,4.0
6257,11.0,11.0,11.0,11.0,4.0
6258,10.833,10.833,10.833,10.833,4.0
6259,10.667,10.667,10.667,10.667,4.0
6260,10.5,10.5,10.5,10.5,4.0
6261,10.333,10.333,10.333,10.333,4.0
6262,10.167,10.167,10.167,10.167,4.0
6263,10.0,10.0,10.0,10.0,4.0
6264,9.833,9.833,9.833,9.833,4.0
6265,9.667,9.667,9.667,9.667,4.0
6266,9.5,9.5,9.5,9.5,4.0
6267,9.333,9.333,9.333,9.333,4.0
6268,9.167,9.167,9.167,9.167,4.0
6269,9.0,9.0,9.0,9.0,4.0
6270,8.833,8.833,8.833,8.833,4.0
6271,8.667,8.667,8.667,8.667,4.0
6272,8.5,8.5,8.5,8.5,4.0
6273,8.333,8.333,8.333,8.333,4.0
6274,8.167,8.167,8.167,8.167,4.0
6275,8.0,8.0,8.0,8.0,4.0
6276,7.833,7.833,7.833,7.833,4.0
6277,7.667,7.667,7.667,7.667,4.0
6278,7.5,7.5,7.5,7.5,4.0
6279,7.333,7.333,7.333,7.333,4.0
6280,7.167,7.167,7.167,7.167,4.0
6281,7.0,7.0,7.0,7.0,4.0
6282,6.833,6.833,6.833,6.833,4.0
6283,6.667,6.667,6.667,6.667,4.0
6284,6.5,6.5,6.5,6.5,4.0
6285,6.333,6.333,6.333,6.333,4.0
6286,6.167,6.167,6.167,6.167,4.0
6287,6.0,6.0,6.0,6.0,4.0
6288,5.833,5.833,5.833,5.833,4.0
6289,5.667,5.667,5.667,5.667,4.0
6290,5.5,5.5,5.5,5.5,4.0
6291,5.333,5.333,5.333,5.333,4.0
6292,5.167,5.167,5.167,5.167,4.0
6293,5.0,5.0,5.0,5.0,4.0
6294,4.833,4.833,4.833,4.833,4.0
6295,4.667,4.667,4.667,4.667,4.0
6296,4.5,4.5,4.5,4.5,4.0
6297,4.333,4.333,4.333,4.333,4.0
6298,4.167,4.167,4.167,4.167,4.0
6299,4.0,4.0,4.0,4.0,4.0
6300,3.833,3.833,3.833,3.833,4.0
6301,3.667,3.667,3.667,3.667,4.0
6302,3.5,3.5,3.5,3.5,4.0
6303,3.333,3.333,3.333,3.333,4.0
6304,3.167,3.167,3.167,3.167,4.0
6305,3.0,3.0,3.0,3.0,4.0
6306,2.833,2.833,2.833,2.833,4.0
6307,2.667,2.667,2.667,2.667,4.0
6308,2.5,2.5,2.5,2.5,4.0
6309,2.333,2.333,2.333,2.333,4.0
6310,2.167,2.167,2.167,2.167,4.0
6311,2.0,2.0,2.0,2.0,4.0
6312,1.833,1.833,1.833,1.833,4.0
6313,1.667,1.667,1.667,1.667,4.0
6314,1.5,1.5,1.5,1.5,4.0
6315,1.333,1.333,1.333,1.333,4.0
6316,1.167,1.167,1.167,1.167,4.0
6317,1.0,1.0,1.0,1.0,4.0
6318,0.833,0.833,0.833,0.833,4.0
6319,0.667,0.667,0.667,0.667,4.0
6320,0.5,0.5,0.5,0.5,4.0
6321,0.333,0.333,0.333,0.333,4.0
6322,0.167,0.167,0.167,0.167,4.0
6323,0.0,0.0,0.0,0.0,4.0
